ticker,calendar_quarter,metric,value,period_start,period_end,derived_q4,source_form,source_accn,filed
AMD,2010Q1,diluted_shares,754000000.0,2009-12-27,2010-03-27,False,10-Q,0001193125-11-134452,2011-05-10
AMD,2010Q2,diluted_shares,709000000.0,2010-03-28,2010-06-26,False,10-Q,0001193125-10-177386,2010-08-04
AMD,2010Q3,diluted_shares,713000000.0,2010-06-27,2010-09-25,False,10-Q,0001193125-10-246357,2010-11-03
AMD,2010Q4,diluted_shares,758000000.0,2010-09-26,2010-12-25,False,10-K,0001193125-12-075837,2012-02-24
AMD,2011Q1,diluted_shares,764000000.0,2010-12-26,2011-04-02,False,10-Q,0001193125-11-134452,2011-05-10
AMD,2011Q2,diluted_shares,743000000.0,2011-04-03,2011-07-02,False,10-Q,0001193125-11-218202,2011-08-10
AMD,2011Q3,diluted_shares,741000000.0,2011-07-03,2011-10-01,False,10-Q,0001193125-11-304833,2011-11-09
AMD,2011Q4,diluted_shares,732000000.0,2011-10-02,2011-12-31,False,10-K,0001193125-12-075837,2012-02-24
AMD,2012Q1,diluted_shares,734000000.0,2012-01-01,2012-03-31,False,10-Q,0001193125-12-222047,2012-05-09
AMD,2012Q2,diluted_shares,755000000.0,2012-04-01,2012-06-30,False,10-Q,0001193125-12-332074,2012-08-02
AMD,2012Q3,diluted_shares,745000000.0,2012-07-01,2012-09-29,False,10-Q,0001193125-12-446647,2012-11-01
AMD,2012Q4,diluted_shares,747000000.0,2012-09-30,2012-12-29,False,10-K,0001193125-13-069422,2013-02-21
AMD,2013Q1,diluted_shares,749000000.0,2012-12-30,2013-03-30,False,10-Q,0001193125-13-201635,2013-05-06
AMD,2013Q2,diluted_shares,752000000.0,2013-03-31,2013-06-29,False,10-Q,0001193125-13-315281,2013-08-01
AMD,2013Q3,diluted_shares,764000000.0,2013-06-30,2013-09-28,False,10-Q,0001193125-13-418892,2013-10-30
AMD,2013Q4,diluted_shares,766000000.0,2013-09-29,2013-12-28,False,10-K,0001193125-14-057240,2014-02-18
AMD,2014Q1,diluted_shares,761000000.0,2013-12-29,2014-03-29,False,10-Q,0001193125-14-177314,2014-05-01
AMD,2014Q2,diluted_shares,764000000.0,2014-03-30,2014-06-28,False,10-Q,0001193125-14-289796,2014-07-31
AMD,2014Q3,diluted_shares,785000000.0,2014-06-29,2014-09-27,False,10-Q,0001193125-14-389701,2014-10-30
AMD,2014Q4,diluted_shares,776000000.0,2014-09-28,2014-12-27,False,10-K,0001193125-15-054362,2015-02-19
AMD,2015Q1,diluted_shares,777000000.0,2014-12-28,2015-03-28,False,10-Q,0001193125-15-156842,2015-04-29
AMD,2015Q2,diluted_shares,778000000.0,2015-03-29,2015-06-27,False,10-Q,0001628280-15-005620,2015-07-30
AMD,2015Q3,diluted_shares,785000000.0,2015-06-28,2015-09-26,False,10-Q,0000002488-15-000067,2015-11-03
AMD,2015Q4,diluted_shares,791000000.0,2015-09-27,2015-12-26,False,10-K,0000002488-16-000111,2016-02-18
AMD,2016Q1,diluted_shares,793000000.0,2015-12-27,2016-03-26,False,10-Q,0000002488-16-000124,2016-04-28
AMD,2016Q2,diluted_shares,821000000.0,2016-03-27,2016-06-25,False,10-Q,0000002488-16-000213,2016-07-26
AMD,2016Q3,diluted_shares,815000000.0,2016-06-26,2016-09-24,False,10-Q,0000002488-16-000263,2016-10-26
AMD,2016Q4,diluted_shares,931000000.0,2016-09-25,2016-12-31,False,10-K,0000002488-17-000043,2017-02-21
AMD,2017Q1,diluted_shares,939000000.0,2017-01-01,2017-04-01,False,10-Q,0000002488-17-000107,2017-05-08
AMD,2017Q2,diluted_shares,945000000.0,2017-04-02,2017-07-01,False,10-Q,0000002488-17-000156,2017-08-03
AMD,2017Q3,diluted_shares,1042000000.0,2017-07-02,2017-09-30,False,10-Q,0000002488-17-000227,2017-11-02
AMD,2017Q4,diluted_shares,1037000000.0,2017-10-01,2017-12-30,False,10-K,0000002488-18-000042,2018-02-27
AMD,2018Q1,diluted_shares,1039000000.0,2017-12-31,2018-03-31,False,10-Q,0000002488-18-000068,2018-05-03
AMD,2018Q2,diluted_shares,1147000000.0,2018-04-01,2018-06-30,False,10-Q,0000002488-18-000128,2018-08-02
AMD,2018Q3,diluted_shares,1076000000.0,2018-07-01,2018-09-29,False,10-Q,0000002488-18-000189,2018-10-31
AMD,2018Q4,diluted_shares,1079000000.0,2018-09-30,2018-12-29,False,10-K,0000002488-19-000011,2019-02-08
AMD,2019Q1,diluted_shares,1094000000.0,2018-12-30,2019-03-30,False,10-Q,0000002488-19-000045,2019-05-01
AMD,2019Q2,diluted_shares,1109000000.0,2019-03-31,2019-06-29,False,10-Q,0000002488-19-000104,2019-07-31
AMD,2019Q3,diluted_shares,1117000000.0,2019-06-30,2019-09-28,False,10-Q,0000002488-19-000159,2019-10-30
AMD,2019Q4,diluted_shares,1188000000.0,2019-09-29,2019-12-28,False,10-K,0000002488-20-000008,2020-02-04
AMD,2020Q1,diluted_shares,1224000000.0,2019-12-29,2020-03-28,False,10-Q,0000002488-20-000051,2020-04-29
AMD,2020Q2,diluted_shares,1227000000.0,2020-03-29,2020-06-27,False,10-Q,0000002488-20-000103,2020-07-29
AMD,2020Q3,diluted_shares,1215000000.0,2020-06-28,2020-09-26,False,10-Q,0000002488-20-000164,2020-10-28
AMD,2020Q4,diluted_shares,1226000000.0,2020-09-27,2020-12-26,False,10-K,0001628280-21-001185,2021-01-29
AMD,2021Q1,diluted_shares,1231000000.0,2020-12-27,2021-03-27,False,10-Q,0000002488-21-000056,2021-04-28
AMD,2021Q2,diluted_shares,1232000000.0,2021-03-28,2021-06-26,False,10-Q,0000002488-21-000116,2021-07-28
AMD,2021Q3,diluted_shares,1230000000.0,2021-06-27,2021-09-25,False,10-Q,0000002488-21-000178,2021-10-27
AMD,2022Q1,diluted_shares,1410000000.0,2021-12-26,2022-03-26,False,10-Q,0000002488-22-000078,2022-05-04
AMD,2022Q2,diluted_shares,1632000000.0,2022-03-27,2022-06-25,False,10-Q,0000002488-22-000123,2022-08-03
AMD,2022Q3,diluted_shares,1625000000.0,2022-06-26,2022-09-24,False,10-Q,0000002488-22-000170,2022-11-02
AMD,2023Q1,diluted_shares,1611000000.0,2023-01-01,2023-04-01,False,10-Q,0000002488-23-000076,2023-05-03
AMD,2023Q2,diluted_shares,1627000000.0,2023-04-02,2023-07-01,False,10-Q,0000002488-23-000139,2023-08-02
AMD,2023Q3,diluted_shares,1629000000.0,2023-07-02,2023-09-30,False,10-Q,0000002488-23-000195,2023-11-01
AMD,2024Q1,diluted_shares,1639000000.0,2023-12-31,2024-03-30,False,10-Q,0000002488-24-000056,2024-05-01
AMD,2024Q2,diluted_shares,1637000000.0,2024-03-31,2024-06-29,False,10-Q,0000002488-24-000123,2024-07-31
AMD,2024Q3,diluted_shares,1636000000.0,2024-06-30,2024-09-28,False,10-Q,0000002488-24-000163,2024-10-30
AMD,2025Q1,diluted_shares,1626000000.0,2024-12-29,2025-03-29,False,10-Q,0000002488-25-000047,2025-05-07
AMD,2025Q2,diluted_shares,1630000000.0,2025-03-30,2025-06-28,False,10-Q,0000002488-25-000108,2025-08-06
AMD,2025Q3,diluted_shares,1641000000.0,2025-06-29,2025-09-27,False,10-Q,0000002488-25-000166,2025-11-05
AMD,2010Q1,eps_diluted,0.35,2009-12-27,2010-03-27,False,10-Q,0001193125-11-134452,2011-05-10
AMD,2010Q2,eps_diluted,-0.06,2010-03-28,2010-06-26,False,10-Q,0001193125-10-177386,2010-08-04
AMD,2010Q3,eps_diluted,-0.17,2010-06-27,2010-09-25,False,10-Q,0001193125-10-246357,2010-11-03
AMD,2010Q4,eps_diluted,0.5,2010-09-26,2010-12-25,False,10-K,0001193125-12-075837,2012-02-24
AMD,2011Q1,eps_diluted,0.68,2010-12-26,2011-04-02,False,10-Q,0001193125-11-134452,2011-05-10
AMD,2011Q2,eps_diluted,0.08,2011-04-03,2011-07-02,False,10-Q,0001193125-11-218202,2011-08-10
AMD,2011Q3,eps_diluted,0.13,2011-07-03,2011-10-01,False,10-Q,0001193125-11-304833,2011-11-09
AMD,2011Q4,eps_diluted,-0.24,2011-10-02,2011-12-31,False,10-K,0001193125-12-075837,2012-02-24
AMD,2012Q1,eps_diluted,-0.8,2012-01-01,2012-03-31,False,10-Q,0001193125-12-222047,2012-05-09
AMD,2012Q2,eps_diluted,0.05,2012-04-01,2012-06-30,False,10-Q,0001193125-12-332074,2012-08-02
AMD,2012Q3,eps_diluted,-0.21,2012-07-01,2012-09-29,False,10-Q,0001193125-12-446647,2012-11-01
AMD,2012Q4,eps_diluted,-0.63,2012-09-30,2012-12-29,False,10-K,0001193125-13-069422,2013-02-21
AMD,2013Q1,eps_diluted,-0.19,2012-12-30,2013-03-30,False,10-Q,0001193125-13-201635,2013-05-06
AMD,2013Q2,eps_diluted,-0.1,2013-03-31,2013-06-29,False,10-Q,0001193125-13-315281,2013-08-01
AMD,2013Q3,eps_diluted,0.06,2013-06-30,2013-09-28,False,10-Q,0001193125-13-418892,2013-10-30
AMD,2013Q4,eps_diluted,0.12,2013-09-29,2013-12-28,False,10-K,0001193125-14-057240,2014-02-18
AMD,2014Q1,eps_diluted,-0.03,2013-12-29,2014-03-29,False,10-Q,0001193125-14-177314,2014-05-01
AMD,2014Q2,eps_diluted,-0.05,2014-03-30,2014-06-28,False,10-Q,0001193125-14-289796,2014-07-31
AMD,2014Q3,eps_diluted,0.02,2014-06-29,2014-09-27,False,10-Q,0001193125-14-389701,2014-10-30
AMD,2014Q4,eps_diluted,-0.47,2014-09-28,2014-12-27,False,10-K,0001193125-15-054362,2015-02-19
AMD,2015Q1,eps_diluted,-0.23,2014-12-28,2015-03-28,False,10-Q,0001193125-15-156842,2015-04-29
AMD,2015Q2,eps_diluted,-0.23,2015-03-29,2015-06-27,False,10-Q,0001628280-15-005620,2015-07-30
AMD,2015Q3,eps_diluted,-0.25,2015-06-28,2015-09-26,False,10-Q,0000002488-15-000067,2015-11-03
AMD,2015Q4,eps_diluted,-0.13,2015-09-27,2015-12-26,False,10-K,0000002488-16-000111,2016-02-18
AMD,2016Q1,eps_diluted,-0.14,2015-12-27,2016-03-26,False,10-Q,0000002488-16-000124,2016-04-28
AMD,2016Q2,eps_diluted,0.08,2016-03-27,2016-06-25,False,10-Q,0000002488-16-000213,2016-07-26
AMD,2016Q3,eps_diluted,-0.5,2016-06-26,2016-09-24,False,10-Q,0000002488-16-000263,2016-10-26
AMD,2016Q4,eps_diluted,-0.06,2016-09-25,2016-12-31,False,10-K,0000002488-17-000043,2017-02-21
AMD,2017Q1,eps_diluted,-0.08,2017-01-01,2017-04-01,False,10-Q,0000002488-17-000107,2017-05-08
AMD,2017Q2,eps_diluted,-0.02,2017-04-02,2017-07-01,False,10-Q,0000002488-17-000156,2017-08-03
AMD,2017Q3,eps_diluted,0.07,2017-07-02,2017-09-30,False,10-Q,0000002488-17-000227,2017-11-02
AMD,2017Q4,eps_diluted,0.06,2017-10-01,2017-12-30,False,10-K,0000002488-18-000042,2018-02-27
AMD,2018Q1,eps_diluted,0.08,2017-12-31,2018-03-31,False,10-Q,0000002488-18-000068,2018-05-03
AMD,2018Q2,eps_diluted,0.11,2018-04-01,2018-06-30,False,10-Q,0000002488-18-000128,2018-08-02
AMD,2018Q3,eps_diluted,0.09,2018-07-01,2018-09-29,False,10-Q,0000002488-18-000189,2018-10-31
AMD,2018Q4,eps_diluted,0.04,2018-09-30,2018-12-29,False,10-K,0000002488-19-000011,2019-02-08
AMD,2019Q1,eps_diluted,0.01,2018-12-30,2019-03-30,False,10-Q,0000002488-19-000045,2019-05-01
AMD,2019Q2,eps_diluted,0.03,2019-03-31,2019-06-29,False,10-Q,0000002488-19-000104,2019-07-31
AMD,2019Q3,eps_diluted,0.11,2019-06-30,2019-09-28,False,10-Q,0000002488-19-000159,2019-10-30
AMD,2019Q4,eps_diluted,0.15,2019-09-29,2019-12-28,False,10-K,0000002488-20-000008,2020-02-04
AMD,2020Q1,eps_diluted,0.14,2019-12-29,2020-03-28,False,10-Q,0000002488-20-000051,2020-04-29
AMD,2020Q2,eps_diluted,0.13,2020-03-29,2020-06-27,False,10-Q,0000002488-20-000103,2020-07-29
AMD,2020Q3,eps_diluted,0.32,2020-06-28,2020-09-26,False,10-Q,0000002488-20-000164,2020-10-28
AMD,2020Q4,eps_diluted,1.45,2020-09-27,2020-12-26,False,10-K,0001628280-21-001185,2021-01-29
AMD,2021Q1,eps_diluted,0.45,2020-12-27,2021-03-27,False,10-Q,0000002488-21-000056,2021-04-28
AMD,2021Q2,eps_diluted,0.58,2021-03-28,2021-06-26,False,10-Q,0000002488-21-000116,2021-07-28
AMD,2021Q3,eps_diluted,0.75,2021-06-27,2021-09-25,False,10-Q,0000002488-21-000178,2021-10-27
AMD,2022Q1,eps_diluted,0.56,2021-12-26,2022-03-26,False,10-Q,0000002488-22-000078,2022-05-04
AMD,2022Q2,eps_diluted,0.27,2022-03-27,2022-06-25,False,10-Q,0000002488-22-000123,2022-08-03
AMD,2022Q3,eps_diluted,0.04,2022-06-26,2022-09-24,False,10-Q,0000002488-22-000170,2022-11-02
AMD,2023Q1,eps_diluted,-0.09,2023-01-01,2023-04-01,False,10-Q,0000002488-23-000076,2023-05-03
AMD,2023Q2,eps_diluted,0.02,2023-04-02,2023-07-01,False,10-Q,0000002488-23-000139,2023-08-02
AMD,2023Q3,eps_diluted,0.18,2023-07-02,2023-09-30,False,10-Q,0000002488-23-000195,2023-11-01
AMD,2024Q1,eps_diluted,0.07,2023-12-31,2024-03-30,False,10-Q,0000002488-24-000056,2024-05-01
AMD,2024Q2,eps_diluted,0.16,2024-03-31,2024-06-29,False,10-Q,0000002488-24-000123,2024-07-31
AMD,2024Q3,eps_diluted,0.47,2024-06-30,2024-09-28,False,10-Q,0000002488-24-000163,2024-10-30
AMD,2025Q1,eps_diluted,0.44,2024-12-29,2025-03-29,False,10-Q,0000002488-25-000047,2025-05-07
AMD,2025Q2,eps_diluted,0.54,2025-03-30,2025-06-28,False,10-Q,0000002488-25-000108,2025-08-06
AMD,2025Q3,eps_diluted,0.75,2025-06-29,2025-09-27,False,10-Q,0000002488-25-000166,2025-11-05
AMD,2010Q1,gross_profit,741000000.0,2009-12-27,2010-03-27,False,10-Q,0001193125-11-134452,2011-05-10
AMD,2010Q2,gross_profit,738000000.0,2010-03-28,2010-06-26,False,10-Q,0001193125-10-177386,2010-08-04
AMD,2010Q3,gross_profit,739000000.0,2010-06-27,2010-09-25,False,10-Q,0001193125-10-246357,2010-11-03
AMD,2010Q4,gross_profit,743000000.0,2010-09-26,2010-12-25,False,10-K,0001193125-12-075837,2012-02-24
AMD,2011Q1,gross_profit,691000000.0,2010-12-26,2011-04-02,False,10-Q,0001193125-11-134452,2011-05-10
AMD,2011Q2,gross_profit,720000000.0,2011-04-03,2011-07-02,False,10-Q,0001193125-11-218202,2011-08-10
AMD,2011Q3,gross_profit,756000000.0,2011-07-03,2011-10-01,False,10-Q,0001193125-11-304833,2011-11-09
AMD,2011Q4,gross_profit,773000000.0,2011-10-02,2011-12-31,False,10-K,0001193125-12-075837,2012-02-24
AMD,2012Q1,gross_profit,27000000.0,2012-01-01,2012-03-31,False,10-Q,0001193125-12-222047,2012-05-09
AMD,2012Q2,gross_profit,638000000.0,2012-04-01,2012-06-30,False,10-Q,0001193125-12-332074,2012-08-02
AMD,2012Q3,gross_profit,392000000.0,2012-07-01,2012-09-29,False,10-Q,0001193125-12-446647,2012-11-01
AMD,2012Q4,gross_profit,178000000.0,2012-09-30,2012-12-29,False,10-K,0001193125-13-069422,2013-02-21
AMD,2013Q1,gross_profit,445000000.0,2012-12-30,2013-03-30,False,10-Q,0001193125-13-201635,2013-05-06
AMD,2013Q2,gross_profit,459000000.0,2013-03-31,2013-06-29,False,10-Q,0001193125-13-315281,2013-08-01
AMD,2013Q3,gross_profit,521000000.0,2013-06-30,2013-09-28,False,10-Q,0001193125-13-418892,2013-10-30
AMD,2013Q4,gross_profit,553000000.0,2013-09-29,2013-12-28,False,10-K,0001193125-14-057240,2014-02-18
AMD,2014Q1,gross_profit,487000000.0,2013-12-29,2014-03-29,False,10-Q,0001193125-14-177314,2014-05-01
AMD,2014Q2,gross_profit,498000000.0,2014-03-30,2014-06-28,False,10-Q,0001193125-14-289796,2014-07-31
AMD,2014Q3,gross_profit,494000000.0,2014-06-29,2014-09-27,False,10-Q,0001193125-14-389701,2014-10-30
AMD,2014Q4,gross_profit,360000000.0,2014-09-28,2014-12-27,False,10-K,0001193125-15-054362,2015-02-19
AMD,2015Q1,gross_profit,326000000.0,2014-12-28,2015-03-28,False,10-Q,0001193125-15-156842,2015-04-29
AMD,2015Q2,gross_profit,232000000.0,2015-03-29,2015-06-27,False,10-Q,0001628280-15-005620,2015-07-30
AMD,2015Q3,gross_profit,239000000.0,2015-06-28,2015-09-26,False,10-Q,0000002488-15-000067,2015-11-03
AMD,2015Q4,gross_profit,283000000.0,2015-09-27,2015-12-26,False,10-K,0000002488-16-000111,2016-02-18
AMD,2016Q1,gross_profit,269000000.0,2015-12-27,2016-03-26,False,10-Q,0000002488-16-000124,2016-04-28
AMD,2016Q2,gross_profit,319000000.0,2016-03-27,2016-06-25,False,10-Q,0000002488-16-000213,2016-07-26
AMD,2016Q3,gross_profit,59000000.0,2016-06-26,2016-09-24,False,10-Q,0000002488-16-000263,2016-10-26
AMD,2016Q4,gross_profit,351000000.0,2016-09-25,2016-12-31,False,10-K,0000002488-17-000043,2017-02-21
AMD,2017Q1,gross_profit,331000000.0,2017-01-01,2017-04-01,False,10-Q,0000002488-17-000107,2017-05-08
AMD,2017Q2,gross_profit,404000000.0,2017-04-02,2017-07-01,False,10-Q,0000002488-17-000156,2017-08-03
AMD,2017Q3,gross_profit,573000000.0,2017-07-02,2017-09-30,False,10-Q,0000002488-17-000227,2017-11-02
AMD,2017Q4,gross_profit,515000000.0,2017-10-01,2017-12-30,False,10-K,0000002488-18-000042,2018-02-27
AMD,2018Q1,gross_profit,597000000.0,2017-12-31,2018-03-31,False,10-Q,0000002488-18-000068,2018-05-03
AMD,2018Q2,gross_profit,652000000.0,2018-04-01,2018-06-30,False,10-Q,0000002488-18-000128,2018-08-02
AMD,2018Q3,gross_profit,661000000.0,2018-07-01,2018-09-29,False,10-Q,0000002488-18-000189,2018-10-31
AMD,2018Q4,gross_profit,537000000.0,2018-09-30,2018-12-29,False,10-K,0000002488-19-000011,2019-02-08
AMD,2019Q1,gross_profit,521000000.0,2018-12-30,2019-03-30,False,10-Q,0000002488-19-000045,2019-05-01
AMD,2019Q2,gross_profit,621000000.0,2019-03-31,2019-06-29,False,10-Q,0000002488-19-000104,2019-07-31
AMD,2019Q3,gross_profit,777000000.0,2019-06-30,2019-09-28,False,10-Q,0000002488-19-000159,2019-10-30
AMD,2019Q4,gross_profit,949000000.0,2019-09-29,2019-12-28,False,10-K,0000002488-20-000008,2020-02-04
AMD,2020Q1,gross_profit,818000000.0,2019-12-29,2020-03-28,False,10-Q,0000002488-20-000051,2020-04-29
AMD,2020Q2,gross_profit,848000000.0,2020-03-29,2020-06-27,False,10-Q,0000002488-20-000103,2020-07-29
AMD,2020Q3,gross_profit,1230000000.0,2020-06-28,2020-09-26,False,10-Q,0000002488-20-000164,2020-10-28
AMD,2020Q4,gross_profit,1451000000.0,2020-09-27,2020-12-26,False,10-K,0001628280-21-001185,2021-01-29
AMD,2021Q1,gross_profit,1587000000.0,2020-12-27,2021-03-27,False,10-Q,0000002488-21-000056,2021-04-28
AMD,2021Q2,gross_profit,1830000000.0,2021-03-28,2021-06-26,False,10-Q,0000002488-21-000116,2021-07-28
AMD,2021Q3,gross_profit,2086000000.0,2021-06-27,2021-09-25,False,10-Q,0000002488-21-000178,2021-10-27
AMD,2021Q4,gross_profit,2426000000.0,2021-09-26,2021-12-25,True,10-K,0000002488-22-000016,2022-02-03
AMD,2022Q1,gross_profit,2818000000.0,2021-12-26,2022-03-26,False,10-Q,0000002488-22-000078,2022-05-04
AMD,2022Q2,gross_profit,3028000000.0,2022-03-27,2022-06-25,False,10-Q,0000002488-22-000123,2022-08-03
AMD,2022Q3,gross_profit,2354000000.0,2022-06-26,2022-09-24,False,10-Q,0000002488-22-000170,2022-11-02
AMD,2022Q4,gross_profit,2403000000.0,2022-09-25,2022-12-31,True,10-K,0000002488-23-000047,2023-02-27
AMD,2023Q1,gross_profit,2359000000.0,2023-01-01,2023-04-01,False,10-Q,0000002488-23-000076,2023-05-03
AMD,2023Q2,gross_profit,2443000000.0,2023-04-02,2023-07-01,False,10-Q,0000002488-23-000139,2023-08-02
AMD,2023Q3,gross_profit,2747000000.0,2023-07-02,2023-09-30,False,10-Q,0000002488-23-000195,2023-11-01
AMD,2023Q4,gross_profit,2911000000.0,2023-10-01,2023-12-30,True,10-K,0000002488-24-000012,2024-01-31
AMD,2024Q1,gross_profit,2560000000.0,2023-12-31,2024-03-30,False,10-Q,0000002488-24-000056,2024-05-01
AMD,2024Q2,gross_profit,2864000000.0,2024-03-31,2024-06-29,False,10-Q,0000002488-24-000123,2024-07-31
AMD,2024Q3,gross_profit,3419000000.0,2024-06-30,2024-09-28,False,10-Q,0000002488-24-000163,2024-10-30
AMD,2024Q4,gross_profit,3882000000.0,2024-09-29,2024-12-28,True,10-K,0000002488-25-000012,2025-02-05
AMD,2025Q1,gross_profit,3736000000.0,2024-12-29,2025-03-29,False,10-Q,0000002488-25-000047,2025-05-07
AMD,2025Q2,gross_profit,3059000000.0,2025-03-30,2025-06-28,False,10-Q,0000002488-25-000108,2025-08-06
AMD,2025Q3,gross_profit,4780000000.0,2025-06-29,2025-09-27,False,10-Q,0000002488-25-000166,2025-11-05
AMD,2025Q4,gross_profit,5577000000.0,2025-09-28,2025-12-27,True,10-K,0000002488-26-000018,2026-02-04
AMD,2010Q1,net_income,257000000.0,2009-12-27,2010-03-27,False,10-Q,0001193125-11-134452,2011-05-10
AMD,2010Q2,net_income,-43000000.0,2010-03-28,2010-06-26,False,10-Q,0001193125-10-177386,2010-08-04
AMD,2010Q3,net_income,-118000000.0,2010-06-27,2010-09-25,False,10-Q,0001193125-10-246357,2010-11-03
AMD,2010Q4,net_income,375000000.0,2010-09-26,2010-12-25,False,10-K,0001193125-12-075837,2012-02-24
AMD,2011Q1,net_income,510000000.0,2010-12-26,2011-04-02,False,10-K,0001193125-13-069422,2013-02-21
AMD,2011Q2,net_income,61000000.0,2011-04-03,2011-07-02,False,10-K,0001193125-13-069422,2013-02-21
AMD,2011Q3,net_income,97000000.0,2011-07-03,2011-10-01,False,10-K,0001193125-13-069422,2013-02-21
AMD,2011Q4,net_income,-177000000.0,2011-10-02,2011-12-31,False,10-K,0001193125-13-069422,2013-02-21
AMD,2012Q1,net_income,-590000000.0,2012-01-01,2012-03-31,False,10-K,0001193125-13-069422,2013-02-21
AMD,2012Q2,net_income,37000000.0,2012-04-01,2012-06-30,False,10-K,0001193125-13-069422,2013-02-21
AMD,2012Q3,net_income,-157000000.0,2012-07-01,2012-09-29,False,10-K,0001193125-13-069422,2013-02-21
AMD,2012Q4,net_income,-473000000.0,2012-09-30,2012-12-29,False,10-K,0001193125-13-069422,2013-02-21
AMD,2013Q1,net_income,-146000000.0,2012-12-30,2013-03-30,False,10-Q,0001193125-13-201635,2013-05-06
AMD,2013Q2,net_income,-74000000.0,2013-03-31,2013-06-29,False,10-Q,0001193125-13-315281,2013-08-01
AMD,2013Q3,net_income,48000000.0,2013-06-30,2013-09-28,False,10-Q,0001193125-13-418892,2013-10-30
AMD,2013Q4,net_income,89000000.0,2013-09-29,2013-12-28,False,10-K,0001193125-14-057240,2014-02-18
AMD,2014Q1,net_income,-20000000.0,2013-12-29,2014-03-29,False,10-Q,0001193125-14-177314,2014-05-01
AMD,2014Q2,net_income,-36000000.0,2014-03-30,2014-06-28,False,10-Q,0001193125-14-289796,2014-07-31
AMD,2014Q3,net_income,17000000.0,2014-06-29,2014-09-27,False,10-Q,0001193125-14-389701,2014-10-30
AMD,2014Q4,net_income,-364000000.0,2014-09-28,2014-12-27,False,10-K,0001193125-15-054362,2015-02-19
AMD,2015Q1,net_income,-180000000.0,2014-12-28,2015-03-28,False,10-Q,0001193125-15-156842,2015-04-29
AMD,2015Q2,net_income,-181000000.0,2015-03-29,2015-06-27,False,10-Q,0001628280-15-005620,2015-07-30
AMD,2015Q3,net_income,-197000000.0,2015-06-28,2015-09-26,False,10-Q,0000002488-15-000067,2015-11-03
AMD,2015Q4,net_income,-102000000.0,2015-09-27,2015-12-26,False,10-K,0000002488-16-000111,2016-02-18
AMD,2016Q1,net_income,-109000000.0,2015-12-27,2016-03-26,False,10-Q,0000002488-16-000124,2016-04-28
AMD,2016Q2,net_income,69000000.0,2016-03-27,2016-06-25,False,10-Q,0000002488-16-000213,2016-07-26
AMD,2016Q3,net_income,-406000000.0,2016-06-26,2016-09-24,False,10-Q,0000002488-16-000263,2016-10-26
AMD,2016Q4,net_income,-51000000.0,2016-09-25,2016-12-31,False,10-K,0000002488-18-000042,2018-02-27
AMD,2017Q1,net_income,-73000000.0,2017-01-01,2017-04-01,False,10-Q,0000002488-17-000107,2017-05-08
AMD,2017Q2,net_income,-16000000.0,2017-04-02,2017-07-01,False,10-Q,0000002488-17-000156,2017-08-03
AMD,2017Q3,net_income,71000000.0,2017-07-02,2017-09-30,False,10-Q,0000002488-17-000227,2017-11-02
AMD,2017Q4,net_income,61000000.0,2017-10-01,2017-12-30,False,10-K,0000002488-18-000042,2018-02-27
AMD,2018Q1,net_income,81000000.0,2017-12-31,2018-03-31,False,10-Q,0000002488-18-000068,2018-05-03
AMD,2018Q2,net_income,116000000.0,2018-04-01,2018-06-30,False,10-Q,0000002488-18-000128,2018-08-02
AMD,2018Q3,net_income,102000000.0,2018-07-01,2018-09-29,False,10-Q,0000002488-18-000189,2018-10-31
AMD,2018Q4,net_income,38000000.0,2018-09-30,2018-12-29,False,10-K,0000002488-19-000011,2019-02-08
AMD,2019Q1,net_income,16000000.0,2018-12-30,2019-03-30,False,10-Q,0000002488-19-000045,2019-05-01
AMD,2019Q2,net_income,35000000.0,2019-03-31,2019-06-29,False,10-Q,0000002488-19-000104,2019-07-31
AMD,2019Q3,net_income,120000000.0,2019-06-30,2019-09-28,False,10-Q,0000002488-19-000159,2019-10-30
AMD,2019Q4,net_income,170000000.0,2019-09-29,2019-12-28,False,10-K,0000002488-20-000008,2020-02-04
AMD,2020Q1,net_income,162000000.0,2019-12-29,2020-03-28,False,10-Q,0000002488-20-000051,2020-04-29
AMD,2020Q2,net_income,157000000.0,2020-03-29,2020-06-27,False,10-Q,0000002488-20-000103,2020-07-29
AMD,2020Q3,net_income,390000000.0,2020-06-28,2020-09-26,False,10-Q,0000002488-20-000164,2020-10-28
AMD,2020Q4,net_income,1781000000.0,2020-09-27,2020-12-26,False,10-K,0001628280-21-001185,2021-01-29
AMD,2021Q1,net_income,555000000.0,2020-12-27,2021-03-27,False,10-Q,0000002488-21-000056,2021-04-28
AMD,2021Q2,net_income,710000000.0,2021-03-28,2021-06-26,False,10-Q,0000002488-21-000116,2021-07-28
AMD,2021Q3,net_income,923000000.0,2021-06-27,2021-09-25,False,10-Q,0000002488-21-000178,2021-10-27
AMD,2021Q4,net_income,974000000.0,2021-09-26,2021-12-25,True,10-K,0000002488-22-000016,2022-02-03
AMD,2022Q1,net_income,786000000.0,2021-12-26,2022-03-26,False,10-Q,0000002488-22-000078,2022-05-04
AMD,2022Q2,net_income,447000000.0,2022-03-27,2022-06-25,False,10-Q,0000002488-22-000123,2022-08-03
AMD,2022Q3,net_income,66000000.0,2022-06-26,2022-09-24,False,10-Q,0000002488-22-000170,2022-11-02
AMD,2022Q4,net_income,21000000.0,2022-09-25,2022-12-31,True,10-K,0000002488-23-000047,2023-02-27
AMD,2023Q1,net_income,-139000000.0,2023-01-01,2023-04-01,False,10-Q,0000002488-23-000076,2023-05-03
AMD,2023Q2,net_income,27000000.0,2023-04-02,2023-07-01,False,10-Q,0000002488-23-000139,2023-08-02
AMD,2023Q3,net_income,299000000.0,2023-07-02,2023-09-30,False,10-Q,0000002488-23-000195,2023-11-01
AMD,2023Q4,net_income,667000000.0,2023-10-01,2023-12-30,True,10-K,0000002488-24-000012,2024-01-31
AMD,2024Q1,net_income,123000000.0,2023-12-31,2024-03-30,False,10-Q,0000002488-24-000056,2024-05-01
AMD,2024Q2,net_income,265000000.0,2024-03-31,2024-06-29,False,10-Q,0000002488-24-000123,2024-07-31
AMD,2024Q3,net_income,771000000.0,2024-06-30,2024-09-28,False,10-Q,0000002488-24-000163,2024-10-30
AMD,2024Q4,net_income,482000000.0,2024-09-29,2024-12-28,True,10-K,0000002488-25-000012,2025-02-05
AMD,2025Q1,net_income,709000000.0,2024-12-29,2025-03-29,False,10-Q,0000002488-25-000047,2025-05-07
AMD,2025Q2,net_income,872000000.0,2025-03-30,2025-06-28,False,10-Q,0000002488-25-000108,2025-08-06
AMD,2025Q3,net_income,1243000000.0,2025-06-29,2025-09-27,False,10-Q,0000002488-25-000166,2025-11-05
AMD,2025Q4,net_income,1511000000.0,2025-09-28,2025-12-27,True,10-K,0000002488-26-000018,2026-02-04
AMD,2010Q1,operating_income,182000000.0,2009-12-27,2010-03-27,False,10-Q,0001193125-11-134452,2011-05-10
AMD,2010Q2,operating_income,125000000.0,2010-03-28,2010-06-26,False,10-Q,0001193125-10-177386,2010-08-04
AMD,2010Q3,operating_income,128000000.0,2010-06-27,2010-09-25,False,10-Q,0001193125-10-246357,2010-11-03
AMD,2010Q4,operating_income,413000000.0,2010-09-26,2010-12-25,False,10-K,0001193125-12-075837,2012-02-24
AMD,2011Q1,operating_income,54000000.0,2010-12-26,2011-04-02,False,10-Q,0001193125-11-134452,2011-05-10
AMD,2011Q2,operating_income,105000000.0,2011-04-03,2011-07-02,False,10-Q,0001193125-11-218202,2011-08-10
AMD,2011Q3,operating_income,138000000.0,2011-07-03,2011-10-01,False,10-Q,0001193125-11-304833,2011-11-09
AMD,2011Q4,operating_income,71000000.0,2011-10-02,2011-12-31,False,10-K,0001193125-12-075837,2012-02-24
AMD,2012Q1,operating_income,-580000000.0,2012-01-01,2012-03-31,False,10-Q,0001193125-12-222047,2012-05-09
AMD,2012Q2,operating_income,77000000.0,2012-04-01,2012-06-30,False,10-Q,0001193125-12-332074,2012-08-02
AMD,2012Q3,operating_income,-131000000.0,2012-07-01,2012-09-29,False,10-Q,0001193125-12-446647,2012-11-01
AMD,2012Q4,operating_income,-422000000.0,2012-09-30,2012-12-29,False,10-K,0001193125-13-069422,2013-02-21
AMD,2013Q1,operating_income,-98000000.0,2012-12-30,2013-03-30,False,10-Q,0001193125-13-201635,2013-05-06
AMD,2013Q2,operating_income,-29000000.0,2013-03-31,2013-06-29,False,10-Q,0001193125-13-315281,2013-08-01
AMD,2013Q3,operating_income,95000000.0,2013-06-30,2013-09-28,False,10-Q,0001193125-13-418892,2013-10-30
AMD,2013Q4,operating_income,135000000.0,2013-09-29,2013-12-28,False,10-K,0001193125-14-057240,2014-02-18
AMD,2014Q1,operating_income,49000000.0,2013-12-29,2014-03-29,False,10-Q,0001193125-14-177314,2014-05-01
AMD,2014Q2,operating_income,63000000.0,2014-03-30,2014-06-28,False,10-Q,0001193125-14-289796,2014-07-31
AMD,2014Q3,operating_income,63000000.0,2014-06-29,2014-09-27,False,10-Q,0001193125-14-389701,2014-10-30
AMD,2014Q4,operating_income,-330000000.0,2014-09-28,2014-12-27,False,10-K,0001193125-15-054362,2015-02-19
AMD,2015Q1,operating_income,-137000000.0,2014-12-28,2015-03-28,False,10-Q,0001193125-15-156842,2015-04-29
AMD,2015Q2,operating_income,-137000000.0,2015-03-29,2015-06-27,False,10-Q,0001628280-15-005620,2015-07-30
AMD,2015Q3,operating_income,-158000000.0,2015-06-28,2015-09-26,False,10-Q,0000002488-15-000067,2015-11-03
AMD,2015Q4,operating_income,-49000000.0,2015-09-27,2015-12-26,False,10-K,0000002488-16-000111,2016-02-18
AMD,2016Q1,operating_income,-68000000.0,2015-12-27,2016-03-26,False,10-Q,0000002488-16-000124,2016-04-28
AMD,2016Q2,operating_income,-8000000.0,2016-03-27,2016-06-25,False,10-Q,0000002488-16-000213,2016-07-26
AMD,2016Q3,operating_income,-293000000.0,2016-06-26,2016-09-24,False,10-Q,0000002488-16-000263,2016-10-26
AMD,2016Q4,operating_income,-3000000.0,2016-09-25,2016-12-31,False,10-K,0000002488-17-000043,2017-02-21
AMD,2017Q1,operating_income,-29000000.0,2017-01-01,2017-04-01,False,10-Q,0000002488-17-000107,2017-05-08
AMD,2017Q2,operating_income,25000000.0,2017-04-02,2017-07-01,False,10-Q,0000002488-17-000156,2017-08-03
AMD,2017Q3,operating_income,126000000.0,2017-07-02,2017-09-30,False,10-Q,0000002488-17-000227,2017-11-02
AMD,2017Q4,operating_income,82000000.0,2017-10-01,2017-12-30,False,10-K,0000002488-18-000042,2018-02-27
AMD,2018Q1,operating_income,120000000.0,2017-12-31,2018-03-31,False,10-Q,0000002488-18-000068,2018-05-03
AMD,2018Q2,operating_income,153000000.0,2018-04-01,2018-06-30,False,10-Q,0000002488-18-000128,2018-08-02
AMD,2018Q3,operating_income,150000000.0,2018-07-01,2018-09-29,False,10-Q,0000002488-18-000189,2018-10-31
AMD,2018Q4,operating_income,28000000.0,2018-09-30,2018-12-29,False,10-K,0000002488-19-000011,2019-02-08
AMD,2019Q1,operating_income,38000000.0,2018-12-30,2019-03-30,False,10-Q,0000002488-19-000045,2019-05-01
AMD,2019Q2,operating_income,59000000.0,2019-03-31,2019-06-29,False,10-Q,0000002488-19-000104,2019-07-31
AMD,2019Q3,operating_income,186000000.0,2019-06-30,2019-09-28,False,10-Q,0000002488-19-000159,2019-10-30
AMD,2019Q4,operating_income,348000000.0,2019-09-29,2019-12-28,False,10-K,0000002488-20-000008,2020-02-04
AMD,2020Q1,operating_income,177000000.0,2019-12-29,2020-03-28,False,10-Q,0000002488-20-000051,2020-04-29
AMD,2020Q2,operating_income,173000000.0,2020-03-29,2020-06-27,False,10-Q,0000002488-20-000103,2020-07-29
AMD,2020Q3,operating_income,449000000.0,2020-06-28,2020-09-26,False,10-Q,0000002488-20-000164,2020-10-28
AMD,2020Q4,operating_income,570000000.0,2020-09-27,2020-12-26,False,10-K,0001628280-21-001185,2021-01-29
AMD,2021Q1,operating_income,662000000.0,2020-12-27,2021-03-27,False,10-Q,0000002488-21-000056,2021-04-28
AMD,2021Q2,operating_income,831000000.0,2021-03-28,2021-06-26,False,10-Q,0000002488-21-000116,2021-07-28
AMD,2021Q3,operating_income,948000000.0,2021-06-27,2021-09-25,False,10-Q,0000002488-21-000178,2021-10-27
AMD,2021Q4,operating_income,1207000000.0,2021-09-26,2021-12-25,True,10-K,0000002488-22-000016,2022-02-03
AMD,2022Q1,operating_income,951000000.0,2021-12-26,2022-03-26,False,10-Q,0000002488-22-000078,2022-05-04
AMD,2022Q2,operating_income,526000000.0,2022-03-27,2022-06-25,False,10-Q,0000002488-22-000123,2022-08-03
AMD,2022Q3,operating_income,-64000000.0,2022-06-26,2022-09-24,False,10-Q,0000002488-22-000170,2022-11-02
AMD,2022Q4,operating_income,-149000000.0,2022-09-25,2022-12-31,True,10-K,0000002488-23-000047,2023-02-27
AMD,2023Q1,operating_income,-145000000.0,2023-01-01,2023-04-01,False,10-Q,0000002488-23-000076,2023-05-03
AMD,2023Q2,operating_income,-20000000.0,2023-04-02,2023-07-01,False,10-Q,0000002488-23-000139,2023-08-02
AMD,2023Q3,operating_income,224000000.0,2023-07-02,2023-09-30,False,10-Q,0000002488-23-000195,2023-11-01
AMD,2023Q4,operating_income,342000000.0,2023-10-01,2023-12-30,True,10-K,0000002488-24-000012,2024-01-31
AMD,2024Q1,operating_income,36000000.0,2023-12-31,2024-03-30,False,10-Q,0000002488-24-000056,2024-05-01
AMD,2024Q2,operating_income,269000000.0,2024-03-31,2024-06-29,False,10-Q,0000002488-24-000123,2024-07-31
AMD,2024Q3,operating_income,724000000.0,2024-06-30,2024-09-28,False,10-Q,0000002488-24-000163,2024-10-30
AMD,2024Q4,operating_income,871000000.0,2024-09-29,2024-12-28,True,10-K,0000002488-25-000012,2025-02-05
AMD,2025Q1,operating_income,806000000.0,2024-12-29,2025-03-29,False,10-Q,0000002488-25-000047,2025-05-07
AMD,2025Q2,operating_income,-134000000.0,2025-03-30,2025-06-28,False,10-Q,0000002488-25-000108,2025-08-06
AMD,2025Q3,operating_income,1270000000.0,2025-06-29,2025-09-27,False,10-Q,0000002488-25-000166,2025-11-05
AMD,2025Q4,operating_income,1752000000.0,2025-09-28,2025-12-27,True,10-K,0000002488-26-000018,2026-02-04
AMD,2010Q1,revenue,1574000000.0,2009-12-27,2010-03-27,False,10-Q,0001193125-11-134452,2011-05-10
AMD,2010Q2,revenue,1653000000.0,2010-03-28,2010-06-26,False,10-Q,0001193125-10-177386,2010-08-04
AMD,2010Q3,revenue,1618000000.0,2010-06-27,2010-09-25,False,10-Q,0001193125-10-246357,2010-11-03
AMD,2010Q4,revenue,1649000000.0,2010-09-26,2010-12-25,False,10-K,0001193125-12-075837,2012-02-24
AMD,2011Q1,revenue,1613000000.0,2010-12-26,2011-04-02,False,10-Q,0001193125-11-134452,2011-05-10
AMD,2011Q2,revenue,1574000000.0,2011-04-03,2011-07-02,False,10-Q,0001193125-11-218202,2011-08-10
AMD,2011Q3,revenue,1690000000.0,2011-07-03,2011-10-01,False,10-Q,0001193125-11-304833,2011-11-09
AMD,2011Q4,revenue,1691000000.0,2011-10-02,2011-12-31,False,10-K,0001193125-12-075837,2012-02-24
AMD,2012Q1,revenue,1585000000.0,2012-01-01,2012-03-31,False,10-Q,0001193125-13-201635,2013-05-06
AMD,2012Q2,revenue,1413000000.0,2012-04-01,2012-06-30,False,10-Q,0001193125-13-315281,2013-08-01
AMD,2012Q3,revenue,1269000000.0,2012-07-01,2012-09-29,False,10-Q,0001193125-13-418892,2013-10-30
AMD,2012Q4,revenue,1155000000.0,2012-09-30,2012-12-29,False,10-K,0001193125-13-069422,2013-02-21
AMD,2013Q1,revenue,1088000000.0,2012-12-30,2013-03-30,False,10-Q,0001193125-13-201635,2013-05-06
AMD,2013Q2,revenue,1161000000.0,2013-03-31,2013-06-29,False,10-Q,0001193125-13-315281,2013-08-01
AMD,2013Q3,revenue,1461000000.0,2013-06-30,2013-09-28,False,10-Q,0001193125-13-418892,2013-10-30
AMD,2013Q4,revenue,1589000000.0,2013-09-29,2013-12-28,False,10-K,0001193125-14-057240,2014-02-18
AMD,2014Q1,revenue,1397000000.0,2013-12-29,2014-03-29,False,10-Q,0001193125-14-177314,2014-05-01
AMD,2014Q2,revenue,1441000000.0,2014-03-30,2014-06-28,False,10-Q,0001193125-14-289796,2014-07-31
AMD,2014Q3,revenue,1429000000.0,2014-06-29,2014-09-27,False,10-Q,0001193125-14-389701,2014-10-30
AMD,2014Q4,revenue,1239000000.0,2014-09-28,2014-12-27,False,10-K,0001193125-15-054362,2015-02-19
AMD,2015Q1,revenue,1030000000.0,2014-12-28,2015-03-28,False,10-Q,0001193125-15-156842,2015-04-29
AMD,2015Q2,revenue,942000000.0,2015-03-29,2015-06-27,False,10-Q,0001628280-15-005620,2015-07-30
AMD,2015Q3,revenue,1061000000.0,2015-06-28,2015-09-26,False,10-Q,0000002488-15-000067,2015-11-03
AMD,2015Q4,revenue,958000000.0,2015-09-27,2015-12-26,False,10-K,0000002488-16-000111,2016-02-18
AMD,2016Q1,revenue,832000000.0,2015-12-27,2016-03-26,False,10-Q,0000002488-16-000124,2016-04-28
AMD,2016Q2,revenue,1027000000.0,2016-03-27,2016-06-25,False,10-Q,0000002488-16-000213,2016-07-26
AMD,2016Q3,revenue,1307000000.0,2016-06-26,2016-09-24,False,10-Q,0000002488-16-000263,2016-10-26
AMD,2016Q4,revenue,1106000000.0,2016-09-25,2016-12-31,False,10-K,0000002488-18-000042,2018-02-27
AMD,2017Q1,revenue,1178000000.0,2017-01-01,2017-04-01,False,10-K,0000002488-19-000011,2019-02-08
AMD,2017Q2,revenue,1151000000.0,2017-04-02,2017-07-01,False,10-Q,0000002488-18-000128,2018-08-02
AMD,2017Q3,revenue,1584000000.0,2017-07-02,2017-09-30,False,10-Q,0000002488-18-000189,2018-10-31
AMD,2017Q4,revenue,1340000000.0,2017-10-01,2017-12-30,False,10-K,0000002488-19-000011,2019-02-08
AMD,2018Q1,revenue,1647000000.0,2017-12-31,2018-03-31,False,10-K,0000002488-19-000011,2019-02-08
AMD,2018Q2,revenue,1756000000.0,2018-04-01,2018-06-30,False,10-Q,0000002488-18-000128,2018-08-02
AMD,2018Q3,revenue,1653000000.0,2018-07-01,2018-09-29,False,10-Q,0000002488-18-000189,2018-10-31
AMD,2018Q4,revenue,1419000000.0,2018-09-30,2018-12-29,False,10-K,0000002488-19-000011,2019-02-08
AMD,2019Q1,revenue,1272000000.0,2018-12-30,2019-03-30,False,10-Q,0000002488-19-000045,2019-05-01
AMD,2019Q2,revenue,1531000000.0,2019-03-31,2019-06-29,False,10-Q,0000002488-19-000104,2019-07-31
AMD,2019Q3,revenue,1801000000.0,2019-06-30,2019-09-28,False,10-Q,0000002488-19-000159,2019-10-30
AMD,2019Q4,revenue,2127000000.0,2019-09-29,2019-12-28,False,10-K,0000002488-20-000008,2020-02-04
AMD,2020Q1,revenue,1786000000.0,2019-12-29,2020-03-28,False,10-Q,0000002488-20-000051,2020-04-29
AMD,2020Q2,revenue,1932000000.0,2020-03-29,2020-06-27,False,10-Q,0000002488-20-000103,2020-07-29
AMD,2020Q3,revenue,2801000000.0,2020-06-28,2020-09-26,False,10-Q,0000002488-20-000164,2020-10-28
AMD,2020Q4,revenue,3244000000.0,2020-09-27,2020-12-26,False,10-K,0001628280-21-001185,2021-01-29
AMD,2021Q1,revenue,3445000000.0,2020-12-27,2021-03-27,False,10-Q,0000002488-21-000056,2021-04-28
AMD,2021Q2,revenue,3850000000.0,2021-03-28,2021-06-26,False,10-Q,0000002488-21-000116,2021-07-28
AMD,2021Q3,revenue,4313000000.0,2021-06-27,2021-09-25,False,10-Q,0000002488-21-000178,2021-10-27
AMD,2021Q4,revenue,4826000000.0,2021-09-26,2021-12-25,True,10-K,0000002488-22-000016,2022-02-03
AMD,2022Q1,revenue,5887000000.0,2021-12-26,2022-03-26,False,10-Q,0000002488-22-000078,2022-05-04
AMD,2022Q2,revenue,6550000000.0,2022-03-27,2022-06-25,False,10-Q,0000002488-22-000123,2022-08-03
AMD,2022Q3,revenue,5565000000.0,2022-06-26,2022-09-24,False,10-Q,0000002488-22-000170,2022-11-02
AMD,2022Q4,revenue,5599000000.0,2022-09-25,2022-12-31,True,10-K,0000002488-23-000047,2023-02-27
AMD,2023Q1,revenue,5353000000.0,2023-01-01,2023-04-01,False,10-Q,0000002488-23-000076,2023-05-03
AMD,2023Q2,revenue,5359000000.0,2023-04-02,2023-07-01,False,10-Q,0000002488-23-000139,2023-08-02
AMD,2023Q3,revenue,5800000000.0,2023-07-02,2023-09-30,False,10-Q,0000002488-23-000195,2023-11-01
AMD,2023Q4,revenue,6168000000.0,2023-10-01,2023-12-30,True,10-K,0000002488-24-000012,2024-01-31
AMD,2024Q1,revenue,5473000000.0,2023-12-31,2024-03-30,False,10-Q,0000002488-24-000056,2024-05-01
AMD,2024Q2,revenue,5835000000.0,2024-03-31,2024-06-29,False,10-Q,0000002488-24-000123,2024-07-31
AMD,2024Q3,revenue,6819000000.0,2024-06-30,2024-09-28,False,10-Q,0000002488-24-000163,2024-10-30
AMD,2024Q4,revenue,7658000000.0,2024-09-29,2024-12-28,True,10-K,0000002488-25-000012,2025-02-05
AMD,2025Q1,revenue,7438000000.0,2024-12-29,2025-03-29,False,10-Q,0000002488-25-000047,2025-05-07
AMD,2025Q2,revenue,7685000000.0,2025-03-30,2025-06-28,False,10-Q,0000002488-25-000108,2025-08-06
AMD,2025Q3,revenue,9246000000.0,2025-06-29,2025-09-27,False,10-Q,0000002488-25-000166,2025-11-05
AMD,2025Q4,revenue,10270000000.0,2025-09-28,2025-12-27,True,10-K,0000002488-26-000018,2026-02-04
AMZN,2010Q1,capex,140000000.0,2010-01-01,2010-03-31,False,10-Q,0001193125-10-090367,2010-04-23
AMZN,2010Q2,capex,196000000.0,2010-04-01,2010-06-30,False,10-Q,0001193125-10-164083,2010-07-23
AMZN,2010Q3,capex,315000000.0,2010-07-01,2010-09-30,False,10-Q,0001193125-10-233883,2010-10-22
AMZN,2010Q4,capex,328000000.0,2010-10-01,2010-12-31,True,10-K,0001193125-11-016253,2011-01-28
AMZN,2011Q1,capex,298000000.0,2011-01-01,2011-03-31,False,10-Q,0001193125-11-110197,2011-04-27
AMZN,2011Q2,capex,433000000.0,2011-04-01,2011-06-30,False,10-Q,0001193125-11-197823,2011-07-27
AMZN,2011Q3,capex,529000000.0,2011-07-01,2011-09-30,False,10-Q,0001193125-11-280739,2011-10-26
AMZN,2011Q4,capex,550000000.0,2011-10-01,2011-12-31,True,10-K,0001193125-12-032846,2012-02-01
AMZN,2012Q1,capex,386000000.0,2012-01-01,2012-03-31,False,10-Q,0001193125-12-187203,2012-04-27
AMZN,2012Q2,capex,657000000.0,2012-04-01,2012-06-30,False,10-Q,0001193125-12-317409,2012-07-27
AMZN,2012Q3,capex,716000000.0,2012-07-01,2012-09-30,False,10-Q,0001193125-12-436012,2012-10-26
AMZN,2012Q4,capex,2026000000.0,2012-10-01,2012-12-31,True,10-K,0001193125-13-028520,2013-01-30
AMZN,2013Q1,capex,670000000.0,2013-01-01,2013-03-31,False,10-Q,0001193125-13-174667,2013-04-26
AMZN,2013Q2,capex,855000000.0,2013-04-01,2013-06-30,False,10-Q,0001193125-13-303204,2013-07-26
AMZN,2013Q3,capex,1038000000.0,2013-07-01,2013-09-30,False,10-Q,0001445305-13-002495,2013-10-25
AMZN,2013Q4,capex,879000000.0,2013-10-01,2013-12-31,True,10-K,0001018724-14-000006,2014-01-31
AMZN,2014Q1,capex,1080000000.0,2014-01-01,2014-03-31,False,10-Q,0001018724-14-000014,2014-04-25
AMZN,2014Q2,capex,1290000000.0,2014-04-01,2014-06-30,False,10-Q,0001018724-14-000025,2014-07-25
AMZN,2014Q3,capex,1378000000.0,2014-07-01,2014-09-30,False,10-Q,0001018724-14-000055,2014-10-24
AMZN,2014Q4,capex,1145000000.0,2014-10-01,2014-12-31,True,10-K,0001018724-15-000006,2015-01-30
AMZN,2015Q1,capex,871000000.0,2015-01-01,2015-03-31,False,10-Q,0001018724-15-000038,2015-04-24
AMZN,2015Q2,capex,1213000000.0,2015-04-01,2015-06-30,False,10-Q,0001018724-15-000087,2015-07-24
AMZN,2015Q3,capex,1195000000.0,2015-07-01,2015-09-30,False,10-Q,0001018724-15-000126,2015-10-23
AMZN,2015Q4,capex,1309000000.0,2015-10-01,2015-12-31,True,10-K,0001018724-16-000172,2016-01-29
AMZN,2016Q1,capex,1179000000.0,2016-01-01,2016-03-31,False,10-Q,0001018724-16-000227,2016-04-29
AMZN,2016Q2,capex,1711000000.0,2016-04-01,2016-06-30,False,10-Q,0001018724-16-000286,2016-07-29
AMZN,2016Q3,capex,1841000000.0,2016-07-01,2016-09-30,False,10-Q,0001018724-16-000324,2016-10-28
AMZN,2016Q4,capex,2006000000.0,2016-10-01,2016-12-31,True,10-K,0001018724-17-000011,2017-02-10
AMZN,2017Q1,capex,1861000000.0,2017-01-01,2017-03-31,False,10-Q,0001018724-17-000051,2017-04-28
AMZN,2017Q2,capex,3401000000.0,2017-04-01,2017-06-30,True,10-K,0001018724-19-000004,2019-02-01
AMZN,2017Q3,capex,3074000000.0,2017-07-01,2017-09-30,False,10-Q,0001018724-18-000159,2018-10-26
AMZN,2017Q4,capex,3619000000.0,2017-10-01,2017-12-31,True,10-K,0001018724-19-000004,2019-02-01
AMZN,2018Q1,capex,3098000000.0,2018-01-01,2018-03-31,False,10-Q,0001018724-19-000043,2019-04-26
AMZN,2018Q2,capex,3243000000.0,2018-04-01,2018-06-30,False,10-Q,0001018724-19-000071,2019-07-26
AMZN,2018Q3,capex,3352000000.0,2018-07-01,2018-09-30,False,10-Q,0001018724-18-000159,2018-10-26
AMZN,2018Q4,capex,3734000000.0,2018-10-01,2018-12-31,True,10-K,0001018724-19-000004,2019-02-01
AMZN,2019Q1,capex,3290000000.0,2019-01-01,2019-03-31,False,10-Q,0001018724-19-000043,2019-04-26
AMZN,2019Q2,capex,3562000000.0,2019-04-01,2019-06-30,False,10-Q,0001018724-19-000071,2019-07-26
AMZN,2019Q3,capex,4697000000.0,2019-07-01,2019-09-30,False,10-Q,0001018724-19-000089,2019-10-25
AMZN,2019Q4,capex,5312000000.0,2019-10-01,2019-12-31,True,10-K,0001018724-20-000004,2020-01-31
AMZN,2020Q1,capex,6795000000.0,2020-01-01,2020-03-31,False,10-Q,0001018724-20-000010,2020-05-01
AMZN,2020Q2,capex,7459000000.0,2020-04-01,2020-06-30,False,10-Q,0001018724-20-000021,2020-07-31
AMZN,2020Q3,capex,11063000000.0,2020-07-01,2020-09-30,False,10-Q,0001018724-20-000030,2020-10-30
AMZN,2020Q4,capex,14823000000.0,2020-10-01,2020-12-31,True,10-K,0001018724-21-000004,2021-02-03
AMZN,2021Q1,capex,12082000000.0,2021-01-01,2021-03-31,False,10-Q,0001018724-21-000010,2021-04-30
AMZN,2021Q2,capex,14288000000.0,2021-04-01,2021-06-30,False,10-Q,0001018724-21-000020,2021-07-30
AMZN,2021Q3,capex,15748000000.0,2021-07-01,2021-09-30,False,10-Q,0001018724-21-000028,2021-10-29
AMZN,2021Q4,capex,18935000000.0,2021-10-01,2021-12-31,True,10-K,0001018724-22-000005,2022-02-04
AMZN,2022Q1,capex,14951000000.0,2022-01-01,2022-03-31,False,10-Q,0001018724-22-000013,2022-04-29
AMZN,2022Q2,capex,15724000000.0,2022-04-01,2022-06-30,False,10-Q,0001018724-22-000019,2022-07-29
AMZN,2022Q3,capex,16378000000.0,2022-07-01,2022-09-30,False,10-Q,0001018724-22-000023,2022-10-28
AMZN,2022Q4,capex,16592000000.0,2022-10-01,2022-12-31,True,10-K,0001018724-23-000004,2023-02-03
AMZN,2023Q1,capex,14207000000.0,2023-01-01,2023-03-31,False,10-Q,0001018724-23-000008,2023-04-28
AMZN,2023Q2,capex,11455000000.0,2023-04-01,2023-06-30,False,10-Q,0001018724-23-000012,2023-08-04
AMZN,2023Q3,capex,12479000000.0,2023-07-01,2023-09-30,False,10-Q,0001018724-23-000018,2023-10-27
AMZN,2023Q4,capex,14588000000.0,2023-10-01,2023-12-31,True,10-K,0001018724-24-000008,2024-02-02
AMZN,2024Q1,capex,14925000000.0,2024-01-01,2024-03-31,False,10-Q,0001018724-24-000083,2024-05-01
AMZN,2024Q2,capex,17620000000.0,2024-04-01,2024-06-30,False,10-Q,0001018724-24-000130,2024-08-02
AMZN,2024Q3,capex,22620000000.0,2024-07-01,2024-09-30,False,10-Q,0001018724-24-000161,2024-11-01
AMZN,2024Q4,capex,27834000000.0,2024-10-01,2024-12-31,True,10-K,0001018724-25-000004,2025-02-07
AMZN,2025Q1,capex,25019000000.0,2025-01-01,2025-03-31,False,10-Q,0001018724-25-000036,2025-05-02
AMZN,2025Q2,capex,32183000000.0,2025-04-01,2025-06-30,False,10-Q,0001018724-25-000086,2025-08-01
AMZN,2025Q3,capex,35095000000.0,2025-07-01,2025-09-30,False,10-Q,0001018724-25-000123,2025-10-31
AMZN,2025Q4,capex,39522000000.0,2025-10-01,2025-12-31,True,10-K,0001018724-26-000004,2026-02-06
GOOGL,2010Q1,capex,239000000.0,2010-01-01,2010-03-31,False,10-Q,0001193125-10-108704,2010-05-05
GOOGL,2010Q2,capex,476000000.0,2010-04-01,2010-06-30,True,10-Q,0001193125-10-172387,2010-07-30
GOOGL,2010Q3,capex,758000000.0,2010-07-01,2010-09-30,True,10-Q,0001193125-10-241317,2010-10-29
GOOGL,2010Q4,capex,2545000000.0,2010-10-01,2010-12-31,True,10-K,0001193125-11-032930,2011-02-11
GOOGL,2011Q1,capex,890000000.0,2011-01-01,2011-03-31,False,10-Q,0001193125-11-134428,2011-05-10
GOOGL,2011Q2,capex,917000000.0,2011-04-01,2011-06-30,True,10-Q,0001193125-11-199078,2011-07-27
GOOGL,2011Q3,capex,680000000.0,2011-07-01,2011-09-30,True,10-Q,0001193125-11-282235,2011-10-26
GOOGL,2011Q4,capex,951000000.0,2011-10-01,2011-12-31,True,10-K,0001193125-12-025336,2012-01-26
GOOGL,2012Q1,capex,607000000.0,2012-01-01,2012-03-31,False,10-Q,0001193125-12-182401,2012-04-25
GOOGL,2012Q2,capex,774000000.0,2012-04-01,2012-06-30,True,10-Q,0001193125-12-312575,2012-07-24
GOOGL,2012Q3,capex,872000000.0,2012-07-01,2012-09-30,True,10-Q,0001193125-12-440217,2012-10-30
GOOGL,2012Q4,capex,1020000000.0,2012-10-01,2012-12-31,True,10-K,0001193125-13-028362,2013-01-29
GOOGL,2013Q1,capex,1203000000.0,2013-01-01,2013-03-31,False,10-Q,0001288776-13-000030,2013-04-25
GOOGL,2013Q2,capex,1611000000.0,2013-04-01,2013-06-30,True,10-Q,0001288776-13-000055,2013-07-25
GOOGL,2013Q3,capex,2289000000.0,2013-07-01,2013-09-30,True,10-Q,0001288776-13-000068,2013-10-24
GOOGL,2013Q4,capex,2255000000.0,2013-10-01,2013-12-31,True,10-K,0001288776-14-000020,2014-02-12
GOOGL,2014Q1,capex,2345000000.0,2014-01-01,2014-03-31,False,10-Q,0001288776-14-000040,2014-04-24
GOOGL,2014Q2,capex,2646000000.0,2014-04-01,2014-06-30,True,10-Q,0001288776-14-000065,2014-07-25
GOOGL,2014Q3,capex,2417000000.0,2014-07-01,2014-09-30,True,10-Q,0001288776-14-000075,2014-10-23
GOOGL,2014Q4,capex,3551000000.0,2014-10-01,2014-12-31,True,10-K,0001288776-15-000008,2015-02-09
GOOGL,2015Q1,capex,2927000000.0,2015-01-01,2015-03-31,False,10-Q,0001288776-15-000023,2015-04-29
GOOGL,2015Q2,capex,2515000000.0,2015-04-01,2015-06-30,False,10-Q,0001652044-16-000032,2016-08-04
GOOGL,2015Q3,capex,2373000000.0,2015-07-01,2015-09-30,False,10-Q,0001652044-16-000038,2016-11-03
GOOGL,2015Q4,capex,2100000000.0,2015-10-01,2015-12-31,True,10-K,0001652044-16-000012,2016-02-11
GOOGL,2016Q1,capex,2428000000.0,2016-01-01,2016-03-31,False,10-Q,0001652044-16-000021,2016-05-03
GOOGL,2016Q2,capex,2123000000.0,2016-04-01,2016-06-30,False,10-Q,0001652044-16-000032,2016-08-04
GOOGL,2016Q3,capex,2583000000.0,2016-07-01,2016-09-30,False,10-Q,0001652044-16-000038,2016-11-03
GOOGL,2016Q4,capex,3078000000.0,2016-10-01,2016-12-31,True,10-K,0001652044-17-000008,2017-02-03
GOOGL,2017Q1,capex,2508000000.0,2017-01-01,2017-03-31,False,10-Q,0001652044-17-000014,2017-05-02
GOOGL,2017Q2,capex,2831000000.0,2017-04-01,2017-06-30,False,10-Q,0001652044-17-000026,2017-07-25
GOOGL,2017Q3,capex,3538000000.0,2017-07-01,2017-09-30,False,10-Q,0001652044-17-000042,2017-10-27
GOOGL,2017Q4,capex,4307000000.0,2017-10-01,2017-12-31,True,10-K,0001652044-18-000007,2018-02-06
GOOGL,2018Q1,capex,7299000000.0,2018-01-01,2018-03-31,False,10-Q,0001652044-18-000016,2018-04-24
GOOGL,2018Q2,capex,5477000000.0,2018-04-01,2018-06-30,False,10-Q,0001652044-18-000027,2018-07-24
GOOGL,2018Q3,capex,5282000000.0,2018-07-01,2018-09-30,False,10-Q,0001652044-18-000035,2018-10-26
GOOGL,2018Q4,capex,7081000000.0,2018-10-01,2018-12-31,True,10-K,0001652044-19-000004,2019-02-05
GOOGL,2019Q1,capex,4638000000.0,2019-01-01,2019-03-31,False,10-Q,0001652044-19-000015,2019-04-30
GOOGL,2019Q2,capex,6126000000.0,2019-04-01,2019-06-30,False,10-Q,0001652044-19-000023,2019-07-26
GOOGL,2019Q3,capex,6732000000.0,2019-07-01,2019-09-30,False,10-Q,0001652044-19-000032,2019-10-29
GOOGL,2019Q4,capex,6052000000.0,2019-10-01,2019-12-31,True,10-K,0001652044-20-000008,2020-02-04
GOOGL,2020Q1,capex,6005000000.0,2020-01-01,2020-03-31,False,10-Q,0001652044-20-000021,2020-04-29
GOOGL,2020Q2,capex,5391000000.0,2020-04-01,2020-06-30,False,10-Q,0001652044-20-000032,2020-07-31
GOOGL,2020Q3,capex,5406000000.0,2020-07-01,2020-09-30,False,10-Q,0001652044-20-000050,2020-10-30
GOOGL,2020Q4,capex,5479000000.0,2020-10-01,2020-12-31,True,10-K,0001652044-21-000010,2021-02-03
GOOGL,2021Q1,capex,5942000000.0,2021-01-01,2021-03-31,False,10-Q,0001652044-21-000020,2021-04-28
GOOGL,2021Q2,capex,5496000000.0,2021-04-01,2021-06-30,True,10-Q,0001652044-21-000047,2021-07-28
GOOGL,2021Q3,capex,6819000000.0,2021-07-01,2021-09-30,True,10-Q,0001652044-21-000057,2021-10-27
GOOGL,2021Q4,capex,6383000000.0,2021-10-01,2021-12-31,True,10-K,0001652044-22-000019,2022-02-02
GOOGL,2022Q1,capex,9786000000.0,2022-01-01,2022-03-31,False,10-Q,0001652044-22-000029,2022-04-27
GOOGL,2022Q2,capex,6828000000.0,2022-04-01,2022-06-30,True,10-Q,0001652044-22-000071,2022-07-27
GOOGL,2022Q3,capex,7276000000.0,2022-07-01,2022-09-30,True,10-Q,0001652044-22-000090,2022-10-26
GOOGL,2022Q4,capex,7595000000.0,2022-10-01,2022-12-31,True,10-K,0001652044-23-000016,2023-02-03
GOOGL,2023Q1,capex,6289000000.0,2023-01-01,2023-03-31,False,10-Q,0001652044-23-000045,2023-04-26
GOOGL,2023Q2,capex,6888000000.0,2023-04-01,2023-06-30,True,10-Q,0001652044-23-000070,2023-07-26
GOOGL,2023Q3,capex,8055000000.0,2023-07-01,2023-09-30,True,10-Q,0001652044-23-000094,2023-10-25
GOOGL,2023Q4,capex,11019000000.0,2023-10-01,2023-12-31,True,10-K,0001652044-24-000022,2024-01-31
GOOGL,2024Q1,capex,12012000000.0,2024-01-01,2024-03-31,False,10-Q,0001652044-24-000053,2024-04-26
GOOGL,2024Q2,capex,13186000000.0,2024-04-01,2024-06-30,True,10-Q,0001652044-24-000079,2024-07-24
GOOGL,2024Q3,capex,13061000000.0,2024-07-01,2024-09-30,True,10-Q,0001652044-24-000118,2024-10-30
GOOGL,2024Q4,capex,14276000000.0,2024-10-01,2024-12-31,True,10-K,0001652044-25-000014,2025-02-05
GOOGL,2025Q1,capex,17197000000.0,2025-01-01,2025-03-31,False,10-Q,0001652044-25-000043,2025-04-25
GOOGL,2025Q2,capex,22446000000.0,2025-04-01,2025-06-30,True,10-Q,0001652044-25-000062,2025-07-24
GOOGL,2025Q3,capex,23953000000.0,2025-07-01,2025-09-30,True,10-Q,0001652044-25-000091,2025-10-30
GOOGL,2025Q4,capex,27851000000.0,2025-10-01,2025-12-31,True,10-K,0001652044-26-000018,2026-02-05
INTC,2010Q1,diluted_shares,5681000000.0,2009-12-27,2010-03-27,False,10-Q,0000950123-10-042822,2010-05-03
INTC,2010Q2,diluted_shares,5711000000.0,2010-03-28,2010-06-26,False,10-Q,0000950123-10-070570,2010-07-30
INTC,2010Q3,diluted_shares,5694000000.0,2010-06-27,2010-09-25,False,10-Q,0000950123-10-099521,2010-11-02
INTC,2011Q1,diluted_shares,5606000000.0,2010-12-26,2011-04-02,False,10-Q,0000950123-11-047498,2011-05-09
INTC,2011Q2,diluted_shares,5441000000.0,2011-04-03,2011-07-02,False,10-Q,0000950123-11-074495,2011-08-08
INTC,2011Q3,diluted_shares,5340000000.0,2011-07-03,2011-10-01,False,10-Q,0001193125-11-297669,2011-11-04
INTC,2012Q1,diluted_shares,5192000000.0,2012-01-01,2012-03-31,False,10-Q,0001193125-12-212253,2012-05-04
INTC,2012Q2,diluted_shares,5199000000.0,2012-04-01,2012-06-30,False,10-Q,0001193125-12-329132,2012-08-01
INTC,2012Q3,diluted_shares,5153000000.0,2012-07-01,2012-09-29,False,10-Q,0001193125-12-444095,2012-10-31
INTC,2013Q1,diluted_shares,5080000000.0,2012-12-30,2013-03-30,False,10-Q,0000050863-13-000043,2013-04-29
INTC,2013Q2,diluted_shares,5106000000.0,2013-03-31,2013-06-29,False,10-Q,0000050863-13-000087,2013-07-29
INTC,2013Q3,diluted_shares,5100000000.0,2013-06-30,2013-09-28,False,10-Q,0000050863-13-000104,2013-10-28
INTC,2014Q1,diluted_shares,5117000000.0,2013-12-29,2014-03-29,False,10-Q,0000050863-14-000032,2014-04-25
INTC,2014Q2,diluted_shares,5123000000.0,2014-03-30,2014-06-28,False,10-Q,0000050863-14-000058,2014-07-25
INTC,2014Q3,diluted_shares,5045000000.0,2014-06-29,2014-09-27,False,10-Q,0000050863-14-000069,2014-10-29
INTC,2015Q1,diluted_shares,4914000000.0,2014-12-28,2015-03-28,False,10-Q,0000050863-15-000028,2015-04-27
INTC,2015Q2,diluted_shares,4909000000.0,2015-03-29,2015-06-27,False,10-Q,0000050863-15-000055,2015-07-27
INTC,2015Q3,diluted_shares,4876000000.0,2015-06-28,2015-09-26,False,10-Q,0000050863-15-000072,2015-10-28
INTC,2016Q1,diluted_shares,4875000000.0,2015-12-27,2016-04-02,False,10-Q,0000050863-16-000125,2016-05-02
INTC,2016Q2,diluted_shares,4866000000.0,2016-04-03,2016-07-02,False,10-Q,0000050863-16-000142,2016-08-01
INTC,2016Q3,diluted_shares,4877000000.0,2016-07-03,2016-10-01,False,10-Q,0000050863-16-000153,2016-10-31
INTC,2017Q1,diluted_shares,4881000000.0,2017-01-01,2017-04-01,False,10-Q,0000050863-17-000029,2017-04-27
INTC,2017Q2,diluted_shares,4845000000.0,2017-04-02,2017-07-01,False,10-Q,0000050863-17-000041,2017-07-27
INTC,2017Q3,diluted_shares,4821000000.0,2017-07-02,2017-09-30,False,10-Q,0000050863-17-000048,2017-10-26
INTC,2018Q1,diluted_shares,4790000000.0,2017-12-31,2018-03-31,False,10-Q,0000050863-18-000013,2018-04-27
INTC,2018Q2,diluted_shares,4747000000.0,2018-04-01,2018-06-30,False,10-Q,0000050863-18-000022,2018-07-27
INTC,2018Q3,diluted_shares,4648000000.0,2018-07-01,2018-09-29,False,10-Q,0000050863-18-000029,2018-10-26
INTC,2019Q1,diluted_shares,4564000000.0,2018-12-30,2019-03-30,False,10-Q,0000050863-19-000013,2019-04-26
INTC,2019Q2,diluted_shares,4523000000.0,2019-03-31,2019-06-29,False,10-Q,0000050863-19-000023,2019-07-26
INTC,2019Q3,diluted_shares,4433000000.0,2019-06-30,2019-09-28,False,10-Q,0000050863-19-000029,2019-10-25
INTC,2020Q1,diluted_shares,4312000000.0,2019-12-29,2020-03-28,False,10-Q,0000050863-20-000017,2020-04-24
INTC,2020Q2,diluted_shares,4284000000.0,2020-03-29,2020-06-27,False,10-Q,0000050863-20-000026,2020-07-24
INTC,2020Q3,diluted_shares,4211000000.0,2020-06-28,2020-09-26,False,10-Q,0000050863-20-000043,2020-10-23
INTC,2021Q1,diluted_shares,4096000000.0,2020-12-27,2021-03-27,False,10-Q,0000050863-21-000018,2021-04-23
INTC,2021Q2,diluted_shares,4084000000.0,2021-03-28,2021-06-26,False,10-Q,0000050863-21-000030,2021-07-23
INTC,2021Q3,diluted_shares,4086000000.0,2021-06-27,2021-09-25,False,10-Q,0000050863-21-000038,2021-10-22
INTC,2022Q1,diluted_shares,4107000000.0,2021-12-26,2022-04-02,False,10-Q,0000050863-22-000020,2022-04-29
INTC,2022Q2,diluted_shares,4100000000.0,2022-04-03,2022-07-02,False,10-Q,0000050863-22-000030,2022-07-29
INTC,2022Q3,diluted_shares,4125000000.0,2022-07-03,2022-10-01,False,10-Q,0000050863-22-000038,2022-10-28
INTC,2023Q1,diluted_shares,4154000000.0,2023-01-01,2023-04-01,False,10-Q,0000050863-23-000028,2023-04-28
INTC,2023Q2,diluted_shares,4196000000.0,2023-04-02,2023-07-01,False,10-Q,0000050863-23-000069,2023-07-28
INTC,2023Q3,diluted_shares,4229000000.0,2023-07-02,2023-09-30,False,10-Q,0000050863-23-000103,2023-10-27
INTC,2024Q1,diluted_shares,4242000000.0,2023-12-31,2024-03-30,False,10-Q,0000050863-24-000076,2024-04-26
INTC,2024Q2,diluted_shares,4267000000.0,2024-03-31,2024-06-29,False,10-Q,0000050863-24-000124,2024-08-02
INTC,2024Q3,diluted_shares,4292000000.0,2024-06-30,2024-09-28,False,10-Q,0000050863-24-000149,2024-11-01
INTC,2025Q1,diluted_shares,4343000000.0,2024-12-29,2025-03-29,False,10-Q,0000050863-25-000074,2025-04-25
INTC,2025Q2,diluted_shares,4369000000.0,2025-03-30,2025-06-28,False,10-Q,0000050863-25-000109,2025-07-24
INTC,2025Q3,diluted_shares,4531000000.0,2025-06-29,2025-09-27,False,10-Q,0000050863-25-000179,2025-11-06
INTC,2010Q1,eps_diluted,0.43,2009-12-27,2010-03-27,False,10-Q,0000950123-10-042822,2010-05-03
INTC,2010Q2,eps_diluted,0.51,2010-03-28,2010-06-26,False,10-Q,0000950123-10-070570,2010-07-30
INTC,2010Q3,eps_diluted,0.52,2010-06-27,2010-09-25,False,10-Q,0000950123-10-099521,2010-11-02
INTC,2011Q1,eps_diluted,0.56,2010-12-26,2011-04-02,False,10-Q,0000950123-11-047498,2011-05-09
INTC,2011Q2,eps_diluted,0.54,2011-04-03,2011-07-02,False,10-Q,0000950123-11-074495,2011-08-08
INTC,2011Q3,eps_diluted,0.65,2011-07-03,2011-10-01,False,10-Q,0001193125-11-297669,2011-11-04
INTC,2012Q1,eps_diluted,0.53,2012-01-01,2012-03-31,False,10-Q,0001193125-12-212253,2012-05-04
INTC,2012Q2,eps_diluted,0.54,2012-04-01,2012-06-30,False,10-Q,0001193125-12-329132,2012-08-01
INTC,2012Q3,eps_diluted,0.58,2012-07-01,2012-09-29,False,10-Q,0001193125-12-444095,2012-10-31
INTC,2013Q1,eps_diluted,0.4,2012-12-30,2013-03-30,False,10-Q,0000050863-13-000043,2013-04-29
INTC,2013Q2,eps_diluted,0.39,2013-03-31,2013-06-29,False,10-Q,0000050863-13-000087,2013-07-29
INTC,2013Q3,eps_diluted,0.58,2013-06-30,2013-09-28,False,10-Q,0000050863-13-000104,2013-10-28
INTC,2014Q1,eps_diluted,0.38,2013-12-29,2014-03-29,False,10-Q,0000050863-14-000032,2014-04-25
INTC,2014Q2,eps_diluted,0.55,2014-03-30,2014-06-28,False,10-Q,0000050863-14-000058,2014-07-25
INTC,2014Q3,eps_diluted,0.66,2014-06-29,2014-09-27,False,10-Q,0000050863-14-000069,2014-10-29
INTC,2015Q1,eps_diluted,0.41,2014-12-28,2015-03-28,False,10-Q,0000050863-15-000028,2015-04-27
INTC,2015Q2,eps_diluted,0.55,2015-03-29,2015-06-27,False,10-Q,0000050863-15-000055,2015-07-27
INTC,2015Q3,eps_diluted,0.64,2015-06-28,2015-09-26,False,10-Q,0000050863-15-000072,2015-10-28
INTC,2016Q1,eps_diluted,0.42,2015-12-27,2016-04-02,False,10-Q,0000050863-16-000125,2016-05-02
INTC,2016Q2,eps_diluted,0.27,2016-04-03,2016-07-02,False,10-Q,0000050863-16-000142,2016-08-01
INTC,2016Q3,eps_diluted,0.69,2016-07-03,2016-10-01,False,10-Q,0000050863-16-000153,2016-10-31
INTC,2017Q1,eps_diluted,0.61,2017-01-01,2017-04-01,False,10-Q,0000050863-17-000029,2017-04-27
INTC,2017Q2,eps_diluted,0.58,2017-04-02,2017-07-01,False,10-Q,0000050863-17-000041,2017-07-27
INTC,2017Q3,eps_diluted,0.94,2017-07-02,2017-09-30,False,10-Q,0000050863-17-000048,2017-10-26
INTC,2018Q1,eps_diluted,0.93,2017-12-31,2018-03-31,False,10-Q,0000050863-18-000013,2018-04-27
INTC,2018Q2,eps_diluted,1.05,2018-04-01,2018-06-30,False,10-Q,0000050863-18-000022,2018-07-27
INTC,2018Q3,eps_diluted,1.38,2018-07-01,2018-09-29,False,10-Q,0000050863-18-000029,2018-10-26
INTC,2019Q1,eps_diluted,0.87,2018-12-30,2019-03-30,False,10-Q,0000050863-19-000013,2019-04-26
INTC,2019Q2,eps_diluted,0.92,2019-03-31,2019-06-29,False,10-Q,0000050863-19-000023,2019-07-26
INTC,2019Q3,eps_diluted,1.35,2019-06-30,2019-09-28,False,10-Q,0000050863-19-000029,2019-10-25
INTC,2020Q1,eps_diluted,1.31,2019-12-29,2020-03-28,False,10-Q,0000050863-20-000017,2020-04-24
INTC,2020Q2,eps_diluted,1.19,2020-03-29,2020-06-27,False,10-Q,0000050863-20-000026,2020-07-24
INTC,2020Q3,eps_diluted,1.02,2020-06-28,2020-09-26,False,10-Q,0000050863-20-000043,2020-10-23
INTC,2021Q1,eps_diluted,0.82,2020-12-27,2021-03-27,False,10-Q,0000050863-21-000018,2021-04-23
INTC,2021Q2,eps_diluted,1.24,2021-03-28,2021-06-26,False,10-Q,0000050863-21-000030,2021-07-23
INTC,2021Q3,eps_diluted,1.67,2021-06-27,2021-09-25,False,10-Q,0000050863-21-000038,2021-10-22
INTC,2022Q1,eps_diluted,1.98,2021-12-26,2022-04-02,False,10-Q,0000050863-22-000020,2022-04-29
INTC,2022Q2,eps_diluted,-0.11,2022-04-03,2022-07-02,False,10-Q,0000050863-22-000030,2022-07-29
INTC,2022Q3,eps_diluted,0.25,2022-07-03,2022-10-01,False,10-Q,0000050863-22-000038,2022-10-28
INTC,2023Q1,eps_diluted,-0.66,2023-01-01,2023-04-01,False,10-Q,0000050863-23-000028,2023-04-28
INTC,2023Q2,eps_diluted,0.35,2023-04-02,2023-07-01,False,10-Q,0000050863-23-000069,2023-07-28
INTC,2023Q3,eps_diluted,0.07,2023-07-02,2023-09-30,False,10-Q,0000050863-23-000103,2023-10-27
INTC,2024Q1,eps_diluted,-0.09,2023-12-31,2024-03-30,False,10-Q,0000050863-24-000076,2024-04-26
INTC,2024Q2,eps_diluted,-0.38,2024-03-31,2024-06-29,False,10-Q,0000050863-24-000124,2024-08-02
INTC,2024Q3,eps_diluted,-3.88,2024-06-30,2024-09-28,False,10-Q,0000050863-24-000149,2024-11-01
INTC,2025Q1,eps_diluted,-0.19,2024-12-29,2025-03-29,False,10-Q,0000050863-25-000074,2025-04-25
INTC,2025Q2,eps_diluted,-0.67,2025-03-30,2025-06-28,False,10-Q,0000050863-25-000109,2025-07-24
INTC,2025Q3,eps_diluted,0.9,2025-06-29,2025-09-27,False,10-Q,0000050863-25-000179,2025-11-06
INTC,2010Q1,gross_profit,6529000000.0,2009-12-27,2010-03-27,False,10-Q,0000950123-10-042822,2010-05-03
INTC,2010Q2,gross_profit,7235000000.0,2010-03-28,2010-06-26,False,10-Q,0000950123-10-070570,2010-07-30
INTC,2010Q3,gross_profit,7321000000.0,2010-06-27,2010-09-25,False,10-Q,0000950123-10-099521,2010-11-02
INTC,2010Q4,gross_profit,7406000000.0,2010-09-26,2010-12-25,True,10-K,0000950123-11-015783,2011-02-18
INTC,2011Q1,gross_profit,7885000000.0,2010-12-26,2011-04-02,False,10-Q,0000950123-11-047498,2011-05-09
INTC,2011Q2,gross_profit,7902000000.0,2011-04-03,2011-07-02,False,10-Q,0000950123-11-074495,2011-08-08
INTC,2011Q3,gross_profit,9018000000.0,2011-07-03,2011-10-01,False,10-Q,0001193125-11-297669,2011-11-04
INTC,2011Q4,gross_profit,8952000000.0,2011-10-02,2011-12-31,True,10-K,0001193125-12-075534,2012-02-23
INTC,2012Q1,gross_profit,8265000000.0,2012-01-01,2012-03-31,False,10-Q,0001193125-12-212253,2012-05-04
INTC,2012Q2,gross_profit,8554000000.0,2012-04-01,2012-06-30,False,10-Q,0001193125-12-329132,2012-08-01
INTC,2012Q3,gross_profit,8515000000.0,2012-07-01,2012-09-29,False,10-Q,0001193125-12-444095,2012-10-31
INTC,2012Q4,gross_profit,7817000000.0,2012-09-30,2012-12-29,True,10-K,0001193125-13-065416,2013-02-19
INTC,2013Q1,gross_profit,7066000000.0,2012-12-30,2013-03-30,False,10-Q,0000050863-13-000043,2013-04-29
INTC,2013Q2,gross_profit,7470000000.0,2013-03-31,2013-06-29,False,10-Q,0000050863-13-000087,2013-07-29
INTC,2013Q3,gross_profit,8414000000.0,2013-06-30,2013-09-28,False,10-Q,0000050863-13-000104,2013-10-28
INTC,2013Q4,gross_profit,8571000000.0,2013-09-29,2013-12-28,True,10-K,0000050863-14-000020,2014-02-14
INTC,2014Q1,gross_profit,7613000000.0,2013-12-29,2014-03-29,False,10-Q,0000050863-14-000032,2014-04-25
INTC,2014Q2,gross_profit,8917000000.0,2014-03-30,2014-06-28,False,10-Q,0000050863-14-000058,2014-07-25
INTC,2014Q3,gross_profit,9458000000.0,2014-06-29,2014-09-27,False,10-Q,0000050863-14-000069,2014-10-29
INTC,2014Q4,gross_profit,9621000000.0,2014-09-28,2014-12-27,True,10-K,0000050863-15-000015,2015-02-13
INTC,2015Q1,gross_profit,7730000000.0,2014-12-28,2015-03-28,False,10-Q,0000050863-15-000028,2015-04-27
INTC,2015Q2,gross_profit,8248000000.0,2015-03-29,2015-06-27,False,10-Q,0000050863-15-000055,2015-07-27
INTC,2015Q3,gross_profit,9111000000.0,2015-06-28,2015-09-26,False,10-Q,0000050863-15-000072,2015-10-28
INTC,2015Q4,gross_profit,9590000000.0,2015-09-27,2015-12-26,True,10-K,0000050863-16-000105,2016-02-12
INTC,2016Q1,gross_profit,8130000000.0,2015-12-27,2016-04-02,False,10-Q,0000050863-16-000125,2016-05-02
INTC,2016Q2,gross_profit,7973000000.0,2016-04-03,2016-07-02,False,10-Q,0000050863-16-000142,2016-08-01
INTC,2016Q3,gross_profit,9983000000.0,2016-07-03,2016-10-01,False,10-Q,0000050863-16-000153,2016-10-31
INTC,2016Q4,gross_profit,10105000000.0,2016-10-02,2016-12-31,True,10-K,0000050863-17-000012,2017-02-17
INTC,2017Q1,gross_profit,9147000000.0,2017-01-01,2017-04-01,False,10-Q,0000050863-17-000029,2017-04-27
INTC,2017Q2,gross_profit,9098000000.0,2017-04-02,2017-07-01,False,10-Q,0000050863-17-000041,2017-07-27
INTC,2017Q3,gross_profit,10057000000.0,2017-07-02,2017-09-30,False,10-Q,0000050863-17-000048,2017-10-26
INTC,2017Q4,gross_profit,10767000000.0,2017-10-01,2017-12-30,True,10-K,0000050863-18-000007,2018-02-16
INTC,2018Q1,gross_profit,9731000000.0,2017-12-31,2018-03-31,False,10-Q,0000050863-18-000013,2018-04-27
INTC,2018Q2,gross_profit,10419000000.0,2018-04-01,2018-06-30,False,10-Q,0000050863-18-000022,2018-07-27
INTC,2018Q3,gross_profit,12360000000.0,2018-07-01,2018-09-29,False,10-Q,0000050863-18-000029,2018-10-26
INTC,2018Q4,gross_profit,11227000000.0,2018-09-30,2018-12-29,True,10-K,0000050863-19-000007,2019-02-01
INTC,2019Q1,gross_profit,9089000000.0,2018-12-30,2019-03-30,False,10-Q,0000050863-19-000013,2019-04-26
INTC,2019Q2,gross_profit,9878000000.0,2019-03-31,2019-06-29,False,10-Q,0000050863-19-000023,2019-07-26
INTC,2019Q3,gross_profit,11295000000.0,2019-06-30,2019-09-28,False,10-Q,0000050863-19-000029,2019-10-25
INTC,2019Q4,gross_profit,11878000000.0,2019-09-29,2019-12-28,True,10-K,0000050863-20-000011,2020-01-24
INTC,2020Q1,gross_profit,12016000000.0,2019-12-29,2020-03-28,False,10-Q,0000050863-20-000017,2020-04-24
INTC,2020Q2,gross_profit,10507000000.0,2020-03-29,2020-06-27,False,10-Q,0000050863-20-000026,2020-07-24
INTC,2020Q3,gross_profit,9741000000.0,2020-06-28,2020-09-26,False,10-Q,0000050863-20-000043,2020-10-23
INTC,2020Q4,gross_profit,11348000000.0,2020-09-27,2020-12-26,True,10-K,0000050863-21-000010,2021-01-22
INTC,2021Q1,gross_profit,10854000000.0,2020-12-27,2021-03-27,False,10-Q,0000050863-21-000018,2021-04-23
INTC,2021Q2,gross_profit,11206000000.0,2021-03-28,2021-06-26,False,10-Q,0000050863-21-000030,2021-07-23
INTC,2021Q3,gross_profit,10746000000.0,2021-06-27,2021-09-25,False,10-Q,0000050863-21-000038,2021-10-22
INTC,2021Q4,gross_profit,11009000000.0,2021-09-26,2021-12-25,True,10-K,0000050863-22-000007,2022-01-27
INTC,2022Q1,gross_profit,9244000000.0,2021-12-26,2022-04-02,False,10-Q,0000050863-22-000020,2022-04-29
INTC,2022Q2,gross_profit,5587000000.0,2022-04-03,2022-07-02,False,10-Q,0000050863-22-000030,2022-07-29
INTC,2022Q3,gross_profit,6535000000.0,2022-07-03,2022-10-01,False,10-Q,0000050863-22-000038,2022-10-28
INTC,2022Q4,gross_profit,5500000000.0,2022-10-02,2022-12-31,True,10-K,0000050863-23-000006,2023-01-27
INTC,2023Q1,gross_profit,4008000000.0,2023-01-01,2023-04-01,False,10-Q,0000050863-23-000028,2023-04-28
INTC,2023Q2,gross_profit,4638000000.0,2023-04-02,2023-07-01,False,10-Q,0000050863-23-000069,2023-07-28
INTC,2023Q3,gross_profit,6018000000.0,2023-07-02,2023-09-30,False,10-Q,0000050863-23-000103,2023-10-27
INTC,2023Q4,gross_profit,7047000000.0,2023-10-01,2023-12-30,True,10-K,0000050863-24-000010,2024-01-26
INTC,2024Q1,gross_profit,5217000000.0,2023-12-31,2024-03-30,False,10-Q,0000050863-24-000076,2024-04-26
INTC,2024Q2,gross_profit,4547000000.0,2024-03-31,2024-06-29,False,10-Q,0000050863-24-000124,2024-08-02
INTC,2024Q3,gross_profit,1997000000.0,2024-06-30,2024-09-28,False,10-Q,0000050863-24-000149,2024-11-01
INTC,2024Q4,gross_profit,5584000000.0,2024-09-29,2024-12-28,True,10-K,0000050863-25-000009,2025-01-31
INTC,2025Q1,gross_profit,4672000000.0,2024-12-29,2025-03-29,False,10-Q,0000050863-25-000074,2025-04-25
INTC,2025Q2,gross_profit,3542000000.0,2025-03-30,2025-06-28,False,10-Q,0000050863-25-000109,2025-07-24
INTC,2025Q3,gross_profit,5218000000.0,2025-06-29,2025-09-27,False,10-Q,0000050863-25-000179,2025-11-06
INTC,2025Q4,gross_profit,4943000000.0,2025-09-28,2025-12-27,True,10-K,0000050863-26-000011,2026-01-23
INTC,2010Q1,net_income,2442000000.0,2009-12-27,2010-03-27,False,10-Q,0000950123-10-042822,2010-05-03
INTC,2010Q2,net_income,2887000000.0,2010-03-28,2010-06-26,False,10-Q,0000950123-10-070570,2010-07-30
INTC,2010Q3,net_income,2955000000.0,2010-06-27,2010-09-25,False,10-Q,0000950123-10-099521,2010-11-02
INTC,2010Q4,net_income,3180000000.0,2010-09-26,2010-12-25,True,10-K,0000950123-11-015783,2011-02-18
INTC,2011Q1,net_income,3160000000.0,2010-12-26,2011-04-02,False,10-Q,0000950123-11-047498,2011-05-09
INTC,2011Q2,net_income,2954000000.0,2011-04-03,2011-07-02,False,10-Q,0000950123-11-074495,2011-08-08
INTC,2011Q3,net_income,3468000000.0,2011-07-03,2011-10-01,False,10-Q,0001193125-11-297669,2011-11-04
INTC,2011Q4,net_income,3360000000.0,2011-10-02,2011-12-31,True,10-K,0001193125-12-075534,2012-02-23
INTC,2012Q1,net_income,2738000000.0,2012-01-01,2012-03-31,False,10-Q,0001193125-12-212253,2012-05-04
INTC,2012Q2,net_income,2827000000.0,2012-04-01,2012-06-30,False,10-Q,0001193125-12-329132,2012-08-01
INTC,2012Q3,net_income,2972000000.0,2012-07-01,2012-09-29,False,10-Q,0001193125-12-444095,2012-10-31
INTC,2012Q4,net_income,2468000000.0,2012-09-30,2012-12-29,True,10-K,0001193125-13-065416,2013-02-19
INTC,2013Q1,net_income,2045000000.0,2012-12-30,2013-03-30,False,10-Q,0000050863-13-000043,2013-04-29
INTC,2013Q2,net_income,2000000000.0,2013-03-31,2013-06-29,False,10-Q,0000050863-13-000087,2013-07-29
INTC,2013Q3,net_income,2950000000.0,2013-06-30,2013-09-28,False,10-Q,0000050863-13-000104,2013-10-28
INTC,2013Q4,net_income,2625000000.0,2013-09-29,2013-12-28,True,10-K,0000050863-14-000020,2014-02-14
INTC,2014Q1,net_income,1930000000.0,2013-12-29,2014-03-29,False,10-Q,0000050863-14-000032,2014-04-25
INTC,2014Q2,net_income,2796000000.0,2014-03-30,2014-06-28,False,10-Q,0000050863-14-000058,2014-07-25
INTC,2014Q3,net_income,3317000000.0,2014-06-29,2014-09-27,False,10-Q,0000050863-14-000069,2014-10-29
INTC,2014Q4,net_income,3661000000.0,2014-09-28,2014-12-27,True,10-K,0000050863-15-000015,2015-02-13
INTC,2015Q1,net_income,1992000000.0,2014-12-28,2015-03-28,False,10-Q,0000050863-15-000028,2015-04-27
INTC,2015Q2,net_income,2706000000.0,2015-03-29,2015-06-27,False,10-Q,0000050863-15-000055,2015-07-27
INTC,2015Q3,net_income,3109000000.0,2015-06-28,2015-09-26,False,10-Q,0000050863-15-000072,2015-10-28
INTC,2015Q4,net_income,3613000000.0,2015-09-27,2015-12-26,True,10-K,0000050863-16-000105,2016-02-12
INTC,2016Q1,net_income,2046000000.0,2015-12-27,2016-04-02,False,10-Q,0000050863-16-000125,2016-05-02
INTC,2016Q2,net_income,1330000000.0,2016-04-03,2016-07-02,False,10-Q,0000050863-16-000142,2016-08-01
INTC,2016Q3,net_income,3378000000.0,2016-07-03,2016-10-01,False,10-Q,0000050863-16-000153,2016-10-31
INTC,2016Q4,net_income,3562000000.0,2016-10-02,2016-12-31,True,10-K,0000050863-17-000012,2017-02-17
INTC,2017Q1,net_income,2964000000.0,2017-01-01,2017-04-01,False,10-Q,0000050863-17-000029,2017-04-27
INTC,2017Q2,net_income,2808000000.0,2017-04-02,2017-07-01,False,10-Q,0000050863-17-000041,2017-07-27
INTC,2017Q3,net_income,4516000000.0,2017-07-02,2017-09-30,False,10-Q,0000050863-17-000048,2017-10-26
INTC,2017Q4,net_income,-687000000.0,2017-10-01,2017-12-30,True,10-K,0000050863-18-000007,2018-02-16
INTC,2018Q1,net_income,4454000000.0,2017-12-31,2018-03-31,False,10-Q,0000050863-18-000013,2018-04-27
INTC,2018Q2,net_income,5006000000.0,2018-04-01,2018-06-30,False,10-Q,0000050863-18-000022,2018-07-27
INTC,2018Q3,net_income,6398000000.0,2018-07-01,2018-09-29,False,10-Q,0000050863-18-000029,2018-10-26
INTC,2018Q4,net_income,5195000000.0,2018-09-30,2018-12-29,True,10-K,0000050863-19-000007,2019-02-01
INTC,2019Q1,net_income,3974000000.0,2018-12-30,2019-03-30,False,10-Q,0000050863-19-000013,2019-04-26
INTC,2019Q2,net_income,4179000000.0,2019-03-31,2019-06-29,False,10-Q,0000050863-19-000023,2019-07-26
INTC,2019Q3,net_income,5990000000.0,2019-06-30,2019-09-28,False,10-Q,0000050863-19-000029,2019-10-25
INTC,2019Q4,net_income,6905000000.0,2019-09-29,2019-12-28,True,10-K,0000050863-20-000011,2020-01-24
INTC,2020Q1,net_income,5661000000.0,2019-12-29,2020-03-28,False,10-Q,0000050863-20-000017,2020-04-24
INTC,2020Q2,net_income,5105000000.0,2020-03-29,2020-06-27,False,10-Q,0000050863-20-000026,2020-07-24
INTC,2020Q3,net_income,4276000000.0,2020-06-28,2020-09-26,False,10-Q,0000050863-20-000043,2020-10-23
INTC,2020Q4,net_income,5857000000.0,2020-09-27,2020-12-26,True,10-K,0000050863-21-000010,2021-01-22
INTC,2021Q1,net_income,3361000000.0,2020-12-27,2021-03-27,False,10-Q,0000050863-21-000018,2021-04-23
INTC,2021Q2,net_income,5061000000.0,2021-03-28,2021-06-26,False,10-Q,0000050863-21-000030,2021-07-23
INTC,2021Q3,net_income,6823000000.0,2021-06-27,2021-09-25,False,10-Q,0000050863-21-000038,2021-10-22
INTC,2021Q4,net_income,4623000000.0,2021-09-26,2021-12-25,True,10-K,0000050863-22-000007,2022-01-27
INTC,2022Q1,net_income,8113000000.0,2021-12-26,2022-04-02,False,10-Q,0000050863-22-000020,2022-04-29
INTC,2022Q2,net_income,-454000000.0,2022-04-03,2022-07-02,False,10-Q,0000050863-22-000030,2022-07-29
INTC,2022Q3,net_income,1019000000.0,2022-07-03,2022-10-01,False,10-Q,0000050863-22-000038,2022-10-28
INTC,2022Q4,net_income,-664000000.0,2022-10-02,2022-12-31,True,10-K,0000050863-23-000006,2023-01-27
INTC,2023Q1,net_income,-2758000000.0,2023-01-01,2023-04-01,False,10-Q,0000050863-23-000028,2023-04-28
INTC,2023Q2,net_income,1481000000.0,2023-04-02,2023-07-01,False,10-Q,0000050863-23-000069,2023-07-28
INTC,2023Q3,net_income,297000000.0,2023-07-02,2023-09-30,False,10-Q,0000050863-23-000103,2023-10-27
INTC,2023Q4,net_income,2669000000.0,2023-10-01,2023-12-30,True,10-K,0000050863-24-000010,2024-01-26
INTC,2024Q1,net_income,-381000000.0,2023-12-31,2024-03-30,False,10-Q,0000050863-24-000076,2024-04-26
INTC,2024Q2,net_income,-1610000000.0,2024-03-31,2024-06-29,False,10-Q,0000050863-24-000124,2024-08-02
INTC,2024Q3,net_income,-16639000000.0,2024-06-30,2024-09-28,False,10-Q,0000050863-24-000149,2024-11-01
INTC,2024Q4,net_income,-126000000.0,2024-09-29,2024-12-28,True,10-K,0000050863-25-000009,2025-01-31
INTC,2025Q1,net_income,-821000000.0,2024-12-29,2025-03-29,False,10-Q,0000050863-25-000074,2025-04-25
INTC,2025Q2,net_income,-2918000000.0,2025-03-30,2025-06-28,False,10-Q,0000050863-25-000109,2025-07-24
INTC,2025Q3,net_income,4063000000.0,2025-06-29,2025-09-27,False,10-Q,0000050863-25-000179,2025-11-06
INTC,2025Q4,net_income,-591000000.0,2025-09-28,2025-12-27,True,10-K,0000050863-26-000011,2026-01-23
INTC,2010Q1,operating_income,3448000000.0,2009-12-27,2010-03-27,False,10-Q,0000950123-10-042822,2010-05-03
INTC,2010Q2,operating_income,3981000000.0,2010-03-28,2010-06-26,False,10-Q,0000950123-10-070570,2010-07-30
INTC,2010Q3,operating_income,4136000000.0,2010-06-27,2010-09-25,False,10-Q,0000950123-10-099521,2010-11-02
INTC,2010Q4,operating_income,4023000000.0,2010-09-26,2010-12-25,True,10-K,0000950123-11-015783,2011-02-18
INTC,2011Q1,operating_income,4158000000.0,2010-12-26,2011-04-02,False,10-Q,0000950123-11-047498,2011-05-09
INTC,2011Q2,operating_income,3935000000.0,2011-04-03,2011-07-02,False,10-Q,0000950123-11-074495,2011-08-08
INTC,2011Q3,operating_income,4785000000.0,2011-07-03,2011-10-01,False,10-Q,0001193125-11-297669,2011-11-04
INTC,2011Q4,operating_income,4599000000.0,2011-10-02,2011-12-31,True,10-K,0001193125-12-075534,2012-02-23
INTC,2012Q1,operating_income,3810000000.0,2012-01-01,2012-03-31,False,10-Q,0001193125-12-212253,2012-05-04
INTC,2012Q2,operating_income,3832000000.0,2012-04-01,2012-06-30,False,10-Q,0001193125-12-329132,2012-08-01
INTC,2012Q3,operating_income,3841000000.0,2012-07-01,2012-09-29,False,10-Q,0001193125-12-444095,2012-10-31
INTC,2012Q4,operating_income,3155000000.0,2012-09-30,2012-12-29,True,10-K,0001193125-13-065416,2013-02-19
INTC,2013Q1,operating_income,2519000000.0,2012-12-30,2013-03-30,False,10-Q,0000050863-13-000043,2013-04-29
INTC,2013Q2,operating_income,2719000000.0,2013-03-31,2013-06-29,False,10-Q,0000050863-13-000087,2013-07-29
INTC,2013Q3,operating_income,3504000000.0,2013-06-30,2013-09-28,False,10-Q,0000050863-13-000104,2013-10-28
INTC,2013Q4,operating_income,3549000000.0,2013-09-29,2013-12-28,True,10-K,0000050863-14-000020,2014-02-14
INTC,2014Q1,operating_income,2510000000.0,2013-12-29,2014-03-29,False,10-Q,0000050863-14-000032,2014-04-25
INTC,2014Q2,operating_income,3844000000.0,2014-03-30,2014-06-28,False,10-Q,0000050863-14-000058,2014-07-25
INTC,2014Q3,operating_income,4540000000.0,2014-06-29,2014-09-27,False,10-Q,0000050863-14-000069,2014-10-29
INTC,2014Q4,operating_income,4453000000.0,2014-09-28,2014-12-27,True,10-K,0000050863-15-000015,2015-02-13
INTC,2015Q1,operating_income,2615000000.0,2014-12-28,2015-03-28,False,10-Q,0000050863-15-000028,2015-04-27
INTC,2015Q2,operating_income,2896000000.0,2015-03-29,2015-06-27,False,10-Q,0000050863-15-000055,2015-07-27
INTC,2015Q3,operating_income,4192000000.0,2015-06-28,2015-09-26,False,10-Q,0000050863-15-000072,2015-10-28
INTC,2015Q4,operating_income,4299000000.0,2015-09-27,2015-12-26,True,10-K,0000050863-16-000105,2016-02-12
INTC,2016Q1,operating_income,2568000000.0,2015-12-27,2016-04-02,False,10-Q,0000050863-16-000125,2016-05-02
INTC,2016Q2,operating_income,1318000000.0,2016-04-03,2016-07-02,False,10-Q,0000050863-16-000142,2016-08-01
INTC,2016Q3,operating_income,4462000000.0,2016-07-03,2016-10-01,False,10-Q,0000050863-16-000153,2016-10-31
INTC,2016Q4,operating_income,4526000000.0,2016-10-02,2016-12-31,True,10-K,0000050863-17-000012,2017-02-17
INTC,2017Q1,operating_income,3599000000.0,2017-01-01,2017-04-01,False,10-Q,0000050863-17-000029,2017-04-27
INTC,2017Q2,operating_income,3827000000.0,2017-04-02,2017-07-01,False,10-Q,0000050863-17-000041,2017-07-27
INTC,2017Q3,operating_income,5115000000.0,2017-07-02,2017-09-30,False,10-Q,0000050863-17-000048,2017-10-26
INTC,2017Q4,operating_income,5395000000.0,2017-10-01,2017-12-30,True,10-K,0000050863-18-000007,2018-02-16
INTC,2018Q1,operating_income,4470000000.0,2017-12-31,2018-03-31,False,10-Q,0000050863-18-000013,2018-04-27
INTC,2018Q2,operating_income,5273000000.0,2018-04-01,2018-06-30,False,10-Q,0000050863-18-000022,2018-07-27
INTC,2018Q3,operating_income,7349000000.0,2018-07-01,2018-09-29,False,10-Q,0000050863-18-000029,2018-10-26
INTC,2018Q4,operating_income,6224000000.0,2018-09-30,2018-12-29,True,10-K,0000050863-19-000007,2019-02-01
INTC,2019Q1,operating_income,4174000000.0,2018-12-30,2019-03-30,False,10-Q,0000050863-19-000013,2019-04-26
INTC,2019Q2,operating_income,4617000000.0,2019-03-31,2019-06-29,False,10-Q,0000050863-19-000023,2019-07-26
INTC,2019Q3,operating_income,6447000000.0,2019-06-30,2019-09-28,False,10-Q,0000050863-19-000029,2019-10-25
INTC,2019Q4,operating_income,6797000000.0,2019-09-29,2019-12-28,True,10-K,0000050863-20-000011,2020-01-24
INTC,2020Q1,operating_income,7038000000.0,2019-12-29,2020-03-28,False,10-Q,0000050863-20-000017,2020-04-24
INTC,2020Q2,operating_income,5697000000.0,2020-03-29,2020-06-27,False,10-Q,0000050863-20-000026,2020-07-24
INTC,2020Q3,operating_income,5059000000.0,2020-06-28,2020-09-26,False,10-Q,0000050863-20-000043,2020-10-23
INTC,2020Q4,operating_income,5884000000.0,2020-09-27,2020-12-26,True,10-K,0000050863-21-000010,2021-01-22
INTC,2021Q1,operating_income,3694000000.0,2020-12-27,2021-03-27,False,10-Q,0000050863-21-000018,2021-04-23
INTC,2021Q2,operating_income,5546000000.0,2021-03-28,2021-06-26,False,10-Q,0000050863-21-000030,2021-07-23
INTC,2021Q3,operating_income,5227000000.0,2021-06-27,2021-09-25,False,10-Q,0000050863-21-000038,2021-10-22
INTC,2021Q4,operating_income,4989000000.0,2021-09-26,2021-12-25,True,10-K,0000050863-22-000007,2022-01-27
INTC,2022Q1,operating_income,4341000000.0,2021-12-26,2022-04-02,False,10-Q,0000050863-22-000020,2022-04-29
INTC,2022Q2,operating_income,-700000000.0,2022-04-03,2022-07-02,False,10-Q,0000050863-22-000030,2022-07-29
INTC,2022Q3,operating_income,-175000000.0,2022-07-03,2022-10-01,False,10-Q,0000050863-22-000038,2022-10-28
INTC,2022Q4,operating_income,-1132000000.0,2022-10-02,2022-12-31,True,10-K,0000050863-23-000006,2023-01-27
INTC,2023Q1,operating_income,-1468000000.0,2023-01-01,2023-04-01,False,10-Q,0000050863-23-000028,2023-04-28
INTC,2023Q2,operating_income,-1016000000.0,2023-04-02,2023-07-01,False,10-Q,0000050863-23-000069,2023-07-28
INTC,2023Q3,operating_income,-8000000.0,2023-07-02,2023-09-30,False,10-Q,0000050863-23-000103,2023-10-27
INTC,2023Q4,operating_income,2585000000.0,2023-10-01,2023-12-30,True,10-K,0000050863-24-000010,2024-01-26
INTC,2024Q1,operating_income,-1069000000.0,2023-12-31,2024-03-30,False,10-Q,0000050863-24-000076,2024-04-26
INTC,2024Q2,operating_income,-1964000000.0,2024-03-31,2024-06-29,False,10-Q,0000050863-24-000124,2024-08-02
INTC,2024Q3,operating_income,-9057000000.0,2024-06-30,2024-09-28,False,10-Q,0000050863-24-000149,2024-11-01
INTC,2024Q4,operating_income,412000000.0,2024-09-29,2024-12-28,True,10-K,0000050863-25-000009,2025-01-31
INTC,2025Q1,operating_income,-301000000.0,2024-12-29,2025-03-29,False,10-Q,0000050863-25-000074,2025-04-25
INTC,2025Q2,operating_income,-3176000000.0,2025-03-30,2025-06-28,False,10-Q,0000050863-25-000109,2025-07-24
INTC,2025Q3,operating_income,683000000.0,2025-06-29,2025-09-27,False,10-Q,0000050863-25-000179,2025-11-06
INTC,2025Q4,operating_income,580000000.0,2025-09-28,2025-12-27,True,10-K,0000050863-26-000011,2026-01-23
INTC,2010Q1,revenue,10299000000.0,2009-12-27,2010-03-27,False,10-Q,0000950123-10-042822,2010-05-03
INTC,2010Q2,revenue,10765000000.0,2010-03-28,2010-06-26,False,10-Q,0000950123-10-070570,2010-07-30
INTC,2010Q3,revenue,11102000000.0,2010-06-27,2010-09-25,False,10-Q,0000950123-10-099521,2010-11-02
INTC,2010Q4,revenue,11457000000.0,2010-09-26,2010-12-25,True,10-K,0000950123-11-015783,2011-02-18
INTC,2011Q1,revenue,12847000000.0,2010-12-26,2011-04-02,False,10-Q,0000950123-11-047498,2011-05-09
INTC,2011Q2,revenue,13032000000.0,2011-04-03,2011-07-02,False,10-Q,0000950123-11-074495,2011-08-08
INTC,2011Q3,revenue,14233000000.0,2011-07-03,2011-10-01,False,10-Q,0001193125-11-297669,2011-11-04
INTC,2011Q4,revenue,13887000000.0,2011-10-02,2011-12-31,True,10-K,0001193125-12-075534,2012-02-23
INTC,2012Q1,revenue,12906000000.0,2012-01-01,2012-03-31,False,10-Q,0001193125-12-212253,2012-05-04
INTC,2012Q2,revenue,13501000000.0,2012-04-01,2012-06-30,False,10-Q,0001193125-12-329132,2012-08-01
INTC,2012Q3,revenue,13457000000.0,2012-07-01,2012-09-29,False,10-Q,0001193125-12-444095,2012-10-31
INTC,2012Q4,revenue,13477000000.0,2012-09-30,2012-12-29,True,10-K,0001193125-13-065416,2013-02-19
INTC,2013Q1,revenue,12580000000.0,2012-12-30,2013-03-30,False,10-Q,0000050863-13-000043,2013-04-29
INTC,2013Q2,revenue,12811000000.0,2013-03-31,2013-06-29,False,10-Q,0000050863-13-000087,2013-07-29
INTC,2013Q3,revenue,13483000000.0,2013-06-30,2013-09-28,False,10-Q,0000050863-13-000104,2013-10-28
INTC,2013Q4,revenue,13834000000.0,2013-09-29,2013-12-28,True,10-K,0000050863-14-000020,2014-02-14
INTC,2014Q1,revenue,12764000000.0,2013-12-29,2014-03-29,False,10-Q,0000050863-14-000032,2014-04-25
INTC,2014Q2,revenue,13831000000.0,2014-03-30,2014-06-28,False,10-Q,0000050863-14-000058,2014-07-25
INTC,2014Q3,revenue,14554000000.0,2014-06-29,2014-09-27,False,10-Q,0000050863-14-000069,2014-10-29
INTC,2014Q4,revenue,14721000000.0,2014-09-28,2014-12-27,True,10-K,0000050863-15-000015,2015-02-13
INTC,2015Q1,revenue,12781000000.0,2014-12-28,2015-03-28,False,10-Q,0000050863-15-000028,2015-04-27
INTC,2015Q2,revenue,13195000000.0,2015-03-29,2015-06-27,False,10-Q,0000050863-15-000055,2015-07-27
INTC,2015Q3,revenue,14465000000.0,2015-06-28,2015-09-26,False,10-Q,0000050863-15-000072,2015-10-28
INTC,2015Q4,revenue,14914000000.0,2015-09-27,2015-12-26,True,10-K,0000050863-16-000105,2016-02-12
INTC,2016Q1,revenue,13702000000.0,2015-12-27,2016-04-02,False,10-Q,0000050863-16-000125,2016-05-02
INTC,2016Q2,revenue,13533000000.0,2016-04-03,2016-07-02,False,10-Q,0000050863-16-000142,2016-08-01
INTC,2016Q3,revenue,15778000000.0,2016-07-03,2016-10-01,False,10-Q,0000050863-16-000153,2016-10-31
INTC,2016Q4,revenue,16374000000.0,2016-10-02,2016-12-31,True,10-K,0000050863-19-000007,2019-02-01
INTC,2017Q1,revenue,14796000000.0,2017-01-01,2017-04-01,False,10-Q,0000050863-17-000029,2017-04-27
INTC,2017Q2,revenue,14763000000.0,2017-04-02,2017-07-01,False,10-Q,0000050863-17-000041,2017-07-27
INTC,2017Q3,revenue,16149000000.0,2017-07-02,2017-09-30,False,10-Q,0000050863-18-000029,2018-10-26
INTC,2017Q4,revenue,17053000000.0,2017-10-01,2017-12-30,True,10-K,0000050863-19-000007,2019-02-01
INTC,2018Q1,revenue,16066000000.0,2017-12-31,2018-03-31,False,10-Q,0000050863-19-000013,2019-04-26
INTC,2018Q2,revenue,16962000000.0,2018-04-01,2018-06-30,False,10-Q,0000050863-19-000023,2019-07-26
INTC,2018Q3,revenue,19163000000.0,2018-07-01,2018-09-29,False,10-Q,0000050863-18-000029,2018-10-26
INTC,2018Q4,revenue,18657000000.0,2018-09-30,2018-12-29,True,10-K,0000050863-19-000007,2019-02-01
INTC,2019Q1,revenue,16061000000.0,2018-12-30,2019-03-30,False,10-Q,0000050863-19-000013,2019-04-26
INTC,2019Q2,revenue,16505000000.0,2019-03-31,2019-06-29,False,10-Q,0000050863-19-000023,2019-07-26
INTC,2019Q3,revenue,19190000000.0,2019-06-30,2019-09-28,False,10-Q,0000050863-19-000029,2019-10-25
INTC,2019Q4,revenue,20209000000.0,2019-09-29,2019-12-28,True,10-K,0000050863-20-000011,2020-01-24
INTC,2020Q1,revenue,19828000000.0,2019-12-29,2020-03-28,False,10-Q,0000050863-20-000017,2020-04-24
INTC,2020Q2,revenue,19728000000.0,2020-03-29,2020-06-27,False,10-Q,0000050863-20-000026,2020-07-24
INTC,2020Q3,revenue,18333000000.0,2020-06-28,2020-09-26,False,10-Q,0000050863-20-000043,2020-10-23
INTC,2020Q4,revenue,19978000000.0,2020-09-27,2020-12-26,True,10-K,0000050863-21-000010,2021-01-22
INTC,2021Q1,revenue,19673000000.0,2020-12-27,2021-03-27,False,10-Q,0000050863-21-000018,2021-04-23
INTC,2021Q2,revenue,19631000000.0,2021-03-28,2021-06-26,False,10-Q,0000050863-21-000030,2021-07-23
INTC,2021Q3,revenue,19192000000.0,2021-06-27,2021-09-25,False,10-Q,0000050863-21-000038,2021-10-22
INTC,2021Q4,revenue,20528000000.0,2021-09-26,2021-12-25,True,10-K,0000050863-22-000007,2022-01-27
INTC,2022Q1,revenue,18353000000.0,2021-12-26,2022-04-02,False,10-Q,0000050863-22-000020,2022-04-29
INTC,2022Q2,revenue,15321000000.0,2022-04-03,2022-07-02,False,10-Q,0000050863-22-000030,2022-07-29
INTC,2022Q3,revenue,15338000000.0,2022-07-03,2022-10-01,False,10-Q,0000050863-22-000038,2022-10-28
INTC,2022Q4,revenue,14042000000.0,2022-10-02,2022-12-31,True,10-K,0000050863-23-000006,2023-01-27
INTC,2023Q1,revenue,11715000000.0,2023-01-01,2023-04-01,False,10-Q,0000050863-23-000028,2023-04-28
INTC,2023Q2,revenue,12949000000.0,2023-04-02,2023-07-01,False,10-Q,0000050863-23-000069,2023-07-28
INTC,2023Q3,revenue,14158000000.0,2023-07-02,2023-09-30,False,10-Q,0000050863-23-000103,2023-10-27
INTC,2023Q4,revenue,15406000000.0,2023-10-01,2023-12-30,True,10-K,0000050863-24-000010,2024-01-26
INTC,2024Q1,revenue,12724000000.0,2023-12-31,2024-03-30,False,10-Q,0000050863-24-000076,2024-04-26
INTC,2024Q2,revenue,12833000000.0,2024-03-31,2024-06-29,False,10-Q,0000050863-24-000124,2024-08-02
INTC,2024Q3,revenue,13284000000.0,2024-06-30,2024-09-28,False,10-Q,0000050863-24-000149,2024-11-01
INTC,2024Q4,revenue,14260000000.0,2024-09-29,2024-12-28,True,10-K,0000050863-25-000009,2025-01-31
INTC,2025Q1,revenue,12667000000.0,2024-12-29,2025-03-29,False,10-Q,0000050863-25-000074,2025-04-25
INTC,2025Q2,revenue,12859000000.0,2025-03-30,2025-06-28,False,10-Q,0000050863-25-000109,2025-07-24
INTC,2025Q3,revenue,13653000000.0,2025-06-29,2025-09-27,False,10-Q,0000050863-25-000179,2025-11-06
INTC,2025Q4,revenue,13674000000.0,2025-09-28,2025-12-27,True,10-K,0000050863-26-000011,2026-01-23
META,2010Q3,capex,293000000.0,2010-01-01,2010-12-31,True,10-K,0001326801-13-000003,2013-02-01
META,2011Q2,capex,285000000.0,2011-01-01,2011-06-30,True,10-Q,0001193125-12-325997,2012-07-31
META,2011Q3,capex,136000000.0,2011-07-01,2011-09-30,True,10-Q,0001326801-12-000006,2012-10-24
META,2011Q4,capex,185000000.0,2011-10-01,2011-12-31,True,10-K,0001326801-13-000003,2013-02-01
META,2012Q1,capex,453000000.0,2012-01-01,2012-03-31,False,10-Q,0001326801-13-000011,2013-05-02
META,2012Q2,capex,413000000.0,2012-04-01,2012-06-30,True,10-Q,0001193125-12-325997,2012-07-31
META,2012Q3,capex,171000000.0,2012-07-01,2012-09-30,True,10-Q,0001326801-12-000006,2012-10-24
META,2012Q4,capex,198000000.0,2012-10-01,2012-12-31,True,10-K,0001326801-13-000003,2013-02-01
META,2013Q1,capex,327000000.0,2013-01-01,2013-03-31,False,10-Q,0001326801-13-000011,2013-05-02
META,2013Q2,capex,268000000.0,2013-04-01,2013-06-30,True,10-Q,0001326801-13-000019,2013-07-25
META,2013Q3,capex,284000000.0,2013-07-01,2013-09-30,True,10-Q,0001326801-13-000031,2013-11-01
META,2013Q4,capex,483000000.0,2013-10-01,2013-12-31,True,10-K,0001326801-14-000007,2014-01-31
META,2014Q1,capex,363000000.0,2014-01-01,2014-03-31,False,10-Q,0001326801-14-000023,2014-04-25
META,2014Q2,capex,469000000.0,2014-04-01,2014-06-30,True,10-Q,0001326801-14-000032,2014-07-24
META,2014Q3,capex,482000000.0,2014-07-01,2014-09-30,True,10-Q,0001326801-14-000068,2014-10-30
META,2014Q4,capex,517000000.0,2014-10-01,2014-12-31,True,10-K,0001326801-15-000006,2015-01-29
META,2015Q1,capex,502000000.0,2015-01-01,2015-03-31,False,10-Q,0001326801-15-000015,2015-04-23
META,2015Q2,capex,549000000.0,2015-04-01,2015-06-30,True,10-Q,0001326801-15-000028,2015-07-31
META,2015Q3,capex,780000000.0,2015-07-01,2015-09-30,True,10-Q,0001326801-15-000032,2015-11-05
META,2015Q4,capex,692000000.0,2015-10-01,2015-12-31,True,10-K,0001326801-16-000043,2016-01-28
META,2016Q1,capex,1132000000.0,2016-01-01,2016-03-31,False,10-Q,0001326801-16-000067,2016-04-28
META,2016Q2,capex,995000000.0,2016-04-01,2016-06-30,True,10-Q,0001326801-16-000082,2016-07-28
META,2016Q3,capex,1095000000.0,2016-07-01,2016-09-30,True,10-Q,0001326801-16-000087,2016-11-03
META,2016Q4,capex,1269000000.0,2016-10-01,2016-12-31,True,10-K,0001326801-17-000007,2017-02-03
META,2017Q1,capex,1271000000.0,2017-01-01,2017-03-31,False,10-Q,0001326801-17-000024,2017-05-04
META,2017Q2,capex,1444000000.0,2017-04-01,2017-06-30,True,10-Q,0001326801-17-000038,2017-07-27
META,2017Q3,capex,1755000000.0,2017-07-01,2017-09-30,True,10-Q,0001326801-17-000053,2017-11-02
META,2017Q4,capex,2263000000.0,2017-10-01,2017-12-31,True,10-K,0001326801-18-000009,2018-02-01
META,2018Q1,capex,2812000000.0,2018-01-01,2018-03-31,False,10-Q,0001326801-18-000032,2018-04-26
META,2018Q2,capex,3460000000.0,2018-04-01,2018-06-30,True,10-Q,0001326801-18-000057,2018-07-26
META,2018Q3,capex,3342000000.0,2018-07-01,2018-09-30,True,10-Q,0001326801-18-000067,2018-10-31
META,2018Q4,capex,4301000000.0,2018-10-01,2018-12-31,True,10-K,0001326801-19-000009,2019-01-31
META,2019Q1,capex,3837000000.0,2019-01-01,2019-03-31,False,10-Q,0001326801-19-000037,2019-04-25
META,2019Q2,capex,3633000000.0,2019-04-01,2019-06-30,True,10-Q,0001326801-19-000055,2019-07-25
META,2019Q3,capex,3532000000.0,2019-07-01,2019-09-30,True,10-Q,0001326801-19-000069,2019-10-31
META,2019Q4,capex,4100000000.0,2019-10-01,2019-12-31,True,10-K,0001326801-20-000013,2020-01-30
META,2020Q1,capex,3558000000.0,2020-01-01,2020-03-31,False,10-Q,0001326801-20-000048,2020-04-30
META,2020Q2,capex,3255000000.0,2020-04-01,2020-06-30,True,10-Q,0001326801-20-000076,2020-07-31
META,2020Q3,capex,3689000000.0,2020-07-01,2020-09-30,True,10-Q,0001326801-20-000084,2020-10-30
META,2020Q4,capex,4613000000.0,2020-10-01,2020-12-31,True,10-K,0001326801-21-000014,2021-01-28
META,2021Q1,capex,4272000000.0,2021-01-01,2021-03-31,False,10-Q,0001326801-21-000033,2021-04-29
META,2021Q2,capex,4612000000.0,2021-04-01,2021-06-30,True,10-Q,0001326801-21-000049,2021-07-29
META,2021Q3,capex,4314000000.0,2021-07-01,2021-09-30,True,10-Q,0001326801-21-000065,2021-10-26
META,2021Q4,capex,5369000000.0,2021-10-01,2021-12-31,True,10-K,0001326801-22-000018,2022-02-03
META,2022Q1,capex,5441000000.0,2022-01-01,2022-03-31,False,10-Q,0001326801-22-000057,2022-04-28
META,2022Q2,capex,7572000000.0,2022-04-01,2022-06-30,True,10-Q,0001326801-22-000082,2022-07-28
META,2022Q3,capex,9375000000.0,2022-07-01,2022-09-30,True,10-Q,0001326801-22-000108,2022-10-27
META,2022Q4,capex,9043000000.0,2022-10-01,2022-12-31,True,10-K,0001326801-23-000013,2023-02-02
META,2023Q1,capex,6842000000.0,2023-01-01,2023-03-31,False,10-Q,0001326801-23-000067,2023-04-27
META,2023Q2,capex,6216000000.0,2023-04-01,2023-06-30,True,10-Q,0001326801-23-000093,2023-07-27
META,2023Q3,capex,6543000000.0,2023-07-01,2023-09-30,True,10-Q,0001326801-23-000103,2023-10-26
META,2023Q4,capex,7665000000.0,2023-10-01,2023-12-31,True,10-K,0001326801-24-000012,2024-02-02
META,2024Q1,capex,6400000000.0,2024-01-01,2024-03-31,False,10-Q,0001326801-24-000049,2024-04-25
META,2024Q2,capex,8173000000.0,2024-04-01,2024-06-30,True,10-Q,0001326801-24-000069,2024-08-01
META,2024Q3,capex,8258000000.0,2024-07-01,2024-09-30,True,10-Q,0001326801-24-000081,2024-10-31
META,2024Q4,capex,14425000000.0,2024-10-01,2024-12-31,True,10-K,0001326801-25-000017,2025-01-30
META,2025Q1,capex,12941000000.0,2025-01-01,2025-03-31,False,10-Q,0001326801-25-000054,2025-05-01
META,2025Q2,capex,16538000000.0,2025-04-01,2025-06-30,True,10-Q,0001628280-25-036791,2025-07-31
META,2025Q3,capex,18829000000.0,2025-07-01,2025-09-30,True,10-Q,0001628280-25-047240,2025-10-30
META,2025Q4,capex,21383000000.0,2025-10-01,2025-12-31,True,10-K,0001628280-26-003942,2026-01-29
MSFT,2010Q1,capex,408000000.0,2010-01-01,2010-03-31,False,10-Q,0001193125-10-090116,2010-04-22
MSFT,2010Q2,capex,758000000.0,2010-04-01,2010-06-30,True,10-K,0001193125-10-171791,2010-07-30
MSFT,2010Q3,capex,564000000.0,2010-07-01,2010-09-30,False,10-Q,0001193125-10-239825,2010-10-28
MSFT,2010Q4,capex,491000000.0,2010-10-01,2010-12-31,False,10-Q/A,0001193125-12-026864,2012-01-27
MSFT,2011Q1,capex,658000000.0,2011-01-01,2011-03-31,False,10-Q,0001193125-11-115186,2011-04-28
MSFT,2011Q2,capex,642000000.0,2011-04-01,2011-06-30,True,10-K,0001193125-11-200680,2011-07-28
MSFT,2011Q3,capex,436000000.0,2011-07-01,2011-09-30,False,10-Q,0001193125-11-276022,2011-10-20
MSFT,2011Q4,capex,498000000.0,2011-10-01,2011-12-31,False,10-Q/A,0001193125-12-026864,2012-01-27
MSFT,2012Q1,capex,749000000.0,2012-01-01,2012-03-31,False,10-Q,0001193125-12-170665,2012-04-19
MSFT,2012Q2,capex,622000000.0,2012-04-01,2012-06-30,True,10-K,0001193125-12-316848,2012-07-26
MSFT,2012Q3,capex,603000000.0,2012-07-01,2012-09-30,False,10-Q,0001193125-12-427209,2012-10-18
MSFT,2012Q4,capex,930000000.0,2012-10-01,2012-12-31,False,10-Q,0001193125-13-022207,2013-01-24
MSFT,2013Q1,capex,930000000.0,2013-01-01,2013-03-31,False,10-Q,0001193125-13-160748,2013-04-18
MSFT,2013Q2,capex,1794000000.0,2013-04-01,2013-06-30,True,10-K,0001193125-13-310206,2013-07-30
MSFT,2013Q3,capex,1231000000.0,2013-07-01,2013-09-30,False,10-Q,0001193125-13-409855,2013-10-24
MSFT,2013Q4,capex,1732000000.0,2013-10-01,2013-12-31,False,10-Q,0001193125-14-018634,2014-01-23
MSFT,2014Q1,capex,1192000000.0,2014-01-01,2014-03-31,False,10-Q,0001193125-14-157088,2014-04-24
MSFT,2014Q2,capex,1330000000.0,2014-04-01,2014-06-30,True,10-K,0001193125-14-289961,2014-07-31
MSFT,2014Q3,capex,1282000000.0,2014-07-01,2014-09-30,False,10-Q,0001193125-14-380252,2014-10-23
MSFT,2014Q4,capex,1490000000.0,2014-10-01,2014-12-31,False,10-Q,0001193125-15-020351,2015-01-26
MSFT,2015Q1,capex,1391000000.0,2015-01-01,2015-03-31,False,10-Q,0001193125-15-144151,2015-04-23
MSFT,2015Q2,capex,1781000000.0,2015-04-01,2015-06-30,True,10-K,0001193125-15-272806,2015-07-31
MSFT,2015Q3,capex,1356000000.0,2015-07-01,2015-09-30,False,10-Q,0001193125-15-350718,2015-10-22
MSFT,2015Q4,capex,2024000000.0,2015-10-01,2015-12-31,False,10-Q,0001193125-16-441821,2016-01-28
MSFT,2016Q1,capex,2308000000.0,2016-01-01,2016-03-31,False,10-Q,0001193125-16-550254,2016-04-21
MSFT,2016Q2,capex,2655000000.0,2016-04-01,2016-06-30,True,10-K,0001193125-16-662209,2016-07-28
MSFT,2016Q3,capex,2163000000.0,2016-07-01,2016-09-30,False,10-Q,0001193125-16-742796,2016-10-20
MSFT,2016Q4,capex,1988000000.0,2016-10-01,2016-12-31,False,10-Q,0001564590-17-000654,2017-01-26
MSFT,2017Q1,capex,1695000000.0,2017-01-01,2017-03-31,False,10-Q,0001564590-17-007547,2017-04-27
MSFT,2017Q2,capex,2283000000.0,2017-04-01,2017-06-30,True,10-K,0001564590-17-014900,2017-08-02
MSFT,2017Q3,capex,2132000000.0,2017-07-01,2017-09-30,False,10-Q,0001564590-17-020171,2017-10-26
MSFT,2017Q4,capex,2586000000.0,2017-10-01,2017-12-31,False,10-Q,0001564590-18-001129,2018-01-31
MSFT,2018Q1,capex,2934000000.0,2018-01-01,2018-03-31,False,10-Q,0001564590-18-009307,2018-04-26
MSFT,2018Q2,capex,3980000000.0,2018-04-01,2018-06-30,True,10-K,0001564590-18-019062,2018-08-03
MSFT,2018Q3,capex,3602000000.0,2018-07-01,2018-09-30,False,10-Q,0001564590-18-024893,2018-10-24
MSFT,2018Q4,capex,3707000000.0,2018-10-01,2018-12-31,False,10-Q,0001564590-19-001392,2019-01-30
MSFT,2019Q1,capex,2565000000.0,2019-01-01,2019-03-31,False,10-Q,0001564590-19-012709,2019-04-24
MSFT,2019Q2,capex,4051000000.0,2019-04-01,2019-06-30,True,10-K,0001564590-19-027952,2019-08-01
MSFT,2019Q3,capex,3385000000.0,2019-07-01,2019-09-30,False,10-Q,0001564590-19-037549,2019-10-23
MSFT,2019Q4,capex,3545000000.0,2019-10-01,2019-12-31,False,10-Q,0001564590-20-002450,2020-01-29
MSFT,2020Q1,capex,3767000000.0,2020-01-01,2020-03-31,False,10-Q,0001564590-20-019706,2020-04-29
MSFT,2020Q2,capex,4744000000.0,2020-04-01,2020-06-30,True,10-K,0001564590-20-034944,2020-07-30
MSFT,2020Q3,capex,4907000000.0,2020-07-01,2020-09-30,False,10-Q,0001564590-20-047996,2020-10-27
MSFT,2020Q4,capex,4174000000.0,2020-10-01,2020-12-31,False,10-Q,0001564590-21-002316,2021-01-26
MSFT,2021Q1,capex,5089000000.0,2021-01-01,2021-03-31,False,10-Q,0001564590-21-020891,2021-04-27
MSFT,2021Q2,capex,6452000000.0,2021-04-01,2021-06-30,True,10-K,0001564590-21-039151,2021-07-29
MSFT,2021Q3,capex,5810000000.0,2021-07-01,2021-09-30,False,10-Q,0001564590-21-051992,2021-10-26
MSFT,2021Q4,capex,5865000000.0,2021-10-01,2021-12-31,False,10-Q,0001564590-22-002324,2022-01-25
MSFT,2022Q1,capex,5340000000.0,2022-01-01,2022-03-31,False,10-Q,0001564590-22-015675,2022-04-26
MSFT,2022Q2,capex,6871000000.0,2022-04-01,2022-06-30,True,10-K,0001564590-22-026876,2022-07-28
MSFT,2022Q3,capex,6283000000.0,2022-07-01,2022-09-30,False,10-Q,0001564590-22-035087,2022-10-25
MSFT,2022Q4,capex,6274000000.0,2022-10-01,2022-12-31,False,10-Q,0001564590-23-000733,2023-01-24
MSFT,2023Q1,capex,6607000000.0,2023-01-01,2023-03-31,False,10-Q,0000950170-23-014423,2023-04-25
MSFT,2023Q2,capex,8943000000.0,2023-04-01,2023-06-30,True,10-K,0000950170-23-035122,2023-07-27
MSFT,2023Q3,capex,9917000000.0,2023-07-01,2023-09-30,False,10-Q,0000950170-23-054855,2023-10-24
MSFT,2023Q4,capex,9735000000.0,2023-10-01,2023-12-31,False,10-Q,0000950170-24-008814,2024-01-30
MSFT,2024Q1,capex,10952000000.0,2024-01-01,2024-03-31,False,10-Q,0000950170-24-048288,2024-04-25
MSFT,2024Q2,capex,13873000000.0,2024-04-01,2024-06-30,True,10-K,0000950170-24-087843,2024-07-30
MSFT,2024Q3,capex,14923000000.0,2024-07-01,2024-09-30,False,10-Q,0000950170-24-118967,2024-10-30
MSFT,2024Q4,capex,15804000000.0,2024-10-01,2024-12-31,False,10-Q,0000950170-25-010491,2025-01-29
MSFT,2025Q1,capex,16745000000.0,2025-01-01,2025-03-31,False,10-Q,0000950170-25-061046,2025-04-30
MSFT,2025Q2,capex,17079000000.0,2025-04-01,2025-06-30,True,10-K,0000950170-25-100235,2025-07-30
MSFT,2025Q3,capex,19394000000.0,2025-07-01,2025-09-30,False,10-Q,0001193125-25-256321,2025-10-29
MSFT,2025Q4,capex,29876000000.0,2025-10-01,2025-12-31,False,10-Q,0001193125-26-027207,2026-01-28
NVDA,2010Q1,diluted_shares,590997.0,2010-02-01,2010-05-02,False,10-Q,0001045810-10-000018,2010-05-21
NVDA,2010Q2,diluted_shares,572764.0,2010-05-03,2010-08-01,False,10-Q,0001045810-10-000029,2010-08-30
NVDA,2010Q3,diluted_shares,582648.0,2010-08-02,2010-10-31,False,10-Q,0001045810-10-000045,2010-12-07
NVDA,2011Q1,diluted_shares,613474.0,2011-01-31,2011-05-01,False,10-Q,0001045810-11-000031,2011-05-27
NVDA,2011Q2,diluted_shares,613934.0,2011-05-02,2011-07-31,False,10-Q,0001045810-11-000046,2011-08-25
NVDA,2011Q3,diluted_shares,613560000.0,2011-08-01,2011-10-30,False,10-Q,0001045810-11-000056,2011-11-22
NVDA,2012Q1,diluted_shares,623786000.0,2012-01-30,2012-04-29,False,10-Q,0001045810-12-000027,2012-05-23
NVDA,2012Q2,diluted_shares,623143000.0,2012-04-30,2012-07-29,False,10-Q,0001045810-12-000036,2012-08-22
NVDA,2012Q3,diluted_shares,628845000.0,2012-07-30,2012-10-28,False,10-Q,0001045810-12-000060,2012-11-19
NVDA,2013Q1,diluted_shares,619302000.0,2013-01-28,2013-04-28,False,10-Q,0001045810-13-000054,2013-05-22
NVDA,2013Q2,diluted_shares,592006000.0,2013-04-29,2013-07-28,False,10-Q,0001045810-13-000075,2013-08-21
NVDA,2013Q3,diluted_shares,588752000.0,2013-07-29,2013-10-27,False,10-Q,0001045810-13-000109,2013-11-19
NVDA,2014Q1,diluted_shares,570422000.0,2014-01-27,2014-04-27,False,10-Q,0001045810-14-000085,2014-05-21
NVDA,2014Q2,diluted_shares,570572000.0,2014-04-28,2014-07-27,False,10-Q,0001045810-14-000158,2014-08-20
NVDA,2014Q3,diluted_shares,558201000.0,2014-07-28,2014-10-26,False,10-Q,0001045810-14-000188,2014-11-19
NVDA,2015Q1,diluted_shares,568000000.0,2015-01-26,2015-04-26,False,10-Q,0001045810-15-000097,2015-05-20
NVDA,2015Q2,diluted_shares,556000000.0,2015-04-27,2015-07-26,False,10-Q,0001045810-15-000143,2015-08-19
NVDA,2015Q3,diluted_shares,565000000.0,2015-07-27,2015-10-25,False,10-Q,0001045810-15-000173,2015-11-18
NVDA,2016Q1,diluted_shares,597000000.0,2016-02-01,2016-05-01,False,10-Q,0001045810-16-000275,2016-05-25
NVDA,2016Q2,diluted_shares,631000000.0,2016-05-02,2016-07-31,False,10-Q,0001045810-16-000300,2016-08-23
NVDA,2016Q3,diluted_shares,653000000.0,2016-08-01,2016-10-30,False,10-Q,0001045810-16-000353,2016-11-22
NVDA,2017Q1,diluted_shares,641000000.0,2017-01-30,2017-04-30,False,10-Q,0001045810-17-000075,2017-05-23
NVDA,2017Q2,diluted_shares,633000000.0,2017-05-01,2017-07-30,False,10-Q,0001045810-17-000123,2017-08-23
NVDA,2017Q3,diluted_shares,628000000.0,2017-07-31,2017-10-29,False,10-Q,0001045810-17-000172,2017-11-21
NVDA,2018Q1,diluted_shares,627000000.0,2018-01-29,2018-04-29,False,10-Q,0001045810-18-000080,2018-05-22
NVDA,2018Q2,diluted_shares,626000000.0,2018-04-30,2018-07-29,False,10-Q,0001045810-18-000114,2018-08-16
NVDA,2018Q3,diluted_shares,625000000.0,2018-07-30,2018-10-28,False,10-Q,0001045810-18-000150,2018-11-15
NVDA,2019Q1,diluted_shares,616000000.0,2019-01-28,2019-04-28,False,10-Q,0001045810-19-000079,2019-05-16
NVDA,2019Q2,diluted_shares,616000000.0,2019-04-29,2019-07-28,False,10-Q,0001045810-19-000144,2019-08-15
NVDA,2019Q3,diluted_shares,618000000.0,2019-07-29,2019-10-27,False,10-Q,0001045810-19-000170,2019-11-14
NVDA,2020Q1,diluted_shares,622000000.0,2020-01-27,2020-04-26,False,10-Q,0001045810-20-000065,2020-05-21
NVDA,2020Q2,diluted_shares,626000000.0,2020-04-27,2020-07-26,False,10-Q,0001045810-20-000147,2020-08-19
NVDA,2020Q3,diluted_shares,630000000.0,2020-07-27,2020-10-25,False,10-Q,0001045810-20-000189,2020-11-18
NVDA,2021Q1,diluted_shares,632000000.0,2021-02-01,2021-05-02,False,10-Q,0001045810-21-000064,2021-05-26
NVDA,2021Q2,diluted_shares,2532000000.0,2021-05-03,2021-08-01,False,10-Q,0001045810-21-000131,2021-08-20
NVDA,2021Q3,diluted_shares,2538000000.0,2021-08-02,2021-10-31,False,10-Q,0001045810-21-000163,2021-11-22
NVDA,2022Q1,diluted_shares,2537000000.0,2022-01-31,2022-05-01,False,10-Q,0001045810-22-000079,2022-05-27
NVDA,2022Q2,diluted_shares,2516000000.0,2022-05-02,2022-07-31,False,10-Q,0001045810-22-000147,2022-08-31
NVDA,2022Q3,diluted_shares,2499000000.0,2022-08-01,2022-10-30,False,10-Q,0001045810-22-000166,2022-11-18
NVDA,2023Q1,diluted_shares,2490000000.0,2023-01-30,2023-04-30,False,10-Q,0001045810-23-000093,2023-05-26
NVDA,2023Q2,diluted_shares,2499000000.0,2023-05-01,2023-07-30,False,10-Q,0001045810-23-000175,2023-08-28
NVDA,2023Q3,diluted_shares,2494000000.0,2023-07-31,2023-10-29,False,10-Q,0001045810-23-000227,2023-11-21
NVDA,2024Q1,diluted_shares,2489000000.0,2024-01-29,2024-04-28,False,10-Q,0001045810-24-000124,2024-05-29
NVDA,2024Q2,diluted_shares,24848000000.0,2024-04-29,2024-07-28,False,10-Q,0001045810-24-000264,2024-08-28
NVDA,2024Q3,diluted_shares,24774000000.0,2024-07-29,2024-10-27,False,10-Q,0001045810-24-000316,2024-11-20
NVDA,2025Q1,diluted_shares,24611000000.0,2025-01-27,2025-04-27,False,10-Q,0001045810-25-000116,2025-05-28
NVDA,2025Q2,diluted_shares,24532000000.0,2025-04-28,2025-07-27,False,10-Q,0001045810-25-000209,2025-08-27
NVDA,2025Q3,diluted_shares,24483000000.0,2025-07-28,2025-10-26,False,10-Q,0001045810-25-000230,2025-11-19
NVDA,2010Q1,eps_diluted,0.23,2010-02-01,2010-05-02,False,10-Q,0001045810-10-000018,2010-05-21
NVDA,2010Q2,eps_diluted,-0.25,2010-05-03,2010-08-01,False,10-Q,0001045810-10-000029,2010-08-30
NVDA,2010Q3,eps_diluted,0.15,2010-08-02,2010-10-31,False,10-Q,0001045810-10-000045,2010-12-07
NVDA,2010Q4,eps_diluted,0.29,2010-11-01,2011-01-30,False,10-K,0001045810-11-000015,2011-03-16
NVDA,2011Q1,eps_diluted,0.22,2011-01-31,2011-05-01,False,10-Q,0001045810-11-000031,2011-05-27
NVDA,2011Q2,eps_diluted,0.25,2011-05-02,2011-07-31,False,10-Q,0001045810-11-000046,2011-08-25
NVDA,2011Q3,eps_diluted,0.29,2011-08-01,2011-10-30,False,10-Q,0001045810-11-000056,2011-11-22
NVDA,2011Q4,eps_diluted,0.19,2011-10-31,2012-01-29,False,10-K,0001045810-12-000013,2012-03-13
NVDA,2012Q1,eps_diluted,0.1,2012-01-30,2012-04-29,False,10-Q,0001045810-12-000027,2012-05-23
NVDA,2012Q2,eps_diluted,0.19,2012-04-30,2012-07-29,False,10-Q,0001045810-12-000036,2012-08-22
NVDA,2012Q3,eps_diluted,0.33,2012-07-30,2012-10-28,False,10-Q,0001045810-12-000060,2012-11-19
NVDA,2012Q4,eps_diluted,0.28,2012-10-29,2013-01-27,False,10-K,0001045810-13-000008,2013-03-12
NVDA,2013Q1,eps_diluted,0.13,2013-01-28,2013-04-28,False,10-Q,0001045810-13-000054,2013-05-22
NVDA,2013Q2,eps_diluted,0.16,2013-04-29,2013-07-28,False,10-Q,0001045810-13-000075,2013-08-21
NVDA,2013Q3,eps_diluted,0.2,2013-07-29,2013-10-27,False,10-Q,0001045810-13-000109,2013-11-19
NVDA,2013Q4,eps_diluted,0.25,2013-10-28,2014-01-26,False,10-K,0001045810-14-000030,2014-03-13
NVDA,2014Q1,eps_diluted,0.24,2014-01-27,2014-04-27,False,10-Q,0001045810-14-000085,2014-05-21
NVDA,2014Q2,eps_diluted,0.22,2014-04-28,2014-07-27,False,10-Q,0001045810-14-000158,2014-08-20
NVDA,2014Q3,eps_diluted,0.31,2014-07-28,2014-10-26,False,10-Q,0001045810-14-000188,2014-11-19
NVDA,2014Q4,eps_diluted,0.35,2014-10-27,2015-01-25,False,10-K,0001045810-15-000036,2015-03-12
NVDA,2015Q1,eps_diluted,0.24,2015-01-26,2015-04-26,False,10-Q,0001045810-15-000097,2015-05-20
NVDA,2015Q2,eps_diluted,0.05,2015-04-27,2015-07-26,False,10-Q,0001045810-15-000143,2015-08-19
NVDA,2015Q3,eps_diluted,0.44,2015-07-27,2015-10-25,False,10-Q,0001045810-15-000173,2015-11-18
NVDA,2015Q4,eps_diluted,0.35,2015-10-26,2016-01-31,False,10-K,0001045810-16-000205,2016-03-17
NVDA,2016Q1,eps_diluted,0.33,2016-02-01,2016-05-01,False,10-Q,0001045810-16-000275,2016-05-25
NVDA,2016Q2,eps_diluted,0.4,2016-05-02,2016-07-31,False,10-Q,0001045810-16-000300,2016-08-23
NVDA,2016Q3,eps_diluted,0.83,2016-08-01,2016-10-30,False,10-Q,0001045810-16-000353,2016-11-22
NVDA,2016Q4,eps_diluted,0.99,2016-10-31,2017-01-29,False,10-K,0001045810-17-000027,2017-03-01
NVDA,2017Q1,eps_diluted,0.79,2017-01-30,2017-04-30,False,10-Q,0001045810-17-000075,2017-05-23
NVDA,2017Q2,eps_diluted,0.92,2017-05-01,2017-07-30,False,10-Q,0001045810-17-000123,2017-08-23
NVDA,2017Q3,eps_diluted,1.33,2017-07-31,2017-10-29,False,10-Q,0001045810-17-000172,2017-11-21
NVDA,2017Q4,eps_diluted,1.78,2017-10-30,2018-01-28,False,10-K,0001045810-18-000010,2018-02-28
NVDA,2018Q1,eps_diluted,1.98,2018-01-29,2018-04-29,False,10-Q,0001045810-18-000080,2018-05-22
NVDA,2018Q2,eps_diluted,1.76,2018-04-30,2018-07-29,False,10-Q,0001045810-18-000114,2018-08-16
NVDA,2018Q3,eps_diluted,1.97,2018-07-30,2018-10-28,False,10-Q,0001045810-18-000150,2018-11-15
NVDA,2018Q4,eps_diluted,0.92,2018-10-29,2019-01-27,False,10-K,0001045810-19-000023,2019-02-21
NVDA,2019Q1,eps_diluted,0.64,2019-01-28,2019-04-28,False,10-Q,0001045810-19-000079,2019-05-16
NVDA,2019Q2,eps_diluted,0.9,2019-04-29,2019-07-28,False,10-Q,0001045810-19-000144,2019-08-15
NVDA,2019Q3,eps_diluted,1.45,2019-07-29,2019-10-27,False,10-Q,0001045810-19-000170,2019-11-14
NVDA,2019Q4,eps_diluted,1.53,2019-10-28,2020-01-26,False,10-K,0001045810-20-000010,2020-02-20
NVDA,2020Q1,eps_diluted,1.47,2020-01-27,2020-04-26,False,10-Q,0001045810-20-000065,2020-05-21
NVDA,2020Q2,eps_diluted,0.99,2020-04-27,2020-07-26,False,10-Q,0001045810-20-000147,2020-08-19
NVDA,2020Q3,eps_diluted,2.12,2020-07-27,2020-10-25,False,10-Q,0001045810-20-000189,2020-11-18
NVDA,2021Q1,eps_diluted,3.03,2021-02-01,2021-05-02,False,10-Q,0001045810-21-000064,2021-05-26
NVDA,2021Q2,eps_diluted,0.94,2021-05-03,2021-08-01,False,10-Q,0001045810-21-000131,2021-08-20
NVDA,2021Q3,eps_diluted,0.97,2021-08-02,2021-10-31,False,10-Q,0001045810-21-000163,2021-11-22
NVDA,2022Q1,eps_diluted,0.64,2022-01-31,2022-05-01,False,10-Q,0001045810-22-000079,2022-05-27
NVDA,2022Q2,eps_diluted,0.26,2022-05-02,2022-07-31,False,10-Q,0001045810-22-000147,2022-08-31
NVDA,2022Q3,eps_diluted,0.27,2022-08-01,2022-10-30,False,10-Q,0001045810-22-000166,2022-11-18
NVDA,2023Q1,eps_diluted,0.82,2023-01-30,2023-04-30,False,10-Q,0001045810-23-000093,2023-05-26
NVDA,2023Q2,eps_diluted,2.48,2023-05-01,2023-07-30,False,10-Q,0001045810-23-000175,2023-08-28
NVDA,2023Q3,eps_diluted,3.71,2023-07-31,2023-10-29,False,10-Q,0001045810-23-000227,2023-11-21
NVDA,2024Q1,eps_diluted,5.98,2024-01-29,2024-04-28,False,10-Q,0001045810-24-000124,2024-05-29
NVDA,2024Q2,eps_diluted,0.67,2024-04-29,2024-07-28,False,10-Q,0001045810-24-000264,2024-08-28
NVDA,2024Q3,eps_diluted,0.78,2024-07-29,2024-10-27,False,10-Q,0001045810-24-000316,2024-11-20
NVDA,2025Q1,eps_diluted,0.76,2025-01-27,2025-04-27,False,10-Q,0001045810-25-000116,2025-05-28
NVDA,2025Q2,eps_diluted,1.08,2025-04-28,2025-07-27,False,10-Q,0001045810-25-000209,2025-08-27
NVDA,2025Q3,eps_diluted,1.3,2025-07-28,2025-10-26,False,10-Q,0001045810-25-000230,2025-11-19
NVDA,2010Q1,gross_profit,456377000.0,2010-02-01,2010-05-02,False,10-Q,0001045810-10-000018,2010-05-21
NVDA,2010Q2,gross_profit,134292000.0,2010-05-03,2010-08-01,False,10-Q,0001045810-10-000029,2010-08-30
NVDA,2010Q3,gross_profit,392062000.0,2010-08-02,2010-10-31,False,10-Q,0001045810-10-000045,2010-12-07
NVDA,2010Q4,gross_profit,426359000.0,2010-11-01,2011-01-30,False,10-K,0001045810-11-000015,2011-03-16
NVDA,2011Q1,gross_profit,484503000.0,2011-01-31,2011-05-01,False,10-Q,0001045810-11-000031,2011-05-27
NVDA,2011Q2,gross_profit,525284000.0,2011-05-02,2011-07-31,False,10-Q,0001045810-11-000046,2011-08-25
NVDA,2011Q3,gross_profit,556717000.0,2011-08-01,2011-10-30,False,10-Q,0001045810-11-000056,2011-11-22
NVDA,2011Q4,gross_profit,490013000.0,2011-10-31,2012-01-29,False,10-K,0001045810-12-000013,2012-03-13
NVDA,2012Q1,gross_profit,463364000.0,2012-01-30,2012-04-29,False,10-Q,0001045810-12-000027,2012-05-23
NVDA,2012Q2,gross_profit,540719000.0,2012-04-30,2012-07-29,False,10-Q,0001045810-12-000036,2012-08-22
NVDA,2012Q3,gross_profit,636658000.0,2012-07-30,2012-10-28,False,10-Q,0001045810-12-000060,2012-11-19
NVDA,2012Q4,gross_profit,585602000.0,2012-10-29,2013-01-27,False,10-K,0001045810-13-000008,2013-03-12
NVDA,2013Q1,gross_profit,518568000.0,2013-01-28,2013-04-28,False,10-Q,0001045810-13-000054,2013-05-22
NVDA,2013Q2,gross_profit,545538000.0,2013-04-29,2013-07-28,False,10-Q,0001045810-13-000075,2013-08-21
NVDA,2013Q3,gross_profit,584415000.0,2013-07-29,2013-10-27,False,10-Q,0001045810-13-000109,2013-11-19
NVDA,2013Q4,gross_profit,619242000.0,2013-10-28,2014-01-26,False,10-K,0001045810-14-000030,2014-03-13
NVDA,2014Q1,gross_profit,604202000.0,2014-01-27,2014-04-27,False,10-Q,0001045810-14-000085,2014-05-21
NVDA,2014Q2,gross_profit,618974000.0,2014-04-28,2014-07-27,False,10-Q,0001045810-14-000158,2014-08-20
NVDA,2014Q3,gross_profit,676698000.0,2014-07-28,2014-10-26,False,10-Q,0001045810-14-000188,2014-11-19
NVDA,2014Q4,gross_profit,699603000.0,2014-10-27,2015-01-25,False,10-K,0001045810-15-000036,2015-03-12
NVDA,2015Q1,gross_profit,653000000.0,2015-01-26,2015-04-26,False,10-Q,0001045810-15-000097,2015-05-20
NVDA,2015Q2,gross_profit,634000000.0,2015-04-27,2015-07-26,False,10-Q,0001045810-15-000143,2015-08-19
NVDA,2015Q3,gross_profit,734000000.0,2015-07-27,2015-10-25,False,10-Q,0001045810-15-000173,2015-11-18
NVDA,2015Q4,gross_profit,791000000.0,2015-10-26,2016-01-31,False,10-K,0001045810-16-000205,2016-03-17
NVDA,2016Q1,gross_profit,751000000.0,2016-02-01,2016-05-01,False,10-Q,0001045810-16-000275,2016-05-25
NVDA,2016Q2,gross_profit,826000000.0,2016-05-02,2016-07-31,False,10-Q,0001045810-16-000300,2016-08-23
NVDA,2016Q3,gross_profit,1183000000.0,2016-08-01,2016-10-30,False,10-Q,0001045810-16-000353,2016-11-22
NVDA,2016Q4,gross_profit,1303000000.0,2016-10-31,2017-01-29,False,10-K,0001045810-17-000027,2017-03-01
NVDA,2017Q1,gross_profit,1150000000.0,2017-01-30,2017-04-30,False,10-Q,0001045810-17-000075,2017-05-23
NVDA,2017Q2,gross_profit,1302000000.0,2017-05-01,2017-07-30,False,10-Q,0001045810-17-000123,2017-08-23
NVDA,2017Q3,gross_profit,1569000000.0,2017-07-31,2017-10-29,False,10-Q,0001045810-17-000172,2017-11-21
NVDA,2017Q4,gross_profit,1801000000.0,2017-10-30,2018-01-28,False,10-K,0001045810-18-000010,2018-02-28
NVDA,2018Q1,gross_profit,2068000000.0,2018-01-29,2018-04-29,False,10-Q,0001045810-18-000080,2018-05-22
NVDA,2018Q2,gross_profit,1975000000.0,2018-04-30,2018-07-29,False,10-Q,0001045810-18-000114,2018-08-16
NVDA,2018Q3,gross_profit,1921000000.0,2018-07-30,2018-10-28,False,10-Q,0001045810-18-000150,2018-11-15
NVDA,2018Q4,gross_profit,1207000000.0,2018-10-29,2019-01-27,False,10-K,0001045810-19-000023,2019-02-21
NVDA,2019Q1,gross_profit,1296000000.0,2019-01-28,2019-04-28,False,10-Q,0001045810-19-000079,2019-05-16
NVDA,2019Q2,gross_profit,1541000000.0,2019-04-29,2019-07-28,False,10-Q,0001045810-19-000144,2019-08-15
NVDA,2019Q3,gross_profit,1916000000.0,2019-07-29,2019-10-27,False,10-Q,0001045810-19-000170,2019-11-14
NVDA,2019Q4,gross_profit,2015000000.0,2019-10-28,2020-01-26,False,10-K,0001045810-20-000010,2020-02-20
NVDA,2020Q1,gross_profit,2004000000.0,2020-01-27,2020-04-26,False,10-Q,0001045810-20-000065,2020-05-21
NVDA,2020Q2,gross_profit,2275000000.0,2020-04-27,2020-07-26,False,10-Q,0001045810-20-000147,2020-08-19
NVDA,2020Q3,gross_profit,2960000000.0,2020-07-27,2020-10-25,False,10-Q,0001045810-20-000189,2020-11-18
NVDA,2020Q4,gross_profit,3157000000.0,2020-10-26,2021-01-31,True,10-K,0001045810-21-000010,2021-02-26
NVDA,2021Q1,gross_profit,3629000000.0,2021-02-01,2021-05-02,False,10-Q,0001045810-21-000064,2021-05-26
NVDA,2021Q2,gross_profit,4215000000.0,2021-05-03,2021-08-01,False,10-Q,0001045810-21-000131,2021-08-20
NVDA,2021Q3,gross_profit,4631000000.0,2021-08-02,2021-10-31,False,10-Q,0001045810-21-000163,2021-11-22
NVDA,2021Q4,gross_profit,5000000000.0,2021-11-01,2022-01-30,True,10-K,0001045810-22-000036,2022-03-18
NVDA,2022Q1,gross_profit,5431000000.0,2022-01-31,2022-05-01,False,10-Q,0001045810-22-000079,2022-05-27
NVDA,2022Q2,gross_profit,2915000000.0,2022-05-02,2022-07-31,False,10-Q,0001045810-22-000147,2022-08-31
NVDA,2022Q3,gross_profit,3177000000.0,2022-08-01,2022-10-30,False,10-Q,0001045810-22-000166,2022-11-18
NVDA,2022Q4,gross_profit,3833000000.0,2022-10-31,2023-01-29,True,10-K,0001045810-23-000017,2023-02-24
NVDA,2023Q1,gross_profit,4648000000.0,2023-01-30,2023-04-30,False,10-Q,0001045810-23-000093,2023-05-26
NVDA,2023Q2,gross_profit,9462000000.0,2023-05-01,2023-07-30,False,10-Q,0001045810-23-000175,2023-08-28
NVDA,2023Q3,gross_profit,13400000000.0,2023-07-31,2023-10-29,False,10-Q,0001045810-23-000227,2023-11-21
NVDA,2023Q4,gross_profit,16791000000.0,2023-10-30,2024-01-28,True,10-K,0001045810-24-000029,2024-02-21
NVDA,2024Q1,gross_profit,20406000000.0,2024-01-29,2024-04-28,False,10-Q,0001045810-24-000124,2024-05-29
NVDA,2024Q2,gross_profit,22574000000.0,2024-04-29,2024-07-28,False,10-Q,0001045810-24-000264,2024-08-28
NVDA,2024Q3,gross_profit,26156000000.0,2024-07-29,2024-10-27,False,10-Q,0001045810-24-000316,2024-11-20
NVDA,2024Q4,gross_profit,28722000000.0,2024-10-28,2025-01-26,True,10-K,0001045810-25-000023,2025-02-26
NVDA,2025Q1,gross_profit,26668000000.0,2025-01-27,2025-04-27,False,10-Q,0001045810-25-000116,2025-05-28
NVDA,2025Q2,gross_profit,33853000000.0,2025-04-28,2025-07-27,False,10-Q,0001045810-25-000209,2025-08-27
NVDA,2025Q3,gross_profit,41849000000.0,2025-07-28,2025-10-26,False,10-Q,0001045810-25-000230,2025-11-19
NVDA,2025Q4,gross_profit,51093000000.0,2025-10-27,2026-01-25,True,10-K,0001045810-26-000021,2026-02-25
NVDA,2010Q1,net_income,137594000.0,2010-02-01,2010-05-02,False,10-Q,0001045810-10-000018,2010-05-21
NVDA,2010Q2,net_income,-140961000.0,2010-05-03,2010-08-01,False,10-Q,0001045810-10-000029,2010-08-30
NVDA,2010Q3,net_income,84862000.0,2010-08-02,2010-10-31,False,10-Q,0001045810-10-000045,2010-12-07
NVDA,2010Q4,net_income,171651000.0,2010-11-01,2011-01-30,False,10-K,0001045810-11-000015,2011-03-16
NVDA,2011Q1,net_income,135219000.0,2011-01-31,2011-05-01,False,10-Q,0001045810-11-000031,2011-05-27
NVDA,2011Q2,net_income,151573000.0,2011-05-02,2011-07-31,False,10-Q,0001045810-11-000046,2011-08-25
NVDA,2011Q3,net_income,178273000.0,2011-08-01,2011-10-30,False,10-Q,0001045810-11-000056,2011-11-22
NVDA,2011Q4,net_income,116025000.0,2011-10-31,2012-01-29,False,10-K,0001045810-12-000013,2012-03-13
NVDA,2012Q1,net_income,60437000.0,2012-01-30,2012-04-29,False,10-Q,0001045810-12-000027,2012-05-23
NVDA,2012Q2,net_income,119046000.0,2012-04-30,2012-07-29,False,10-Q,0001045810-12-000036,2012-08-22
NVDA,2012Q3,net_income,209080000.0,2012-07-30,2012-10-28,False,10-Q,0001045810-12-000060,2012-11-19
NVDA,2012Q4,net_income,173973000.0,2012-10-29,2013-01-27,False,10-K,0001045810-13-000008,2013-03-12
NVDA,2013Q1,net_income,77891000.0,2013-01-28,2013-04-28,False,10-Q,0001045810-13-000054,2013-05-22
NVDA,2013Q2,net_income,96448000.0,2013-04-29,2013-07-28,False,10-Q,0001045810-13-000075,2013-08-21
NVDA,2013Q3,net_income,118734000.0,2013-07-29,2013-10-27,False,10-Q,0001045810-13-000109,2013-11-19
NVDA,2013Q4,net_income,146917000.0,2013-10-28,2014-01-26,False,10-K,0001045810-14-000030,2014-03-13
NVDA,2014Q1,net_income,136516000.0,2014-01-27,2014-04-27,False,10-Q,0001045810-14-000085,2014-05-21
NVDA,2014Q2,net_income,127976000.0,2014-04-28,2014-07-27,False,10-Q,0001045810-14-000158,2014-08-20
NVDA,2014Q3,net_income,172967000.0,2014-07-28,2014-10-26,False,10-Q,0001045810-14-000188,2014-11-19
NVDA,2014Q4,net_income,193128000.0,2014-10-27,2015-01-25,False,10-K,0001045810-15-000036,2015-03-12
NVDA,2015Q1,net_income,134000000.0,2015-01-26,2015-04-26,False,10-Q,0001045810-15-000097,2015-05-20
NVDA,2015Q2,net_income,26000000.0,2015-04-27,2015-07-26,False,10-Q,0001045810-15-000143,2015-08-19
NVDA,2015Q3,net_income,246000000.0,2015-07-27,2015-10-25,False,10-Q,0001045810-15-000173,2015-11-18
NVDA,2015Q4,net_income,207000000.0,2015-10-26,2016-01-31,False,10-K,0001045810-16-000205,2016-03-17
NVDA,2016Q1,net_income,196000000.0,2016-02-01,2016-05-01,False,10-Q,0001045810-16-000275,2016-05-25
NVDA,2016Q2,net_income,253000000.0,2016-05-02,2016-07-31,False,10-Q,0001045810-16-000300,2016-08-23
NVDA,2016Q3,net_income,542000000.0,2016-08-01,2016-10-30,False,10-Q,0001045810-16-000353,2016-11-22
NVDA,2016Q4,net_income,655000000.0,2016-10-31,2017-01-29,False,10-K,0001045810-17-000027,2017-03-01
NVDA,2017Q1,net_income,507000000.0,2017-01-30,2017-04-30,False,10-Q,0001045810-17-000075,2017-05-23
NVDA,2017Q2,net_income,583000000.0,2017-05-01,2017-07-30,False,10-Q,0001045810-17-000123,2017-08-23
NVDA,2017Q3,net_income,838000000.0,2017-07-31,2017-10-29,False,10-Q,0001045810-17-000172,2017-11-21
NVDA,2017Q4,net_income,1118000000.0,2017-10-30,2018-01-28,False,10-K,0001045810-18-000010,2018-02-28
NVDA,2018Q1,net_income,1244000000.0,2018-01-29,2018-04-29,False,10-Q,0001045810-18-000080,2018-05-22
NVDA,2018Q2,net_income,1101000000.0,2018-04-30,2018-07-29,False,10-Q,0001045810-18-000114,2018-08-16
NVDA,2018Q3,net_income,1230000000.0,2018-07-30,2018-10-28,False,10-Q,0001045810-18-000150,2018-11-15
NVDA,2018Q4,net_income,567000000.0,2018-10-29,2019-01-27,False,10-K,0001045810-19-000023,2019-02-21
NVDA,2019Q1,net_income,394000000.0,2019-01-28,2019-04-28,False,10-Q,0001045810-19-000079,2019-05-16
NVDA,2019Q2,net_income,552000000.0,2019-04-29,2019-07-28,False,10-Q,0001045810-19-000144,2019-08-15
NVDA,2019Q3,net_income,899000000.0,2019-07-29,2019-10-27,False,10-Q,0001045810-19-000170,2019-11-14
NVDA,2019Q4,net_income,950000000.0,2019-10-28,2020-01-26,False,10-K,0001045810-20-000010,2020-02-20
NVDA,2020Q1,net_income,917000000.0,2020-01-27,2020-04-26,False,10-Q,0001045810-20-000065,2020-05-21
NVDA,2020Q2,net_income,622000000.0,2020-04-27,2020-07-26,False,10-Q,0001045810-20-000147,2020-08-19
NVDA,2020Q3,net_income,1336000000.0,2020-07-27,2020-10-25,False,10-Q,0001045810-20-000189,2020-11-18
NVDA,2020Q4,net_income,1457000000.0,2020-10-26,2021-01-31,True,10-K,0001045810-21-000010,2021-02-26
NVDA,2021Q1,net_income,1912000000.0,2021-02-01,2021-05-02,False,10-Q,0001045810-21-000064,2021-05-26
NVDA,2021Q2,net_income,2374000000.0,2021-05-03,2021-08-01,False,10-Q,0001045810-21-000131,2021-08-20
NVDA,2021Q3,net_income,2464000000.0,2021-08-02,2021-10-31,False,10-Q,0001045810-21-000163,2021-11-22
NVDA,2021Q4,net_income,3002000000.0,2021-11-01,2022-01-30,True,10-K,0001045810-22-000036,2022-03-18
NVDA,2022Q1,net_income,1618000000.0,2022-01-31,2022-05-01,False,10-Q,0001045810-22-000079,2022-05-27
NVDA,2022Q2,net_income,656000000.0,2022-05-02,2022-07-31,False,10-Q,0001045810-22-000147,2022-08-31
NVDA,2022Q3,net_income,680000000.0,2022-08-01,2022-10-30,False,10-Q,0001045810-22-000166,2022-11-18
NVDA,2022Q4,net_income,1414000000.0,2022-10-31,2023-01-29,True,10-K,0001045810-23-000017,2023-02-24
NVDA,2023Q1,net_income,2043000000.0,2023-01-30,2023-04-30,False,10-Q,0001045810-23-000093,2023-05-26
NVDA,2023Q2,net_income,6188000000.0,2023-05-01,2023-07-30,False,10-Q,0001045810-23-000175,2023-08-28
NVDA,2023Q3,net_income,9243000000.0,2023-07-31,2023-10-29,False,10-Q,0001045810-23-000227,2023-11-21
NVDA,2023Q4,net_income,12286000000.0,2023-10-30,2024-01-28,True,10-K,0001045810-24-000029,2024-02-21
NVDA,2024Q1,net_income,14881000000.0,2024-01-29,2024-04-28,False,10-Q,0001045810-24-000124,2024-05-29
NVDA,2024Q2,net_income,16599000000.0,2024-04-29,2024-07-28,False,10-Q,0001045810-24-000264,2024-08-28
NVDA,2024Q3,net_income,19309000000.0,2024-07-29,2024-10-27,False,10-Q,0001045810-24-000316,2024-11-20
NVDA,2024Q4,net_income,22091000000.0,2024-10-28,2025-01-26,True,10-K,0001045810-25-000023,2025-02-26
NVDA,2025Q1,net_income,18775000000.0,2025-01-27,2025-04-27,False,10-Q,0001045810-25-000116,2025-05-28
NVDA,2025Q2,net_income,26422000000.0,2025-04-28,2025-07-27,False,10-Q,0001045810-25-000209,2025-08-27
NVDA,2025Q3,net_income,31910000000.0,2025-07-28,2025-10-26,False,10-Q,0001045810-25-000230,2025-11-19
NVDA,2025Q4,net_income,42960000000.0,2025-10-27,2026-01-25,True,10-K,0001045810-26-000021,2026-02-25
NVDA,2010Q1,operating_income,147393000.0,2010-02-01,2010-05-02,False,10-Q,0001045810-10-000018,2010-05-21
NVDA,2010Q2,operating_income,-175207000.0,2010-05-03,2010-08-01,False,10-Q,0001045810-10-000029,2010-08-30
NVDA,2010Q3,operating_income,103783000.0,2010-08-02,2010-10-31,False,10-Q,0001045810-10-000045,2010-12-07
NVDA,2010Q4,operating_income,179778000.0,2010-11-01,2011-01-30,True,10-K,0001045810-11-000015,2011-03-16
NVDA,2011Q1,operating_income,154862000.0,2011-01-31,2011-05-01,False,10-Q,0001045810-11-000031,2011-05-27
NVDA,2011Q2,operating_income,174030000.0,2011-05-02,2011-07-31,False,10-Q,0001045810-11-000046,2011-08-25
NVDA,2011Q3,operating_income,197090000.0,2011-08-01,2011-10-30,False,10-Q,0001045810-11-000056,2011-11-22
NVDA,2011Q4,operating_income,122317000.0,2011-10-31,2012-01-29,True,10-K,0001045810-12-000013,2012-03-13
NVDA,2012Q1,operating_income,72826000.0,2012-01-30,2012-04-29,False,10-Q,0001045810-12-000027,2012-05-23
NVDA,2012Q2,operating_income,139623000.0,2012-04-30,2012-07-29,False,10-Q,0001045810-12-000036,2012-08-22
NVDA,2012Q3,operating_income,252217000.0,2012-07-30,2012-10-28,False,10-Q,0001045810-12-000060,2012-11-19
NVDA,2012Q4,operating_income,183573000.0,2012-10-29,2013-01-27,True,10-K,0001045810-13-000008,2013-03-12
NVDA,2013Q1,operating_income,82781000.0,2013-01-28,2013-04-28,False,10-Q,0001045810-13-000054,2013-05-22
NVDA,2013Q2,operating_income,105534000.0,2013-04-29,2013-07-28,False,10-Q,0001045810-13-000075,2013-08-21
NVDA,2013Q3,operating_income,140988000.0,2013-07-29,2013-10-27,False,10-Q,0001045810-13-000109,2013-11-19
NVDA,2013Q4,operating_income,166924000.0,2013-10-28,2014-01-26,True,10-K,0001045810-14-000030,2014-03-13
NVDA,2014Q1,operating_income,151359000.0,2014-01-27,2014-04-27,False,10-Q,0001045810-14-000085,2014-05-21
NVDA,2014Q2,operating_income,163179000.0,2014-04-28,2014-07-27,False,10-Q,0001045810-14-000158,2014-08-20
NVDA,2014Q3,operating_income,213315000.0,2014-07-28,2014-10-26,False,10-Q,0001045810-14-000188,2014-11-19
NVDA,2014Q4,operating_income,231136000.0,2014-10-27,2015-01-25,True,10-K,0001045810-15-000036,2015-03-12
NVDA,2015Q1,operating_income,176000000.0,2015-01-26,2015-04-26,False,10-Q,0001045810-15-000097,2015-05-20
NVDA,2015Q2,operating_income,76000000.0,2015-04-27,2015-07-26,False,10-Q,0001045810-15-000143,2015-08-19
NVDA,2015Q3,operating_income,245000000.0,2015-07-27,2015-10-25,False,10-Q,0001045810-15-000173,2015-11-18
NVDA,2015Q4,operating_income,250000000.0,2015-10-26,2016-01-31,True,10-K,0001045810-16-000205,2016-03-17
NVDA,2016Q1,operating_income,245000000.0,2016-02-01,2016-05-01,False,10-Q,0001045810-16-000275,2016-05-25
NVDA,2016Q2,operating_income,317000000.0,2016-05-02,2016-07-31,False,10-Q,0001045810-16-000300,2016-08-23
NVDA,2016Q3,operating_income,639000000.0,2016-08-01,2016-10-30,False,10-Q,0001045810-16-000353,2016-11-22
NVDA,2016Q4,operating_income,733000000.0,2016-10-31,2017-01-29,True,10-K,0001045810-17-000027,2017-03-01
NVDA,2017Q1,operating_income,554000000.0,2017-01-30,2017-04-30,False,10-Q,0001045810-17-000075,2017-05-23
NVDA,2017Q2,operating_income,688000000.0,2017-05-01,2017-07-30,False,10-Q,0001045810-17-000123,2017-08-23
NVDA,2017Q3,operating_income,895000000.0,2017-07-31,2017-10-29,False,10-Q,0001045810-17-000172,2017-11-21
NVDA,2017Q4,operating_income,1073000000.0,2017-10-30,2018-01-28,True,10-K,0001045810-18-000010,2018-02-28
NVDA,2018Q1,operating_income,1295000000.0,2018-01-29,2018-04-29,False,10-Q,0001045810-18-000080,2018-05-22
NVDA,2018Q2,operating_income,1157000000.0,2018-04-30,2018-07-29,False,10-Q,0001045810-18-000114,2018-08-16
NVDA,2018Q3,operating_income,1058000000.0,2018-07-30,2018-10-28,False,10-Q,0001045810-18-000150,2018-11-15
NVDA,2018Q4,operating_income,294000000.0,2018-10-29,2019-01-27,True,10-K,0001045810-19-000023,2019-02-21
NVDA,2019Q1,operating_income,358000000.0,2019-01-28,2019-04-28,False,10-Q,0001045810-19-000079,2019-05-16
NVDA,2019Q2,operating_income,571000000.0,2019-04-29,2019-07-28,False,10-Q,0001045810-19-000144,2019-08-15
NVDA,2019Q3,operating_income,927000000.0,2019-07-29,2019-10-27,False,10-Q,0001045810-19-000170,2019-11-14
NVDA,2019Q4,operating_income,990000000.0,2019-10-28,2020-01-26,True,10-K,0001045810-20-000010,2020-02-20
NVDA,2020Q1,operating_income,976000000.0,2020-01-27,2020-04-26,False,10-Q,0001045810-20-000065,2020-05-21
NVDA,2020Q2,operating_income,651000000.0,2020-04-27,2020-07-26,False,10-Q,0001045810-20-000147,2020-08-19
NVDA,2020Q3,operating_income,1398000000.0,2020-07-27,2020-10-25,False,10-Q,0001045810-20-000189,2020-11-18
NVDA,2020Q4,operating_income,1507000000.0,2020-10-26,2021-01-31,True,10-K,0001045810-21-000010,2021-02-26
NVDA,2021Q1,operating_income,1956000000.0,2021-02-01,2021-05-02,False,10-Q,0001045810-21-000064,2021-05-26
NVDA,2021Q2,operating_income,2444000000.0,2021-05-03,2021-08-01,False,10-Q,0001045810-21-000131,2021-08-20
NVDA,2021Q3,operating_income,2671000000.0,2021-08-02,2021-10-31,False,10-Q,0001045810-21-000163,2021-11-22
NVDA,2021Q4,operating_income,2970000000.0,2021-11-01,2022-01-30,True,10-K,0001045810-22-000036,2022-03-18
NVDA,2022Q1,operating_income,1868000000.0,2022-01-31,2022-05-01,False,10-Q,0001045810-22-000079,2022-05-27
NVDA,2022Q2,operating_income,499000000.0,2022-05-02,2022-07-31,False,10-Q,0001045810-22-000147,2022-08-31
NVDA,2022Q3,operating_income,601000000.0,2022-08-01,2022-10-30,False,10-Q,0001045810-22-000166,2022-11-18
NVDA,2022Q4,operating_income,1256000000.0,2022-10-31,2023-01-29,True,10-K,0001045810-23-000017,2023-02-24
NVDA,2023Q1,operating_income,2140000000.0,2023-01-30,2023-04-30,False,10-Q,0001045810-23-000093,2023-05-26
NVDA,2023Q2,operating_income,6800000000.0,2023-05-01,2023-07-30,False,10-Q,0001045810-23-000175,2023-08-28
NVDA,2023Q3,operating_income,10417000000.0,2023-07-31,2023-10-29,False,10-Q,0001045810-23-000227,2023-11-21
NVDA,2023Q4,operating_income,13615000000.0,2023-10-30,2024-01-28,True,10-K,0001045810-24-000029,2024-02-21
NVDA,2024Q1,operating_income,16909000000.0,2024-01-29,2024-04-28,False,10-Q,0001045810-24-000124,2024-05-29
NVDA,2024Q2,operating_income,18642000000.0,2024-04-29,2024-07-28,False,10-Q,0001045810-24-000264,2024-08-28
NVDA,2024Q3,operating_income,21869000000.0,2024-07-29,2024-10-27,False,10-Q,0001045810-24-000316,2024-11-20
NVDA,2024Q4,operating_income,24033000000.0,2024-10-28,2025-01-26,True,10-K,0001045810-25-000023,2025-02-26
NVDA,2025Q1,operating_income,21638000000.0,2025-01-27,2025-04-27,False,10-Q,0001045810-25-000116,2025-05-28
NVDA,2025Q2,operating_income,28440000000.0,2025-04-28,2025-07-27,False,10-Q,0001045810-25-000209,2025-08-27
NVDA,2025Q3,operating_income,36010000000.0,2025-07-28,2025-10-26,False,10-Q,0001045810-25-000230,2025-11-19
NVDA,2025Q4,operating_income,44299000000.0,2025-10-27,2026-01-25,True,10-K,0001045810-26-000021,2026-02-25
NVDA,2010Q1,revenue,1001813000.0,2010-02-01,2010-05-02,False,10-Q,0001045810-10-000018,2010-05-21
NVDA,2010Q2,revenue,811208000.0,2010-05-03,2010-08-01,False,10-Q,0001045810-10-000029,2010-08-30
NVDA,2010Q3,revenue,843912000.0,2010-08-02,2010-10-31,False,10-Q,0001045810-10-000045,2010-12-07
NVDA,2010Q4,revenue,886376000.0,2010-11-01,2011-01-30,False,10-K,0001045810-11-000015,2011-03-16
NVDA,2011Q1,revenue,962039000.0,2011-01-31,2011-05-01,False,10-Q,0001045810-11-000031,2011-05-27
NVDA,2011Q2,revenue,1016517000.0,2011-05-02,2011-07-31,False,10-Q,0001045810-11-000046,2011-08-25
NVDA,2011Q3,revenue,1066180000.0,2011-08-01,2011-10-30,False,10-Q,0001045810-11-000056,2011-11-22
NVDA,2011Q4,revenue,953194000.0,2011-10-31,2012-01-29,False,10-K,0001045810-12-000013,2012-03-13
NVDA,2012Q1,revenue,924877000.0,2012-01-30,2012-04-29,False,10-Q,0001045810-12-000027,2012-05-23
NVDA,2012Q2,revenue,1044270000.0,2012-04-30,2012-07-29,False,10-Q,0001045810-12-000036,2012-08-22
NVDA,2012Q3,revenue,1204110000.0,2012-07-30,2012-10-28,False,10-Q,0001045810-12-000060,2012-11-19
NVDA,2012Q4,revenue,1106902000.0,2012-10-29,2013-01-27,False,10-K,0001045810-13-000008,2013-03-12
NVDA,2013Q1,revenue,954739000.0,2013-01-28,2013-04-28,False,10-Q,0001045810-13-000054,2013-05-22
NVDA,2013Q2,revenue,977238000.0,2013-04-29,2013-07-28,False,10-Q,0001045810-13-000075,2013-08-21
NVDA,2013Q3,revenue,1053967000.0,2013-07-29,2013-10-27,False,10-Q,0001045810-13-000109,2013-11-19
NVDA,2013Q4,revenue,1144218000.0,2013-10-28,2014-01-26,False,10-K,0001045810-14-000030,2014-03-13
NVDA,2014Q1,revenue,1102787000.0,2014-01-27,2014-04-27,False,10-Q,0001045810-14-000085,2014-05-21
NVDA,2014Q2,revenue,1102824000.0,2014-04-28,2014-07-27,False,10-Q,0001045810-14-000158,2014-08-20
NVDA,2014Q3,revenue,1225382000.0,2014-07-28,2014-10-26,False,10-Q,0001045810-14-000188,2014-11-19
NVDA,2014Q4,revenue,1250514000.0,2014-10-27,2015-01-25,False,10-K,0001045810-15-000036,2015-03-12
NVDA,2015Q1,revenue,1151000000.0,2015-01-26,2015-04-26,False,10-Q,0001045810-15-000097,2015-05-20
NVDA,2015Q2,revenue,1153000000.0,2015-04-27,2015-07-26,False,10-Q,0001045810-15-000143,2015-08-19
NVDA,2015Q3,revenue,1305000000.0,2015-07-27,2015-10-25,False,10-Q,0001045810-15-000173,2015-11-18
NVDA,2015Q4,revenue,1401000000.0,2015-10-26,2016-01-31,False,10-K,0001045810-16-000205,2016-03-17
NVDA,2016Q1,revenue,1305000000.0,2016-02-01,2016-05-01,False,10-Q,0001045810-16-000275,2016-05-25
NVDA,2016Q2,revenue,1428000000.0,2016-05-02,2016-07-31,False,10-Q,0001045810-16-000300,2016-08-23
NVDA,2016Q3,revenue,2004000000.0,2016-08-01,2016-10-30,False,10-Q,0001045810-16-000353,2016-11-22
NVDA,2016Q4,revenue,2173000000.0,2016-10-31,2017-01-29,False,10-K,0001045810-17-000027,2017-03-01
NVDA,2017Q1,revenue,1937000000.0,2017-01-30,2017-04-30,False,10-K,0001045810-19-000023,2019-02-21
NVDA,2017Q2,revenue,2230000000.0,2017-05-01,2017-07-30,False,10-K,0001045810-19-000023,2019-02-21
NVDA,2017Q3,revenue,2636000000.0,2017-07-31,2017-10-29,False,10-K,0001045810-19-000023,2019-02-21
NVDA,2017Q4,revenue,2911000000.0,2017-10-30,2018-01-28,False,10-K,0001045810-19-000023,2019-02-21
NVDA,2018Q1,revenue,3207000000.0,2018-01-29,2018-04-29,False,10-K,0001045810-19-000023,2019-02-21
NVDA,2018Q2,revenue,3123000000.0,2018-04-30,2018-07-29,False,10-K,0001045810-19-000023,2019-02-21
NVDA,2018Q3,revenue,3181000000.0,2018-07-30,2018-10-28,False,10-K,0001045810-19-000023,2019-02-21
NVDA,2018Q4,revenue,2205000000.0,2018-10-29,2019-01-27,False,10-K,0001045810-19-000023,2019-02-21
NVDA,2019Q1,revenue,2220000000.0,2019-01-28,2019-04-28,False,10-K,0001045810-20-000010,2020-02-20
NVDA,2019Q2,revenue,2579000000.0,2019-04-29,2019-07-28,False,10-K,0001045810-20-000010,2020-02-20
NVDA,2019Q3,revenue,3014000000.0,2019-07-29,2019-10-27,False,10-K,0001045810-20-000010,2020-02-20
NVDA,2019Q4,revenue,3105000000.0,2019-10-28,2020-01-26,False,10-K,0001045810-20-000010,2020-02-20
NVDA,2020Q1,revenue,3080000000.0,2020-01-27,2020-04-26,False,10-Q,0001045810-20-000065,2020-05-21
NVDA,2020Q2,revenue,3866000000.0,2020-04-27,2020-07-26,False,10-Q,0001045810-20-000147,2020-08-19
NVDA,2020Q3,revenue,4726000000.0,2020-07-27,2020-10-25,False,10-Q,0001045810-20-000189,2020-11-18
NVDA,2020Q4,revenue,5003000000.0,2020-10-26,2021-01-31,True,10-K,0001045810-21-000010,2021-02-26
NVDA,2021Q1,revenue,5661000000.0,2021-02-01,2021-05-02,False,10-Q,0001045810-21-000064,2021-05-26
NVDA,2021Q2,revenue,6507000000.0,2021-05-03,2021-08-01,False,10-Q,0001045810-21-000131,2021-08-20
NVDA,2021Q3,revenue,7103000000.0,2021-08-02,2021-10-31,False,10-Q,0001045810-21-000163,2021-11-22
NVDA,2021Q4,revenue,7643000000.0,2021-11-01,2022-01-30,True,10-K,0001045810-22-000036,2022-03-18
NVDA,2022Q1,revenue,8288000000.0,2022-01-31,2022-05-01,False,10-Q,0001045810-22-000079,2022-05-27
NVDA,2022Q2,revenue,6704000000.0,2022-05-02,2022-07-31,False,10-Q,0001045810-22-000147,2022-08-31
NVDA,2022Q3,revenue,5931000000.0,2022-08-01,2022-10-30,False,10-Q,0001045810-22-000166,2022-11-18
NVDA,2022Q4,revenue,6051000000.0,2022-10-31,2023-01-29,True,10-K,0001045810-23-000017,2023-02-24
NVDA,2023Q1,revenue,7192000000.0,2023-01-30,2023-04-30,False,10-Q,0001045810-23-000093,2023-05-26
NVDA,2023Q2,revenue,13507000000.0,2023-05-01,2023-07-30,False,10-Q,0001045810-23-000175,2023-08-28
NVDA,2023Q3,revenue,18120000000.0,2023-07-31,2023-10-29,False,10-Q,0001045810-23-000227,2023-11-21
NVDA,2023Q4,revenue,22103000000.0,2023-10-30,2024-01-28,True,10-K,0001045810-24-000029,2024-02-21
NVDA,2024Q1,revenue,26044000000.0,2024-01-29,2024-04-28,False,10-Q,0001045810-24-000124,2024-05-29
NVDA,2024Q2,revenue,30040000000.0,2024-04-29,2024-07-28,False,10-Q,0001045810-24-000264,2024-08-28
NVDA,2024Q3,revenue,35082000000.0,2024-07-29,2024-10-27,False,10-Q,0001045810-24-000316,2024-11-20
NVDA,2024Q4,revenue,39331000000.0,2024-10-28,2025-01-26,True,10-K,0001045810-25-000023,2025-02-26
NVDA,2025Q1,revenue,44062000000.0,2025-01-27,2025-04-27,False,10-Q,0001045810-25-000116,2025-05-28
NVDA,2025Q2,revenue,46743000000.0,2025-04-28,2025-07-27,False,10-Q,0001045810-25-000209,2025-08-27
NVDA,2025Q3,revenue,57006000000.0,2025-07-28,2025-10-26,False,10-Q,0001045810-25-000230,2025-11-19
NVDA,2025Q4,revenue,68127000000.0,2025-10-27,2026-01-25,True,10-K,0001045810-26-000021,2026-02-25
