date,ticker,source_ticker,adj_close
2010-01-04,NVDA,NVDA,0.423290491104126
2010-01-05,NVDA,NVDA,0.42947155237197876
2010-01-06,NVDA,NVDA,0.43221864104270935
2010-01-07,NVDA,NVDA,0.423748254776001
2010-01-08,NVDA,NVDA,0.42466405034065247
2010-01-11,NVDA,NVDA,0.41871190071105957
2010-01-12,NVDA,NVDA,0.404518187046051
2010-01-13,NVDA,NVDA,0.41001254320144653
2010-01-14,NVDA,NVDA,0.4036025106906891
2010-01-15,NVDA,NVDA,0.3916981518268585
2010-01-19,NVDA,NVDA,0.39902400970458984
2010-01-20,NVDA,NVDA,0.3974214196205139
2010-01-21,NVDA,NVDA,0.3903246223926544
2010-01-22,NVDA,NVDA,0.3768177926540375
2010-01-25,NVDA,NVDA,0.38322773575782776
2010-01-26,NVDA,NVDA,0.37109455466270447
2010-01-27,NVDA,NVDA,0.38116735219955444
2010-01-28,NVDA,NVDA,0.3683474659919739
2010-01-29,NVDA,NVDA,0.3523222804069519
2010-02-01,NVDA,NVDA,0.3793359100818634
2010-02-02,NVDA,NVDA,0.38322773575782776
2010-02-03,NVDA,NVDA,0.38643279671669006
2010-02-04,NVDA,NVDA,0.3639977276325226
2010-02-05,NVDA,NVDA,0.37132352590560913
2010-02-08,NVDA,NVDA,0.3706367313861847
2010-02-09,NVDA,NVDA,0.3676605820655823
2010-02-10,NVDA,NVDA,0.3747575283050537
2010-02-11,NVDA,NVDA,0.3919270932674408
2010-02-12,NVDA,NVDA,0.39719244837760925
2010-02-16,NVDA,NVDA,0.404518187046051
2010-02-17,NVDA,NVDA,0.40841004252433777
2010-02-18,NVDA,NVDA,0.38162532448768616
2010-02-19,NVDA,NVDA,0.37956494092941284
2010-02-22,NVDA,NVDA,0.38025176525115967
2010-02-23,NVDA,NVDA,0.37109455466270447
2010-02-24,NVDA,NVDA,0.378878116607666
2010-02-25,NVDA,NVDA,0.37544411420822144
2010-02-26,NVDA,NVDA,0.37086567282676697
2010-03-01,NVDA,NVDA,0.385746031999588
2010-03-02,NVDA,NVDA,0.3855171203613281
2010-03-03,NVDA,NVDA,0.38070955872535706
2010-03-04,NVDA,NVDA,0.3813963532447815
2010-03-05,NVDA,NVDA,0.39307183027267456
2010-03-08,NVDA,NVDA,0.3873485326766968
2010-03-09,NVDA,NVDA,0.40177106857299805
2010-03-10,NVDA,NVDA,0.40268683433532715
2010-03-11,NVDA,NVDA,0.39352959394454956
2010-03-12,NVDA,NVDA,0.3949032425880432
2010-03-15,NVDA,NVDA,0.3928428292274475
2010-03-16,NVDA,NVDA,0.40657860040664673
2010-03-17,NVDA,NVDA,0.4143621623516083
2010-03-18,NVDA,NVDA,0.3997107446193695
2010-03-19,NVDA,NVDA,0.3949032425880432
2010-03-22,NVDA,NVDA,0.40131324529647827
2010-03-23,NVDA,NVDA,0.40955469012260437
2010-03-24,NVDA,NVDA,0.395818829536438
2010-03-25,NVDA,NVDA,0.39696356654167175
2010-03-26,NVDA,NVDA,0.39696356654167175
2010-03-29,NVDA,NVDA,0.40199998021125793
2010-03-30,NVDA,NVDA,0.4036025106906891
2010-03-31,NVDA,NVDA,0.39833709597587585
2010-04-01,NVDA,NVDA,0.3942164182662964
2010-04-05,NVDA,NVDA,0.40016865730285645
2010-04-06,NVDA,NVDA,0.3903246223926544
2010-04-07,NVDA,NVDA,0.3928428292274475
2010-04-08,NVDA,NVDA,0.38643279671669006
2010-04-09,NVDA,NVDA,0.3889508843421936
2010-04-12,NVDA,NVDA,0.3960479199886322
2010-04-13,NVDA,NVDA,0.40428921580314636
2010-04-14,NVDA,NVDA,0.4093257486820221
2010-04-15,NVDA,NVDA,0.41230177879333496
2010-04-16,NVDA,NVDA,0.39055347442626953
2010-04-19,NVDA,NVDA,0.38872218132019043
2010-04-20,NVDA,NVDA,0.39009565114974976
2010-04-21,NVDA,NVDA,0.38002273440361023
2010-04-22,NVDA,NVDA,0.38162532448768616
2010-04-23,NVDA,NVDA,0.3763599693775177
2010-04-26,NVDA,NVDA,0.38002273440361023
2010-04-27,NVDA,NVDA,0.36926308274269104
2010-04-28,NVDA,NVDA,0.36994990706443787
2010-04-29,NVDA,NVDA,0.38116735219955444
2010-04-30,NVDA,NVDA,0.3596480190753937
2010-05-03,NVDA,NVDA,0.35575634241104126
2010-05-04,NVDA,NVDA,0.33767083287239075
2010-05-05,NVDA,NVDA,0.3319477438926697
2010-05-06,NVDA,NVDA,0.3250798285007477
2010-05-07,NVDA,NVDA,0.3195854127407074
2010-05-10,NVDA,NVDA,0.33332115411758423
2010-05-11,NVDA,NVDA,0.3296583592891693
2010-05-12,NVDA,NVDA,0.3360683023929596
2010-05-13,NVDA,NVDA,0.33538156747817993
2010-05-14,NVDA,NVDA,0.29669252038002014
2010-05-17,NVDA,NVDA,0.2973792850971222
2010-05-18,NVDA,NVDA,0.2875353991985321
2010-05-19,NVDA,NVDA,0.2921139597892761
2010-05-20,NVDA,NVDA,0.2852461040019989
2010-05-21,NVDA,NVDA,0.2914271354675293
2010-05-24,NVDA,NVDA,0.28295665979385376
2010-05-25,NVDA,NVDA,0.2905113995075226
2010-05-26,NVDA,NVDA,0.2918848991394043
2010-05-27,NVDA,NVDA,0.30905476212501526
2010-05-28,NVDA,NVDA,0.3008131980895996
2010-06-01,NVDA,NVDA,0.2879931926727295
2010-06-02,NVDA,NVDA,0.291198194026947
2010-06-03,NVDA,NVDA,0.2907401919364929
2010-06-04,NVDA,NVDA,0.2770044505596161
2010-06-07,NVDA,NVDA,0.2632686495780945
2010-06-08,NVDA,NVDA,0.25594305992126465
2010-06-09,NVDA,NVDA,0.24976201355457306
2010-06-10,NVDA,NVDA,0.2598349153995514
2010-06-11,NVDA,NVDA,0.26578694581985474
2010-06-14,NVDA,NVDA,0.2600637674331665
2010-06-15,NVDA,NVDA,0.27288389205932617
2010-06-16,NVDA,NVDA,0.26944980025291443
2010-06-17,NVDA,NVDA,0.279751718044281
2010-06-18,NVDA,NVDA,0.28158310055732727
2010-06-21,NVDA,NVDA,0.2749441862106323
2010-06-22,NVDA,NVDA,0.2646423578262329
2010-06-23,NVDA,NVDA,0.26761847734451294
2010-06-24,NVDA,NVDA,0.2543405294418335
2010-06-25,NVDA,NVDA,0.25365376472473145
2010-06-28,NVDA,NVDA,0.2541116774082184
2010-06-29,NVDA,NVDA,0.23991799354553223
2010-06-30,NVDA,NVDA,0.23373696208000183
2010-07-01,NVDA,NVDA,0.2376287430524826
2010-07-02,NVDA,NVDA,0.23465266823768616
2010-07-06,NVDA,NVDA,0.2321344017982483
2010-07-07,NVDA,NVDA,0.243352010846138
2010-07-08,NVDA,NVDA,0.23602619767189026
2010-07-09,NVDA,NVDA,0.2369418740272522
2010-07-12,NVDA,NVDA,0.24129153788089752
2010-07-13,NVDA,NVDA,0.24999096989631653
2010-07-14,NVDA,NVDA,0.2525090277194977
2010-07-15,NVDA,NVDA,0.24541226029396057
2010-07-16,NVDA,NVDA,0.23007400333881378
2010-07-19,NVDA,NVDA,0.23946009576320648
2010-07-20,NVDA,NVDA,0.24541226029396057
2010-07-21,NVDA,NVDA,0.23739974200725555
2010-07-22,NVDA,NVDA,0.24129153788089752
2010-07-23,NVDA,NVDA,0.23717081546783447
2010-07-26,NVDA,NVDA,0.24152052402496338
2010-07-27,NVDA,NVDA,0.23946009576320648
2010-07-28,NVDA,NVDA,0.23190544545650482
2010-07-29,NVDA,NVDA,0.20901253819465637
2010-07-30,NVDA,NVDA,0.21038612723350525
2010-08-02,NVDA,NVDA,0.21015721559524536
2010-08-03,NVDA,NVDA,0.20466287434101105
2010-08-04,NVDA,NVDA,0.2133621722459793
2010-08-05,NVDA,NVDA,0.21610932052135468
2010-08-06,NVDA,NVDA,0.21862757205963135
2010-08-09,NVDA,NVDA,0.22068791091442108
2010-08-10,NVDA,NVDA,0.21153078973293304
2010-08-11,NVDA,NVDA,0.20328930020332336
2010-08-12,NVDA,NVDA,0.20512069761753082
2010-08-13,NVDA,NVDA,0.21496468782424927
2010-08-16,NVDA,NVDA,0.20947040617465973
2010-08-17,NVDA,NVDA,0.2122175246477127
2010-08-18,NVDA,NVDA,0.2133621722459793
2010-08-19,NVDA,NVDA,0.226182222366333
2010-08-20,NVDA,NVDA,0.22824262082576752
2010-08-23,NVDA,NVDA,0.22480860352516174
2010-08-24,NVDA,NVDA,0.22251936793327332
2010-08-25,NVDA,NVDA,0.22709795832633972
2010-08-26,NVDA,NVDA,0.22435081005096436
2010-08-27,NVDA,NVDA,0.23167651891708374
2010-08-30,NVDA,NVDA,0.22068791091442108
2010-08-31,NVDA,NVDA,0.21359111368656158
2010-09-01,NVDA,NVDA,0.21519367396831512
2010-09-02,NVDA,NVDA,0.2190854549407959
2010-09-03,NVDA,NVDA,0.22664012014865875
2010-09-07,NVDA,NVDA,0.2287004292011261
2010-09-08,NVDA,NVDA,0.23625510931015015
2010-09-09,NVDA,NVDA,0.2330501228570938
2010-09-10,NVDA,NVDA,0.23053190112113953
2010-09-13,NVDA,NVDA,0.2435808777809143
2010-09-14,NVDA,NVDA,0.24129153788089752
2010-09-15,NVDA,NVDA,0.24174940586090088
2010-09-16,NVDA,NVDA,0.24197839200496674
2010-09-17,NVDA,NVDA,0.24152052402496338
2010-09-20,NVDA,NVDA,0.24518345296382904
2010-09-21,NVDA,NVDA,0.25846123695373535
2010-09-22,NVDA,NVDA,0.26075059175491333
2010-09-23,NVDA,NVDA,0.2660159766674042
2010-09-24,NVDA,NVDA,0.2806674540042877
2010-09-27,NVDA,NVDA,0.27471527457237244
2010-09-28,NVDA,NVDA,0.2740284204483032
2010-09-29,NVDA,NVDA,0.27196812629699707
2010-09-30,NVDA,NVDA,0.26738959550857544
2010-10-01,NVDA,NVDA,0.2598349153995514
2010-10-04,NVDA,NVDA,0.2573166787624359
2010-10-05,NVDA,NVDA,0.2591480016708374
2010-10-06,NVDA,NVDA,0.24678584933280945
2010-10-07,NVDA,NVDA,0.2449544221162796
2010-10-08,NVDA,NVDA,0.2486172914505005
2010-10-11,NVDA,NVDA,0.24747265875339508
2010-10-12,NVDA,NVDA,0.25228017568588257
2010-10-13,NVDA,NVDA,0.25960591435432434
2010-10-14,NVDA,NVDA,0.2554852068424225
2010-10-15,NVDA,NVDA,0.25846123695373535
2010-10-18,NVDA,NVDA,0.2600637674331665
2010-10-19,NVDA,NVDA,0.25846123695373535
2010-10-20,NVDA,NVDA,0.25846123695373535
2010-10-21,NVDA,NVDA,0.25388261675834656
2010-10-22,NVDA,NVDA,0.27013659477233887
2010-10-25,NVDA,NVDA,0.27265483140945435
2010-10-26,NVDA,NVDA,0.27173909544944763
2010-10-27,NVDA,NVDA,0.275630921125412
2010-10-28,NVDA,NVDA,0.2758599519729614
2010-10-29,NVDA,NVDA,0.27517300844192505
2010-11-01,NVDA,NVDA,0.275630921125412
2010-11-02,NVDA,NVDA,0.28135421872138977
2010-11-03,NVDA,NVDA,0.2834145128726959
2010-11-04,NVDA,NVDA,0.28387248516082764
2010-11-05,NVDA,NVDA,0.28867998719215393
2010-11-08,NVDA,NVDA,0.2898244261741638
2010-11-09,NVDA,NVDA,0.2882220447063446
2010-11-10,NVDA,NVDA,0.29165613651275635
2010-11-11,NVDA,NVDA,0.28867998719215393
2010-11-12,NVDA,NVDA,0.30356040596961975
2010-11-15,NVDA,NVDA,0.29989758133888245
2010-11-16,NVDA,NVDA,0.29096928238868713
2010-11-17,NVDA,NVDA,0.2957768142223358
2010-11-18,NVDA,NVDA,0.30493393540382385
2010-11-19,NVDA,NVDA,0.3147779703140259
2010-11-22,NVDA,NVDA,0.31500694155693054
2010-11-23,NVDA,NVDA,0.30768105387687683
2010-11-24,NVDA,NVDA,0.3152357041835785
2010-11-26,NVDA,NVDA,0.31134405732154846
2010-11-29,NVDA,NVDA,0.3147779703140259
2010-11-30,NVDA,NVDA,0.3115728795528412
2010-12-01,NVDA,NVDA,0.325308620929718
2010-12-02,NVDA,NVDA,0.32920047640800476
2010-12-03,NVDA,NVDA,0.3385865092277527
2010-12-06,NVDA,NVDA,0.33217653632164
2010-12-07,NVDA,NVDA,0.3429361879825592
2010-12-08,NVDA,NVDA,0.3459123373031616
2010-12-09,NVDA,NVDA,0.34018900990486145
2010-12-10,NVDA,NVDA,0.34224945306777954
2010-12-13,NVDA,NVDA,0.3335500955581665
2010-12-14,NVDA,NVDA,0.3340079188346863
2010-12-15,NVDA,NVDA,0.32668226957321167
2010-12-16,NVDA,NVDA,0.32714003324508667
2010-12-17,NVDA,NVDA,0.32897141575813293
2010-12-20,NVDA,NVDA,0.3275979459285736
2010-12-21,NVDA,NVDA,0.3404179811477661
2010-12-22,NVDA,NVDA,0.34408095479011536
2010-12-23,NVDA,NVDA,0.3415625989437103
2010-12-27,NVDA,NVDA,0.3433939516544342
2010-12-28,NVDA,NVDA,0.34202051162719727
2010-12-29,NVDA,NVDA,0.34202051162719727
2010-12-30,NVDA,NVDA,0.3431651294231415
2010-12-31,NVDA,NVDA,0.3525512218475342
2011-01-03,NVDA,NVDA,0.36216631531715393
2011-01-04,NVDA,NVDA,0.36102157831192017
2011-01-05,NVDA,NVDA,0.38872218132019043
2011-01-06,NVDA,NVDA,0.442520409822464
2011-01-07,NVDA,NVDA,0.4548826217651367
2011-01-10,NVDA,NVDA,0.4722813069820404
2011-01-11,NVDA,NVDA,0.464955598115921
2011-01-12,NVDA,NVDA,0.534550130367279
2011-01-13,NVDA,NVDA,0.5354658365249634
2011-01-14,NVDA,NVDA,0.5400443077087402
2011-01-18,NVDA,NVDA,0.5274532437324524
2011-01-19,NVDA,NVDA,0.5130308866500854
2011-01-20,NVDA,NVDA,0.5134885907173157
2011-01-21,NVDA,NVDA,0.508681058883667
2011-01-24,NVDA,NVDA,0.5661423802375793
2011-01-25,NVDA,NVDA,0.548743724822998
2011-01-26,NVDA,NVDA,0.5617926716804504
2011-01-27,NVDA,NVDA,0.560189962387085
2011-01-28,NVDA,NVDA,0.5439362525939941
2011-01-31,NVDA,NVDA,0.5475990176200867
2011-02-01,NVDA,NVDA,0.560189962387085
2011-02-02,NVDA,NVDA,0.5856015086174011
2011-02-03,NVDA,NVDA,0.5746127367019653
2011-02-04,NVDA,NVDA,0.587661623954773
2011-02-07,NVDA,NVDA,0.5631662011146545
2011-02-08,NVDA,NVDA,0.5464541912078857
2011-02-09,NVDA,NVDA,0.5331762433052063
2011-02-10,NVDA,NVDA,0.5224166512489319
2011-02-11,NVDA,NVDA,0.5372974276542664
2011-02-14,NVDA,NVDA,0.529055655002594
2011-02-15,NVDA,NVDA,0.5162358283996582
2011-02-16,NVDA,NVDA,0.5352369546890259
2011-02-17,NVDA,NVDA,0.5878906846046448
2011-02-18,NVDA,NVDA,0.5867461562156677
2011-02-22,NVDA,NVDA,0.5313451886177063
2011-02-23,NVDA,NVDA,0.5061628222465515
2011-02-24,NVDA,NVDA,0.5185250639915466
2011-02-25,NVDA,NVDA,0.5292847156524658
2011-02-28,NVDA,NVDA,0.5187540054321289
2011-03-01,NVDA,NVDA,0.49563220143318176
2011-03-02,NVDA,NVDA,0.47502851486206055
2011-03-03,NVDA,NVDA,0.47777560353279114
2011-03-04,NVDA,NVDA,0.4752574861049652
2011-03-07,NVDA,NVDA,0.46861833333969116
2011-03-08,NVDA,NVDA,0.4475569725036621
2011-03-09,NVDA,NVDA,0.4381709098815918
2011-03-10,NVDA,NVDA,0.41024139523506165
2011-03-11,NVDA,NVDA,0.4132175147533417
2011-03-14,NVDA,NVDA,0.41665151715278625
2011-03-15,NVDA,NVDA,0.40428921580314636
2011-03-16,NVDA,NVDA,0.40131324529647827
2011-03-17,NVDA,NVDA,0.4088677763938904
2011-03-18,NVDA,NVDA,0.40337350964546204
2011-03-21,NVDA,NVDA,0.40657860040664673
2011-03-22,NVDA,NVDA,0.3994818329811096
2011-03-23,NVDA,NVDA,0.40772321820259094
2011-03-24,NVDA,NVDA,0.4402311146259308
2011-03-25,NVDA,NVDA,0.42649540305137634
2011-03-28,NVDA,NVDA,0.4422915577888489
2011-03-29,NVDA,NVDA,0.43885770440101624
2011-03-30,NVDA,NVDA,0.4223746955394745
2011-03-31,NVDA,NVDA,0.42260363698005676
2011-04-01,NVDA,NVDA,0.41665151715278625
2011-04-04,NVDA,NVDA,0.40177106857299805
2011-04-05,NVDA,NVDA,0.40245792269706726
2011-04-06,NVDA,NVDA,0.3997107446193695
2011-04-07,NVDA,NVDA,0.4143621623516083
2011-04-08,NVDA,NVDA,0.40177106857299805
2011-04-11,NVDA,NVDA,0.3965057134628296
2011-04-12,NVDA,NVDA,0.3976503312587738
2011-04-13,NVDA,NVDA,0.40657860040664673
2011-04-14,NVDA,NVDA,0.423748254776001
2011-04-15,NVDA,NVDA,0.42832696437835693
2011-04-18,NVDA,NVDA,0.4141332805156708
2011-04-19,NVDA,NVDA,0.41253072023391724
2011-04-20,NVDA,NVDA,0.42512184381484985
2011-04-21,NVDA,NVDA,0.42397722601890564
2011-04-25,NVDA,NVDA,0.43061619997024536
2011-04-26,NVDA,NVDA,0.4418337047100067
2011-04-27,NVDA,NVDA,0.4418337047100067
2011-04-28,NVDA,NVDA,0.44664114713668823
2011-04-29,NVDA,NVDA,0.4578588008880615
2011-05-02,NVDA,NVDA,0.4516776204109192
2011-05-03,NVDA,NVDA,0.43015825748443604
2011-05-04,NVDA,NVDA,0.42695337533950806
2011-05-05,NVDA,NVDA,0.42718222737312317
2011-05-06,NVDA,NVDA,0.4422915577888489
2011-05-09,NVDA,NVDA,0.45213547348976135
2011-05-10,NVDA,NVDA,0.45282238721847534
2011-05-11,NVDA,NVDA,0.4548826217651367
2011-05-12,NVDA,NVDA,0.4693053364753723
2011-05-13,NVDA,NVDA,0.41802507638931274
2011-05-16,NVDA,NVDA,0.4052050709724426
2011-05-17,NVDA,NVDA,0.4036025106906891
2011-05-18,NVDA,NVDA,0.4129885137081146
2011-05-19,NVDA,NVDA,0.40703657269477844
2011-05-20,NVDA,NVDA,0.4141332805156708
2011-05-23,NVDA,NVDA,0.4136754274368286
2011-05-24,NVDA,NVDA,0.41527795791625977
2011-05-25,NVDA,NVDA,0.4203144311904907
2011-05-26,NVDA,NVDA,0.43084514141082764
2011-05-27,NVDA,NVDA,0.4464122951030731
2011-05-31,NVDA,NVDA,0.4587744176387787
2011-06-01,NVDA,NVDA,0.4381709098815918
2011-06-02,NVDA,NVDA,0.4361104369163513
2011-06-03,NVDA,NVDA,0.42260363698005676
2011-06-06,NVDA,NVDA,0.4136754274368286
2011-06-07,NVDA,NVDA,0.41344642639160156
2011-06-08,NVDA,NVDA,0.4022289514541626
2011-06-09,NVDA,NVDA,0.3976503312587738
2011-06-10,NVDA,NVDA,0.3919270932674408
2011-06-13,NVDA,NVDA,0.38917994499206543
2011-06-14,NVDA,NVDA,0.39238500595092773
2011-06-15,NVDA,NVDA,0.383914589881897
2011-06-16,NVDA,NVDA,0.3706367313861847
2011-06-17,NVDA,NVDA,0.36193740367889404
2011-06-20,NVDA,NVDA,0.3575875759124756
2011-06-21,NVDA,NVDA,0.36537131667137146
2011-06-22,NVDA,NVDA,0.3603348731994629
2011-06-23,NVDA,NVDA,0.37109455466270447
2011-06-24,NVDA,NVDA,0.3603348731994629
2011-06-27,NVDA,NVDA,0.35278022289276123
2011-06-28,NVDA,NVDA,0.3548404574394226
2011-06-29,NVDA,NVDA,0.3603348731994629
2011-06-30,NVDA,NVDA,0.3649134337902069
2011-07-01,NVDA,NVDA,0.3697209358215332
2011-07-05,NVDA,NVDA,0.3635399043560028
2011-07-06,NVDA,NVDA,0.35873231291770935
2011-07-07,NVDA,NVDA,0.3601059019565582
2011-07-08,NVDA,NVDA,0.3532381057739258
2011-07-11,NVDA,NVDA,0.3408757746219635
2011-07-12,NVDA,NVDA,0.33629730343818665
2011-07-13,NVDA,NVDA,0.3356105089187622
2011-07-14,NVDA,NVDA,0.3223325312137604
2011-07-15,NVDA,NVDA,0.3227904140949249
2011-07-18,NVDA,NVDA,0.3159225583076477
2011-07-19,NVDA,NVDA,0.3255375921726227
2011-07-20,NVDA,NVDA,0.3214168846607208
2011-07-21,NVDA,NVDA,0.33652621507644653
2011-07-22,NVDA,NVDA,0.3433939516544342
2011-07-25,NVDA,NVDA,0.3378998041152954
2011-07-26,NVDA,NVDA,0.3296583592891693
2011-07-27,NVDA,NVDA,0.3172961473464966
2011-07-28,NVDA,NVDA,0.31660953164100647
2011-07-29,NVDA,NVDA,0.31660953164100647
2011-08-01,NVDA,NVDA,0.3335500955581665
2011-08-02,NVDA,NVDA,0.3301162123680115
2011-08-03,NVDA,NVDA,0.33904436230659485
2011-08-04,NVDA,NVDA,0.3067653775215149
2011-08-05,NVDA,NVDA,0.29646357893943787
2011-08-08,NVDA,NVDA,0.2731127440929413
2011-08-09,NVDA,NVDA,0.29600560665130615
2011-08-10,NVDA,NVDA,0.28249886631965637
2011-08-11,NVDA,NVDA,0.30699431896209717
2011-08-12,NVDA,NVDA,0.29486095905303955
2011-08-15,NVDA,NVDA,0.3060787320137024
2011-08-16,NVDA,NVDA,0.2973792850971222
2011-08-17,NVDA,NVDA,0.2932586073875427
2011-08-18,NVDA,NVDA,0.27334168553352356
2011-08-19,NVDA,NVDA,0.2685341238975525
2011-08-22,NVDA,NVDA,0.27334168553352356
2011-08-23,NVDA,NVDA,0.30287352204322815
2011-08-24,NVDA,NVDA,0.29852405190467834
2011-08-25,NVDA,NVDA,0.2857039272785187
2011-08-26,NVDA,NVDA,0.29783713817596436
2011-08-29,NVDA,NVDA,0.30584967136383057
2011-08-30,NVDA,NVDA,0.3131754696369171
2011-08-31,NVDA,NVDA,0.3047049343585968
2011-09-01,NVDA,NVDA,0.3040182590484619
2011-09-02,NVDA,NVDA,0.2957768142223358
2011-09-06,NVDA,NVDA,0.30172887444496155
2011-09-07,NVDA,NVDA,0.3262243866920471
2011-09-08,NVDA,NVDA,0.32462194561958313
2011-09-09,NVDA,NVDA,0.31775394082069397
2011-09-12,NVDA,NVDA,0.325308620929718
2011-09-13,NVDA,NVDA,0.3326343595981598
2011-09-14,NVDA,NVDA,0.3498041331768036
2011-09-15,NVDA,NVDA,0.3548404574394226
2011-09-16,NVDA,NVDA,0.35392484068870544
2011-09-19,NVDA,NVDA,0.34659916162490845
2011-09-20,NVDA,NVDA,0.33767083287239075
2011-09-21,NVDA,NVDA,0.3312608301639557
2011-09-22,NVDA,NVDA,0.309283584356308
2011-09-23,NVDA,NVDA,0.31569358706474304
2011-09-26,NVDA,NVDA,0.31638044118881226
2011-09-27,NVDA,NVDA,0.31683817505836487
2011-09-28,NVDA,NVDA,0.3072233200073242
2011-09-29,NVDA,NVDA,0.29966863989830017
2011-09-30,NVDA,NVDA,0.28639066219329834
2011-10-03,NVDA,NVDA,0.2703656256198883
2011-10-04,NVDA,NVDA,0.2953188717365265
2011-10-05,NVDA,NVDA,0.30584967136383057
2011-10-06,NVDA,NVDA,0.31798291206359863
2011-10-07,NVDA,NVDA,0.32393503189086914
2011-10-10,NVDA,NVDA,0.3383576273918152
2011-10-11,NVDA,NVDA,0.3346947133541107
2011-10-12,NVDA,NVDA,0.3344658613204956
2011-10-13,NVDA,NVDA,0.35392484068870544
2011-10-14,NVDA,NVDA,0.3598770797252655
2011-10-17,NVDA,NVDA,0.34202051162719727
2011-10-18,NVDA,NVDA,0.35438263416290283
2011-10-19,NVDA,NVDA,0.34728577733039856
2011-10-20,NVDA,NVDA,0.329887330532074
2011-10-21,NVDA,NVDA,0.3314897418022156
2011-10-24,NVDA,NVDA,0.34385183453559875
2011-10-25,NVDA,NVDA,0.3308030068874359
2011-10-26,NVDA,NVDA,0.3346947133541107
2011-10-27,NVDA,NVDA,0.3491172194480896
2011-10-28,NVDA,NVDA,0.357129842042923
2011-10-31,NVDA,NVDA,0.3388155698776245
2011-11-01,NVDA,NVDA,0.321874737739563
2011-11-02,NVDA,NVDA,0.31638044118881226
2011-11-03,NVDA,NVDA,0.33538156747817993
2011-11-04,NVDA,NVDA,0.3392733633518219
2011-11-07,NVDA,NVDA,0.337442010641098
2011-11-08,NVDA,NVDA,0.3452255129814148
2011-11-09,NVDA,NVDA,0.32782691717147827
2011-11-10,NVDA,NVDA,0.3312608301639557
2011-11-11,NVDA,NVDA,0.3429361879825592
2011-11-14,NVDA,NVDA,0.33629730343818665
2011-11-15,NVDA,NVDA,0.3406469523906708
2011-11-16,NVDA,NVDA,0.33377906680107117
2011-11-17,NVDA,NVDA,0.321874737739563
2011-11-18,NVDA,NVDA,0.31889858841896057
2011-11-21,NVDA,NVDA,0.33492377400398254
2011-11-22,NVDA,NVDA,0.3452255129814148
2011-11-23,NVDA,NVDA,0.3305739462375641
2011-11-25,NVDA,NVDA,0.3214168846607208
2011-11-28,NVDA,NVDA,0.33950236439704895
2011-11-29,NVDA,NVDA,0.3413337767124176
2011-11-30,NVDA,NVDA,0.3578166365623474
2011-12-01,NVDA,NVDA,0.36216631531715393
2011-12-02,NVDA,NVDA,0.3598770797252655
2011-12-05,NVDA,NVDA,0.35438263416290283
2011-12-06,NVDA,NVDA,0.3493462800979614
2011-12-07,NVDA,NVDA,0.34728577733039856
2011-12-08,NVDA,NVDA,0.33629730343818665
2011-12-09,NVDA,NVDA,0.34110474586486816
2011-12-12,NVDA,NVDA,0.3326343595981598
2011-12-13,NVDA,NVDA,0.32347726821899414
2011-12-14,NVDA,NVDA,0.3108861446380615
2011-12-15,NVDA,NVDA,0.30813902616500854
2011-12-16,NVDA,NVDA,0.309283584356308
2011-12-19,NVDA,NVDA,0.30127108097076416
2011-12-20,NVDA,NVDA,0.31821194291114807
2011-12-21,NVDA,NVDA,0.3140910267829895
2011-12-22,NVDA,NVDA,0.3275979459285736
2011-12-23,NVDA,NVDA,0.3243928849697113
2011-12-27,NVDA,NVDA,0.321874737739563
2011-12-28,NVDA,NVDA,0.31386223435401917
2011-12-29,NVDA,NVDA,0.3198143541812897
2011-12-30,NVDA,NVDA,0.3172961473464966
2012-01-03,NVDA,NVDA,0.3214168846607208
2012-01-04,NVDA,NVDA,0.3250798285007477
2012-01-05,NVDA,NVDA,0.33675509691238403
2012-01-06,NVDA,NVDA,0.33286333084106445
2012-01-09,NVDA,NVDA,0.33286333084106445
2012-01-10,NVDA,NVDA,0.3314897418022156
2012-01-11,NVDA,NVDA,0.32485073804855347
2012-01-12,NVDA,NVDA,0.3227904140949249
2012-01-13,NVDA,NVDA,0.3143201172351837
2012-01-17,NVDA,NVDA,0.3095124661922455
2012-01-18,NVDA,NVDA,0.32004332542419434
2012-01-19,NVDA,NVDA,0.3285136818885803
2012-01-20,NVDA,NVDA,0.3255375921726227
2012-01-23,NVDA,NVDA,0.3344658613204956
2012-01-24,NVDA,NVDA,0.34202051162719727
2012-01-25,NVDA,NVDA,0.3399600684642792
2012-01-26,NVDA,NVDA,0.33675509691238403
2012-01-27,NVDA,NVDA,0.3413337767124176
2012-01-30,NVDA,NVDA,0.3388155698776245
2012-01-31,NVDA,NVDA,0.3381286561489105
2012-02-01,NVDA,NVDA,0.3417915403842926
2012-02-02,NVDA,NVDA,0.3546115458011627
2012-02-03,NVDA,NVDA,0.36216631531715393
2012-02-06,NVDA,NVDA,0.359419047832489
2012-02-07,NVDA,NVDA,0.3603348731994629
2012-02-08,NVDA,NVDA,0.37338384985923767
2012-02-09,NVDA,NVDA,0.373154878616333
2012-02-10,NVDA,NVDA,0.3639977276325226
2012-02-13,NVDA,NVDA,0.3697209358215332
2012-02-14,NVDA,NVDA,0.3717813789844513
2012-02-15,NVDA,NVDA,0.37017887830734253
2012-02-16,NVDA,NVDA,0.3765888214111328
2012-02-17,NVDA,NVDA,0.3628530502319336
2012-02-21,NVDA,NVDA,0.36468440294265747
2012-02-22,NVDA,NVDA,0.36216631531715393
2012-02-23,NVDA,NVDA,0.36422663927078247
2012-02-24,NVDA,NVDA,0.3614794909954071
2012-02-27,NVDA,NVDA,0.35415375232696533
2012-02-28,NVDA,NVDA,0.3509487509727478
2012-02-29,NVDA,NVDA,0.34682801365852356
2012-03-01,NVDA,NVDA,0.3491172194480896
2012-03-02,NVDA,NVDA,0.3520934283733368
2012-03-05,NVDA,NVDA,0.34018900990486145
2012-03-06,NVDA,NVDA,0.3369840085506439
2012-03-07,NVDA,NVDA,0.33904436230659485
2012-03-08,NVDA,NVDA,0.34018900990486145
2012-03-09,NVDA,NVDA,0.3392733633518219
2012-03-12,NVDA,NVDA,0.3340079188346863
2012-03-13,NVDA,NVDA,0.3385865092277527
2012-03-14,NVDA,NVDA,0.32897141575813293
2012-03-15,NVDA,NVDA,0.33377906680107117
2012-03-16,NVDA,NVDA,0.3342369794845581
2012-03-19,NVDA,NVDA,0.3351525664329529
2012-03-20,NVDA,NVDA,0.3296583592891693
2012-03-21,NVDA,NVDA,0.33103182911872864
2012-03-22,NVDA,NVDA,0.3305739462375641
2012-03-23,NVDA,NVDA,0.3330923616886139
2012-03-26,NVDA,NVDA,0.3369840085506439
2012-03-27,NVDA,NVDA,0.3392733633518219
2012-03-28,NVDA,NVDA,0.34705695509910583
2012-03-29,NVDA,NVDA,0.348659485578537
2012-03-30,NVDA,NVDA,0.3525512218475342
2012-04-02,NVDA,NVDA,0.3509487509727478
2012-04-03,NVDA,NVDA,0.3452255129814148
2012-04-04,NVDA,NVDA,0.33538156747817993
2012-04-05,NVDA,NVDA,0.33492377400398254
2012-04-09,NVDA,NVDA,0.3305739462375641
2012-04-10,NVDA,NVDA,0.3241640627384186
2012-04-11,NVDA,NVDA,0.3282848000526428
2012-04-12,NVDA,NVDA,0.3360683023929596
2012-04-13,NVDA,NVDA,0.3241640627384186
2012-04-16,NVDA,NVDA,0.32027220726013184
2012-04-17,NVDA,NVDA,0.32095903158187866
2012-04-18,NVDA,NVDA,0.3175249993801117
2012-04-19,NVDA,NVDA,0.3127174973487854
2012-04-20,NVDA,NVDA,0.3065364956855774
2012-04-23,NVDA,NVDA,0.30287352204322815
2012-04-24,NVDA,NVDA,0.29348745942115784
2012-04-25,NVDA,NVDA,0.2994396686553955
2012-04-26,NVDA,NVDA,0.29966863989830017
2012-04-27,NVDA,NVDA,0.29715025424957275
2012-04-30,NVDA,NVDA,0.29760822653770447
2012-05-01,NVDA,NVDA,0.30287352204322815
2012-05-02,NVDA,NVDA,0.2941742241382599
2012-05-03,NVDA,NVDA,0.2891378104686737
2012-05-04,NVDA,NVDA,0.2806674540042877
2012-05-07,NVDA,NVDA,0.2854750156402588
2012-05-08,NVDA,NVDA,0.2852461040019989
2012-05-09,NVDA,NVDA,0.28639066219329834
2012-05-10,NVDA,NVDA,0.2843303382396698
2012-05-11,NVDA,NVDA,0.3024156987667084
2012-05-14,NVDA,NVDA,0.30058416724205017
2012-05-15,NVDA,NVDA,0.29760822653770447
2012-05-16,NVDA,NVDA,0.29165613651275635
2012-05-17,NVDA,NVDA,0.28959572315216064
2012-05-18,NVDA,NVDA,0.2765464782714844
2012-05-21,NVDA,NVDA,0.28135421872138977
2012-05-22,NVDA,NVDA,0.27792027592658997
2012-05-23,NVDA,NVDA,0.2847881019115448
2012-05-24,NVDA,NVDA,0.27723339200019836
2012-05-25,NVDA,NVDA,0.28387248516082764
2012-05-29,NVDA,NVDA,0.291198194026947
2012-05-30,NVDA,NVDA,0.2877642512321472
2012-05-31,NVDA,NVDA,0.2845592200756073
2012-06-01,NVDA,NVDA,0.2742574214935303
2012-06-04,NVDA,NVDA,0.2685341238975525
2012-06-05,NVDA,NVDA,0.2763177752494812
2012-06-06,NVDA,NVDA,0.2836434841156006
2012-06-07,NVDA,NVDA,0.27219706773757935
2012-06-08,NVDA,NVDA,0.2774624824523926
2012-06-11,NVDA,NVDA,0.2806674540042877
2012-06-12,NVDA,NVDA,0.28639066219329834
2012-06-13,NVDA,NVDA,0.2788360118865967
2012-06-14,NVDA,NVDA,0.2754020690917969
2012-06-15,NVDA,NVDA,0.28135421872138977
2012-06-18,NVDA,NVDA,0.28387248516082764
2012-06-19,NVDA,NVDA,0.3031025230884552
2012-06-20,NVDA,NVDA,0.30791014432907104
2012-06-21,NVDA,NVDA,0.2939453423023224
2012-06-22,NVDA,NVDA,0.29760822653770447
2012-06-25,NVDA,NVDA,0.2882220447063446
2012-06-26,NVDA,NVDA,0.2914271354675293
2012-06-27,NVDA,NVDA,0.3008131980895996
2012-06-28,NVDA,NVDA,0.3031025230884552
2012-06-29,NVDA,NVDA,0.31638044118881226
2012-07-02,NVDA,NVDA,0.30791014432907104
2012-07-03,NVDA,NVDA,0.3159225583076477
2012-07-05,NVDA,NVDA,0.3127174973487854
2012-07-06,NVDA,NVDA,0.3067653775215149
2012-07-09,NVDA,NVDA,0.30264464020729065
2012-07-10,NVDA,NVDA,0.29348745942115784
2012-07-11,NVDA,NVDA,0.28867998719215393
2012-07-12,NVDA,NVDA,0.28387248516082764
2012-07-13,NVDA,NVDA,0.2875353991985321
2012-07-16,NVDA,NVDA,0.28845101594924927
2012-07-17,NVDA,NVDA,0.28318560123443604
2012-07-18,NVDA,NVDA,0.2989817261695862
2012-07-19,NVDA,NVDA,0.3019579350948334
2012-07-20,NVDA,NVDA,0.2932586073875427
2012-07-23,NVDA,NVDA,0.29715025424957275
2012-07-24,NVDA,NVDA,0.2939453423023224
2012-07-25,NVDA,NVDA,0.29966863989830017
2012-07-26,NVDA,NVDA,0.3010421693325043
2012-07-27,NVDA,NVDA,0.30859681963920593
2012-07-30,NVDA,NVDA,0.30516287684440613
2012-07-31,NVDA,NVDA,0.3099704384803772
2012-08-01,NVDA,NVDA,0.3065364956855774
2012-08-02,NVDA,NVDA,0.30768105387687683
2012-08-03,NVDA,NVDA,0.3140910267829895
2012-08-06,NVDA,NVDA,0.3207300901412964
2012-08-07,NVDA,NVDA,0.32393503189086914
2012-08-08,NVDA,NVDA,0.32576653361320496
2012-08-09,NVDA,NVDA,0.33675509691238403
2012-08-10,NVDA,NVDA,0.3346947133541107
2012-08-13,NVDA,NVDA,0.33904436230659485
2012-08-14,NVDA,NVDA,0.3340079188346863
2012-08-15,NVDA,NVDA,0.3314897418022156
2012-08-16,NVDA,NVDA,0.3383576273918152
2012-08-17,NVDA,NVDA,0.33538156747817993
2012-08-20,NVDA,NVDA,0.33538156747817993
2012-08-21,NVDA,NVDA,0.3344658613204956
2012-08-22,NVDA,NVDA,0.3351525664329529
2012-08-23,NVDA,NVDA,0.3275979459285736
2012-08-24,NVDA,NVDA,0.3342369794845581
2012-08-27,NVDA,NVDA,0.3285136818885803
2012-08-28,NVDA,NVDA,0.32714003324508667
2012-08-29,NVDA,NVDA,0.32782691717147827
2012-08-30,NVDA,NVDA,0.3216457962989807
2012-08-31,NVDA,NVDA,0.32118791341781616
2012-09-04,NVDA,NVDA,0.3040182590484619
2012-09-05,NVDA,NVDA,0.30493393540382385
2012-09-06,NVDA,NVDA,0.3143201172351837
2012-09-07,NVDA,NVDA,0.3067653775215149
2012-09-10,NVDA,NVDA,0.3040182590484619
2012-09-11,NVDA,NVDA,0.30768105387687683
2012-09-12,NVDA,NVDA,0.311115026473999
2012-09-13,NVDA,NVDA,0.3131754696369171
2012-09-14,NVDA,NVDA,0.31683817505836487
2012-09-17,NVDA,NVDA,0.30813902616500854
2012-09-18,NVDA,NVDA,0.3101993501186371
2012-09-19,NVDA,NVDA,0.31386223435401917
2012-09-20,NVDA,NVDA,0.3115728795528412
2012-09-21,NVDA,NVDA,0.3129465579986572
2012-09-24,NVDA,NVDA,0.3127174973487854
2012-09-25,NVDA,NVDA,0.30699431896209717
2012-09-26,NVDA,NVDA,0.30172887444496155
2012-09-27,NVDA,NVDA,0.3040182590484619
2012-09-28,NVDA,NVDA,0.30539175868034363
2012-10-01,NVDA,NVDA,0.3003554940223694
2012-10-02,NVDA,NVDA,0.3015000820159912
2012-10-03,NVDA,NVDA,0.29852405190467834
2012-10-04,NVDA,NVDA,0.31180185079574585
2012-10-05,NVDA,NVDA,0.3044760227203369
2012-10-08,NVDA,NVDA,0.3015000820159912
2012-10-09,NVDA,NVDA,0.2950899302959442
2012-10-10,NVDA,NVDA,0.2900533974170685
2012-10-11,NVDA,NVDA,0.29165613651275635
2012-10-12,NVDA,NVDA,0.2891378104686737
2012-10-15,NVDA,NVDA,0.29280075430870056
2012-10-16,NVDA,NVDA,0.30127108097076416
2012-10-17,NVDA,NVDA,0.2989817261695862
2012-10-18,NVDA,NVDA,0.29440319538116455
2012-10-19,NVDA,NVDA,0.27723339200019836
2012-10-22,NVDA,NVDA,0.2740284204483032
2012-10-23,NVDA,NVDA,0.28226980566978455
2012-10-24,NVDA,NVDA,0.2786071002483368
2012-10-25,NVDA,NVDA,0.2788360118865967
2012-10-26,NVDA,NVDA,0.2758599519729614
2012-10-31,NVDA,NVDA,0.2742574214935303
2012-11-01,NVDA,NVDA,0.28730636835098267
2012-11-02,NVDA,NVDA,0.28593289852142334
2012-11-05,NVDA,NVDA,0.298066109418869
2012-11-06,NVDA,NVDA,0.29783713817596436
2012-11-07,NVDA,NVDA,0.28867998719215393
2012-11-08,NVDA,NVDA,0.29028239846229553
2012-11-09,NVDA,NVDA,0.27906495332717896
2012-11-12,NVDA,NVDA,0.27288389205932617
2012-11-13,NVDA,NVDA,0.2708234488964081
2012-11-14,NVDA,NVDA,0.2641846239566803
2012-11-15,NVDA,NVDA,0.26532918214797974
2012-11-16,NVDA,NVDA,0.26052168011665344
2012-11-19,NVDA,NVDA,0.26784732937812805
2012-11-20,NVDA,NVDA,0.2647368609905243
2012-11-21,NVDA,NVDA,0.27234041690826416
2012-11-23,NVDA,NVDA,0.27418357133865356
2012-11-26,NVDA,NVDA,0.2790220081806183
2012-11-27,NVDA,NVDA,0.2801741361618042
2012-11-28,NVDA,NVDA,0.2824781835079193
2012-11-29,NVDA,NVDA,0.2774091362953186
2012-11-30,NVDA,NVDA,0.2757963538169861
2012-12-03,NVDA,NVDA,0.2707274258136749
2012-12-04,NVDA,NVDA,0.278791606426239
2012-12-05,NVDA,NVDA,0.2755659222602844
2012-12-06,NVDA,NVDA,0.27602681517601013
2012-12-07,NVDA,NVDA,0.2755659222602844
2012-12-10,NVDA,NVDA,0.2847822308540344
2012-12-11,NVDA,NVDA,0.2914639711380005
2012-12-12,NVDA,NVDA,0.28846868872642517
2012-12-13,NVDA,NVDA,0.28869926929473877
2012-12-14,NVDA,NVDA,0.29008159041404724
2012-12-17,NVDA,NVDA,0.2889294922351837
2012-12-18,NVDA,NVDA,0.2893904447555542
2012-12-19,NVDA,NVDA,0.2914639711380005
2012-12-20,NVDA,NVDA,0.2912336587905884
2012-12-21,NVDA,NVDA,0.2845518887042999
2012-12-24,NVDA,NVDA,0.28224772214889526
2012-12-26,NVDA,NVDA,0.282017320394516
2012-12-27,NVDA,NVDA,0.2801741361618042
2012-12-28,NVDA,NVDA,0.278791606426239
2012-12-31,NVDA,NVDA,0.2824781835079193
2013-01-02,NVDA,NVDA,0.29307687282562256
2013-01-03,NVDA,NVDA,0.2933073043823242
2013-01-04,NVDA,NVDA,0.3029843866825104
2013-01-07,NVDA,NVDA,0.2942288815975189
2013-01-08,NVDA,NVDA,0.2877775728702545
2013-01-09,NVDA,NVDA,0.28132617473602295
2013-01-10,NVDA,NVDA,0.28178706765174866
2013-01-11,NVDA,NVDA,0.28132617473602295
2013-01-14,NVDA,NVDA,0.2810956835746765
2013-01-15,NVDA,NVDA,0.27602681517601013
2013-01-16,NVDA,NVDA,0.2785612642765045
2013-01-17,NVDA,NVDA,0.28224772214889526
2013-01-18,NVDA,NVDA,0.28040459752082825
2013-01-22,NVDA,NVDA,0.2790220081806183
2013-01-23,NVDA,NVDA,0.2794829308986664
2013-01-24,NVDA,NVDA,0.2808654010295868
2013-01-25,NVDA,NVDA,0.2859342396259308
2013-01-28,NVDA,NVDA,0.2905423641204834
2013-01-29,NVDA,NVDA,0.28432148694992065
2013-01-30,NVDA,NVDA,0.28386062383651733
2013-01-31,NVDA,NVDA,0.2824781835079193
2013-02-01,NVDA,NVDA,0.2850126624107361
2013-02-04,NVDA,NVDA,0.2801741361618042
2013-02-05,NVDA,NVDA,0.2866254448890686
2013-02-06,NVDA,NVDA,0.28432148694992065
2013-02-07,NVDA,NVDA,0.28316938877105713
2013-02-08,NVDA,NVDA,0.2850126624107361
2013-02-11,NVDA,NVDA,0.2882383167743683
2013-02-12,NVDA,NVDA,0.28639504313468933
2013-02-13,NVDA,NVDA,0.2850126624107361
2013-02-14,NVDA,NVDA,0.2933073043823242
2013-02-15,NVDA,NVDA,0.2933073043823242
2013-02-19,NVDA,NVDA,0.2893904447555542
2013-02-20,NVDA,NVDA,0.2852430045604706
2013-02-21,NVDA,NVDA,0.28316938877105713
2013-02-22,NVDA,NVDA,0.28846868872642517
2013-02-25,NVDA,NVDA,0.283399760723114
2013-02-26,NVDA,NVDA,0.2867611348628998
2013-02-27,NVDA,NVDA,0.2920929789543152
2013-02-28,NVDA,NVDA,0.29348382353782654
2013-03-01,NVDA,NVDA,0.2946430742740631
2013-03-04,NVDA,NVDA,0.29348382353782654
2013-03-05,NVDA,NVDA,0.2967294454574585
2013-03-06,NVDA,NVDA,0.2964976727962494
2013-03-07,NVDA,NVDA,0.2958022654056549
2013-03-08,NVDA,NVDA,0.2971929907798767
2013-03-11,NVDA,NVDA,0.2944112718105316
2013-03-12,NVDA,NVDA,0.29533857107162476
2013-03-13,NVDA,NVDA,0.29533857107162476
2013-03-14,NVDA,NVDA,0.2955702543258667
2013-03-15,NVDA,NVDA,0.2930203676223755
2013-03-18,NVDA,NVDA,0.2909339368343353
2013-03-19,NVDA,NVDA,0.2890794277191162
2013-03-20,NVDA,NVDA,0.2925567328929901
2013-03-21,NVDA,NVDA,0.28792035579681396
2013-03-22,NVDA,NVDA,0.2893112599849701
2013-03-25,NVDA,NVDA,0.2876884639263153
2013-03-26,NVDA,NVDA,0.28977471590042114
2013-03-27,NVDA,NVDA,0.2932521402835846
2013-03-28,NVDA,NVDA,0.29742494225502014
2013-04-01,NVDA,NVDA,0.2876884639263153
2013-04-02,NVDA,NVDA,0.2846747636795044
2013-04-03,NVDA,NVDA,0.2811974883079529
2013-04-04,NVDA,NVDA,0.2839793860912323
2013-04-05,NVDA,NVDA,0.28884759545326233
2013-04-08,NVDA,NVDA,0.2881520390510559
2013-04-09,NVDA,NVDA,0.292788565158844
2013-04-10,NVDA,NVDA,0.29742494225502014
2013-04-11,NVDA,NVDA,0.29603394865989685
2013-04-12,NVDA,NVDA,0.3034522831439972
2013-04-15,NVDA,NVDA,0.2971929907798767
2013-04-16,NVDA,NVDA,0.30043861269950867
2013-04-17,NVDA,NVDA,0.2964976727962494
2013-04-18,NVDA,NVDA,0.29070207476615906
2013-04-19,NVDA,NVDA,0.2913975417613983
2013-04-22,NVDA,NVDA,0.2918611764907837
2013-04-23,NVDA,NVDA,0.29951125383377075
2013-04-24,NVDA,NVDA,0.30971136689186096
2013-04-25,NVDA,NVDA,0.31226134300231934
2013-04-26,NVDA,NVDA,0.31087055802345276
2013-04-29,NVDA,NVDA,0.31457963585853577
2013-04-30,NVDA,NVDA,0.31921595335006714
2013-05-01,NVDA,NVDA,0.3164341449737549
2013-05-02,NVDA,NVDA,0.32014328241348267
2013-05-03,NVDA,NVDA,0.321534126996994
2013-05-06,NVDA,NVDA,0.3206070065498352
2013-05-07,NVDA,NVDA,0.3164341449737549
2013-05-08,NVDA,NVDA,0.32222968339920044
2013-05-09,NVDA,NVDA,0.32246145606040955
2013-05-10,NVDA,NVDA,0.3370662033557892
2013-05-13,NVDA,NVDA,0.33011144399642944
2013-05-14,NVDA,NVDA,0.33497971296310425
2013-05-15,NVDA,NVDA,0.34077519178390503
2013-05-16,NVDA,NVDA,0.33915257453918457
2013-05-17,NVDA,NVDA,0.34471622109413147
2013-05-20,NVDA,NVDA,0.3440207242965698
2013-05-21,NVDA,NVDA,0.3476320803165436
2013-05-22,NVDA,NVDA,0.3355163037776947
2013-05-23,NVDA,NVDA,0.3408753573894501
2013-05-24,NVDA,NVDA,0.3387782871723175
2013-05-28,NVDA,NVDA,0.3385452330112457
2013-05-29,NVDA,NVDA,0.3364482820034027
2013-05-30,NVDA,NVDA,0.3408753573894501
2013-05-31,NVDA,NVDA,0.3371472954750061
2013-06-03,NVDA,NVDA,0.3366813063621521
2013-06-04,NVDA,NVDA,0.3371472954750061
2013-06-05,NVDA,NVDA,0.32992446422576904
2013-06-06,NVDA,NVDA,0.3320213556289673
2013-06-07,NVDA,NVDA,0.3366813063621521
2013-06-10,NVDA,NVDA,0.3364482820034027
2013-06-11,NVDA,NVDA,0.3301573395729065
2013-06-12,NVDA,NVDA,0.3273613154888153
2013-06-13,NVDA,NVDA,0.3348173201084137
2013-06-14,NVDA,NVDA,0.3343512713909149
2013-06-17,NVDA,NVDA,0.33761337399482727
2013-06-18,NVDA,NVDA,0.3355163037776947
2013-06-19,NVDA,NVDA,0.3457682132720947
2013-06-20,NVDA,NVDA,0.3364482820034027
2013-06-21,NVDA,NVDA,0.33598244190216064
2013-06-24,NVDA,NVDA,0.3289923071861267
2013-06-25,NVDA,NVDA,0.33132243156433105
2013-06-26,NVDA,NVDA,0.3294583857059479
2013-06-27,NVDA,NVDA,0.3264293074607849
2013-06-28,NVDA,NVDA,0.32712849974632263
2013-07-01,NVDA,NVDA,0.3285263776779175
2013-07-02,NVDA,NVDA,0.32829344272613525
2013-07-03,NVDA,NVDA,0.32922548055648804
2013-07-05,NVDA,NVDA,0.3317882716655731
2013-07-08,NVDA,NVDA,0.3301573395729065
2013-07-09,NVDA,NVDA,0.3317882716655731
2013-07-10,NVDA,NVDA,0.33621513843536377
2013-07-11,NVDA,NVDA,0.3408753573894501
2013-07-12,NVDA,NVDA,0.341108113527298
2013-07-15,NVDA,NVDA,0.3404093086719513
2013-07-16,NVDA,NVDA,0.3422732949256897
2013-07-17,NVDA,NVDA,0.3404093086719513
2013-07-18,NVDA,NVDA,0.3390113413333893
2013-07-19,NVDA,NVDA,0.3317882716655731
2013-07-22,NVDA,NVDA,0.3315553665161133
2013-07-23,NVDA,NVDA,0.3310893774032593
2013-07-24,NVDA,NVDA,0.3310893774032593
2013-07-25,NVDA,NVDA,0.3322542905807495
2013-07-26,NVDA,NVDA,0.33085644245147705
2013-07-29,NVDA,NVDA,0.3301573395729065
2013-07-30,NVDA,NVDA,0.3357492983341217
2013-07-31,NVDA,NVDA,0.3364482820034027
2013-08-01,NVDA,NVDA,0.341108113527298
2013-08-02,NVDA,NVDA,0.34390416741371155
2013-08-05,NVDA,NVDA,0.3455352187156677
2013-08-06,NVDA,NVDA,0.3404093086719513
2013-08-07,NVDA,NVDA,0.3401762545108795
2013-08-08,NVDA,NVDA,0.3425062596797943
2013-08-09,NVDA,NVDA,0.33761337399482727
2013-08-12,NVDA,NVDA,0.3348173201084137
2013-08-13,NVDA,NVDA,0.33598244190216064
2013-08-14,NVDA,NVDA,0.35019513964653015
2013-08-15,NVDA,NVDA,0.35252514481544495
2013-08-16,NVDA,NVDA,0.35392314195632935
2013-08-19,NVDA,NVDA,0.34833115339279175
2013-08-20,NVDA,NVDA,0.35008758306503296
2013-08-21,NVDA,NVDA,0.3484482169151306
2013-08-22,NVDA,NVDA,0.3503216803073883
2013-08-23,NVDA,NVDA,0.3503216803073883
2013-08-26,NVDA,NVDA,0.35102415084838867
2013-08-27,NVDA,NVDA,0.34657493233680725
2013-08-28,NVDA,NVDA,0.34657493233680725
2013-08-29,NVDA,NVDA,0.3458723723888397
2013-08-30,NVDA,NVDA,0.3454039990901947
2013-09-03,NVDA,NVDA,0.34563830494880676
2013-09-04,NVDA,NVDA,0.348916620016098
2013-09-05,NVDA,NVDA,0.3498532772064209
2013-09-06,NVDA,NVDA,0.3484482169151306
2013-09-09,NVDA,NVDA,0.3543025553226471
2013-09-10,NVDA,NVDA,0.36179614067077637
2013-09-11,NVDA,NVDA,0.36788448691368103
2013-09-12,NVDA,NVDA,0.36765044927597046
2013-09-13,NVDA,NVDA,0.3699921667575836
2013-09-16,NVDA,NVDA,0.37022635340690613
2013-09-17,NVDA,NVDA,0.37139710783958435
2013-09-18,NVDA,NVDA,0.37467554211616516
2013-09-19,NVDA,NVDA,0.3730364143848419
2013-09-20,NVDA,NVDA,0.3697580099105835
2013-09-23,NVDA,NVDA,0.3662453293800354
2013-09-24,NVDA,NVDA,0.36765044927597046
2013-09-25,NVDA,NVDA,0.3681187331676483
2013-09-26,NVDA,NVDA,0.36694785952568054
2013-09-27,NVDA,NVDA,0.36484038829803467
2013-09-30,NVDA,NVDA,0.36437198519706726
2013-10-01,NVDA,NVDA,0.36413776874542236
2013-10-02,NVDA,NVDA,0.36390355229377747
2013-10-03,NVDA,NVDA,0.3601568341255188
2013-10-04,NVDA,NVDA,0.36507448554039
2013-10-07,NVDA,NVDA,0.36507448554039
2013-10-08,NVDA,NVDA,0.3620302677154541
2013-10-09,NVDA,NVDA,0.35641002655029297
2013-10-10,NVDA,NVDA,0.3603910803794861
2013-10-11,NVDA,NVDA,0.35734686255455017
2013-10-14,NVDA,NVDA,0.36273282766342163
2013-10-15,NVDA,NVDA,0.36085933446884155
2013-10-16,NVDA,NVDA,0.36530864238739014
2013-10-17,NVDA,NVDA,0.3660111129283905
2013-10-18,NVDA,NVDA,0.37022635340690613
2013-10-21,NVDA,NVDA,0.3711629807949066
2013-10-22,NVDA,NVDA,0.3692895472049713
2013-10-23,NVDA,NVDA,0.3629668653011322
2013-10-24,NVDA,NVDA,0.3603910803794861
2013-10-25,NVDA,NVDA,0.35687848925590515
2013-10-28,NVDA,NVDA,0.3561759889125824
2013-10-29,NVDA,NVDA,0.35664427280426025
2013-10-30,NVDA,NVDA,0.35641002655029297
2013-10-31,NVDA,NVDA,0.355707585811615
2013-11-01,NVDA,NVDA,0.35734686255455017
2013-11-04,NVDA,NVDA,0.34704315662384033
2013-11-05,NVDA,NVDA,0.34657493233680725
2013-11-06,NVDA,NVDA,0.348916620016098
2013-11-07,NVDA,NVDA,0.34072068333625793
2013-11-08,NVDA,NVDA,0.36437198519706726
2013-11-11,NVDA,NVDA,0.3674162030220032
2013-11-12,NVDA,NVDA,0.3681187331676483
2013-11-13,NVDA,NVDA,0.3781881332397461
2013-11-14,NVDA,NVDA,0.3798274099826813
2013-11-15,NVDA,NVDA,0.3786565661430359
2013-11-18,NVDA,NVDA,0.36952370405197144
2013-11-19,NVDA,NVDA,0.363520085811615
2013-11-20,NVDA,NVDA,0.358104944229126
2013-11-21,NVDA,NVDA,0.36093011498451233
2013-11-22,NVDA,NVDA,0.3573985993862152
2013-11-25,NVDA,NVDA,0.36516809463500977
2013-11-26,NVDA,NVDA,0.36822882294654846
2013-11-27,NVDA,NVDA,0.3696415424346924
2013-11-29,NVDA,NVDA,0.3672870695590973
2013-12-02,NVDA,NVDA,0.3708186149597168
2013-12-03,NVDA,NVDA,0.370583176612854
2013-12-04,NVDA,NVDA,0.375762939453125
2013-12-05,NVDA,NVDA,0.3696415424346924
2013-12-06,NVDA,NVDA,0.3642263412475586
2013-12-09,NVDA,NVDA,0.358104944229126
2013-12-10,NVDA,NVDA,0.3663453459739685
2013-12-11,NVDA,NVDA,0.36281365156173706
2013-12-12,NVDA,NVDA,0.35575050115585327
2013-12-13,NVDA,NVDA,0.3536316454410553
2013-12-16,NVDA,NVDA,0.35410240292549133
2013-12-17,NVDA,NVDA,0.35575050115585327
2013-12-18,NVDA,NVDA,0.3606947660446167
2013-12-19,NVDA,NVDA,0.36210736632347107
2013-12-20,NVDA,NVDA,0.3694060444831848
2013-12-23,NVDA,NVDA,0.37152495980262756
2013-12-24,NVDA,NVDA,0.37246665358543396
2013-12-26,NVDA,NVDA,0.36893516778945923
2013-12-27,NVDA,NVDA,0.371054083108902
2013-12-30,NVDA,NVDA,0.37599828839302063
2013-12-31,NVDA,NVDA,0.3771757483482361
2014-01-02,NVDA,NVDA,0.3734084963798523
2014-01-03,NVDA,NVDA,0.36893516778945923
2014-01-06,NVDA,NVDA,0.3738795518875122
2014-01-07,NVDA,NVDA,0.3800009787082672
2014-01-08,NVDA,NVDA,0.38518044352531433
2014-01-09,NVDA,NVDA,0.3708186149597168
2014-01-10,NVDA,NVDA,0.3703477084636688
2014-01-13,NVDA,NVDA,0.36163651943206787
2014-01-14,NVDA,NVDA,0.37293770909309387
2014-01-15,NVDA,NVDA,0.37694013118743896
2014-01-16,NVDA,NVDA,0.37811732292175293
2014-01-17,NVDA,NVDA,0.37646928429603577
2014-01-21,NVDA,NVDA,0.3778819143772125
2014-01-22,NVDA,NVDA,0.3774109482765198
2014-01-23,NVDA,NVDA,0.37599828839302063
2014-01-24,NVDA,NVDA,0.3663453459739685
2014-01-27,NVDA,NVDA,0.3639909327030182
2014-01-28,NVDA,NVDA,0.367522656917572
2014-01-29,NVDA,NVDA,0.3639909327030182
2014-01-30,NVDA,NVDA,0.3701123893260956
2014-01-31,NVDA,NVDA,0.3696415424346924
2014-02-03,NVDA,NVDA,0.36469730734825134
2014-02-04,NVDA,NVDA,0.36681628227233887
2014-02-05,NVDA,NVDA,0.363520085811615
2014-02-06,NVDA,NVDA,0.36822882294654846
2014-02-07,NVDA,NVDA,0.37364399433135986
2014-02-10,NVDA,NVDA,0.37482112646102905
2014-02-11,NVDA,NVDA,0.3825908303260803
2014-02-12,NVDA,NVDA,0.3962462544441223
2014-02-13,NVDA,NVDA,0.4087246358394623
2014-02-14,NVDA,NVDA,0.42167389392852783
2014-02-18,NVDA,NVDA,0.4214382469654083
2014-02-19,NVDA,NVDA,0.42708900570869446
2014-02-20,NVDA,NVDA,0.4421570599079132
2014-02-21,NVDA,NVDA,0.43886101245880127
2014-02-24,NVDA,NVDA,0.44521793723106384
2014-02-25,NVDA,NVDA,0.4432075321674347
2014-02-26,NVDA,NVDA,0.44249799847602844
2014-02-27,NVDA,NVDA,0.43753141164779663
2014-02-28,NVDA,NVDA,0.43469345569610596
2014-03-03,NVDA,NVDA,0.43256500363349915
2014-03-04,NVDA,NVDA,0.43705853819847107
2014-03-05,NVDA,NVDA,0.4408425986766815
2014-03-06,NVDA,NVDA,0.43469345569610596
2014-03-07,NVDA,NVDA,0.4342203438282013
2014-03-10,NVDA,NVDA,0.42783477902412415
2014-03-11,NVDA,NVDA,0.43209192156791687
2014-03-12,NVDA,NVDA,0.4332744777202606
2014-03-13,NVDA,NVDA,0.41955721378326416
2014-03-14,NVDA,NVDA,0.4214492738246918
2014-03-17,NVDA,NVDA,0.4214492738246918
2014-03-18,NVDA,NVDA,0.431382417678833
2014-03-19,NVDA,NVDA,0.43895047903060913
2014-03-20,NVDA,NVDA,0.43918704986572266
2014-03-21,NVDA,NVDA,0.4384775161743164
2014-03-24,NVDA,NVDA,0.43634891510009766
2014-03-25,NVDA,NVDA,0.43634891510009766
2014-03-26,NVDA,NVDA,0.4264158010482788
2014-03-27,NVDA,NVDA,0.4207397699356079
2014-03-28,NVDA,NVDA,0.42334118485450745
2014-03-31,NVDA,NVDA,0.42357784509658813
2014-04-01,NVDA,NVDA,0.4410790205001831
2014-04-02,NVDA,NVDA,0.43824100494384766
2014-04-03,NVDA,NVDA,0.4429711699485779
2014-04-04,NVDA,NVDA,0.42925378680229187
2014-04-07,NVDA,NVDA,0.43067291378974915
2014-04-08,NVDA,NVDA,0.4460456967353821
2014-04-09,NVDA,NVDA,0.4455726742744446
2014-04-10,NVDA,NVDA,0.43469345569610596
2014-04-11,NVDA,NVDA,0.4285445213317871
2014-04-14,NVDA,NVDA,0.4332744777202606
2014-04-15,NVDA,NVDA,0.43634891510009766
2014-04-16,NVDA,NVDA,0.43729498982429504
2014-04-17,NVDA,NVDA,0.43895047903060913
2014-04-21,NVDA,NVDA,0.44249799847602844
2014-04-22,NVDA,NVDA,0.44628214836120605
2014-04-23,NVDA,NVDA,0.45148521661758423
2014-04-24,NVDA,NVDA,0.4555057883262634
2014-04-25,NVDA,NVDA,0.4429711699485779
2014-04-28,NVDA,NVDA,0.4410790205001831
2014-04-29,NVDA,NVDA,0.44202521443367004
2014-04-30,NVDA,NVDA,0.4368221163749695
2014-05-01,NVDA,NVDA,0.43918704986572266
2014-05-02,NVDA,NVDA,0.4358759820461273
2014-05-05,NVDA,NVDA,0.440606027841568
2014-05-06,NVDA,NVDA,0.43161889910697937
2014-05-07,NVDA,NVDA,0.43209192156791687
2014-05-08,NVDA,NVDA,0.43753141164779663
2014-05-09,NVDA,NVDA,0.42688876390457153
2014-05-12,NVDA,NVDA,0.4394236207008362
2014-05-13,NVDA,NVDA,0.432328462600708
2014-05-14,NVDA,NVDA,0.4280712604522705
2014-05-15,NVDA,NVDA,0.42570626735687256
2014-05-16,NVDA,NVDA,0.42476025223731995
2014-05-19,NVDA,NVDA,0.4384775161743164
2014-05-20,NVDA,NVDA,0.4333692491054535
2014-05-21,NVDA,NVDA,0.4333692491054535
2014-05-22,NVDA,NVDA,0.4352700710296631
2014-05-23,NVDA,NVDA,0.43930912017822266
2014-05-27,NVDA,NVDA,0.4471496343612671
2014-05-28,NVDA,NVDA,0.45095112919807434
2014-05-29,NVDA,NVDA,0.45023834705352783
2014-05-30,NVDA,NVDA,0.45142626762390137
2014-06-02,NVDA,NVDA,0.45000073313713074
2014-06-03,NVDA,NVDA,0.44810011982917786
2014-06-04,NVDA,NVDA,0.4485751986503601
2014-06-05,NVDA,NVDA,0.45047593116760254
2014-06-06,NVDA,NVDA,0.45213907957077026
2014-06-09,NVDA,NVDA,0.45261433720588684
2014-06-10,NVDA,NVDA,0.4549902081489563
2014-06-11,NVDA,NVDA,0.46093007922172546
2014-06-12,NVDA,NVDA,0.4637811779975891
2014-06-13,NVDA,NVDA,0.4642563462257385
2014-06-16,NVDA,NVDA,0.4628307819366455
2014-06-17,NVDA,NVDA,0.46591946482658386
2014-06-18,NVDA,NVDA,0.46544426679611206
2014-06-19,NVDA,NVDA,0.45475268363952637
2014-06-20,NVDA,NVDA,0.44976329803466797
2014-06-23,NVDA,NVDA,0.44453608989715576
2014-06-24,NVDA,NVDA,0.43764591217041016
2014-06-25,NVDA,NVDA,0.4421602189540863
2014-06-26,NVDA,NVDA,0.43622031807899475
2014-06-27,NVDA,NVDA,0.43669554591178894
2014-06-30,NVDA,NVDA,0.44049710035324097
2014-07-01,NVDA,NVDA,0.44548654556274414
2014-07-02,NVDA,NVDA,0.4438233971595764
2014-07-03,NVDA,NVDA,0.447862446308136
2014-07-07,NVDA,NVDA,0.4442985951900482
2014-07-08,NVDA,NVDA,0.4407346844673157
2014-07-09,NVDA,NVDA,0.4540398120880127
2014-07-10,NVDA,NVDA,0.45166394114494324
2014-07-11,NVDA,NVDA,0.45261433720588684
2014-07-14,NVDA,NVDA,0.45831650495529175
2014-07-15,NVDA,NVDA,0.46021726727485657
2014-07-16,NVDA,NVDA,0.45974200963974
2014-07-17,NVDA,NVDA,0.45855408906936646
2014-07-18,NVDA,NVDA,0.43812114000320435
2014-07-21,NVDA,NVDA,0.4407346844673157
2014-07-22,NVDA,NVDA,0.43883395195007324
2014-07-23,NVDA,NVDA,0.42956772446632385
2014-07-24,NVDA,NVDA,0.4302806258201599
2014-07-25,NVDA,NVDA,0.422677606344223
2014-07-28,NVDA,NVDA,0.42101436853408813
2014-07-29,NVDA,NVDA,0.4224400222301483
2014-07-30,NVDA,NVDA,0.42956772446632385
2014-07-31,NVDA,NVDA,0.41578733921051025
2014-08-01,NVDA,NVDA,0.4203017055988312
2014-08-04,NVDA,NVDA,0.4193512797355652
2014-08-05,NVDA,NVDA,0.4195888340473175
2014-08-06,NVDA,NVDA,0.4191135764122009
2014-08-07,NVDA,NVDA,0.41483697295188904
2014-08-08,NVDA,NVDA,0.45142626762390137
2014-08-11,NVDA,NVDA,0.4490503668785095
2014-08-12,NVDA,NVDA,0.4490503668785095
2014-08-13,NVDA,NVDA,0.45166394114494324
2014-08-14,NVDA,NVDA,0.4466744363307953
2014-08-15,NVDA,NVDA,0.45237675309181213
2014-08-18,NVDA,NVDA,0.45855408906936646
2014-08-19,NVDA,NVDA,0.46225306391716003
2014-08-20,NVDA,NVDA,0.45938923954963684
2014-08-21,NVDA,NVDA,0.4550938606262207
2014-08-22,NVDA,NVDA,0.4553324282169342
2014-08-25,NVDA,NVDA,0.45604830980300903
2014-08-26,NVDA,NVDA,0.46416226029396057
2014-08-27,NVDA,NVDA,0.4589120149612427
2014-08-28,NVDA,NVDA,0.4627304673194885
2014-08-29,NVDA,NVDA,0.46416226029396057
2014-09-02,NVDA,NVDA,0.46535542607307434
2014-09-03,NVDA,NVDA,0.4696509838104248
2014-09-04,NVDA,NVDA,0.47800347208976746
2014-09-05,NVDA,NVDA,0.4765717089176178
2014-09-08,NVDA,NVDA,0.47227609157562256
2014-09-09,NVDA,NVDA,0.4663100242614746
2014-09-10,NVDA,NVDA,0.4679805338382721
2014-09-11,NVDA,NVDA,0.4632076919078827
2014-09-12,NVDA,NVDA,0.4562869668006897
2014-09-15,NVDA,NVDA,0.4500822424888611
2014-09-16,NVDA,NVDA,0.4567643105983734
2014-09-17,NVDA,NVDA,0.4570029079914093
2014-09-18,NVDA,NVDA,0.46392354369163513
2014-09-19,NVDA,NVDA,0.4553324282169342
2014-09-22,NVDA,NVDA,0.4507980942726135
2014-09-23,NVDA,NVDA,0.4488891363143921
2014-09-24,NVDA,NVDA,0.4515140950679779
2014-09-25,NVDA,NVDA,0.44172966480255127
2014-09-26,NVDA,NVDA,0.44268423318862915
2014-09-29,NVDA,NVDA,0.44196832180023193
2014-09-30,NVDA,NVDA,0.4402979016304016
2014-10-01,NVDA,NVDA,0.4360021948814392
2014-10-02,NVDA,NVDA,0.434093177318573
2014-10-03,NVDA,NVDA,0.4350476861000061
2014-10-06,NVDA,NVDA,0.4324226975440979
2014-10-07,NVDA,NVDA,0.42788830399513245
2014-10-08,NVDA,NVDA,0.4357636570930481
2014-10-09,NVDA,NVDA,0.42741110920906067
2014-10-10,NVDA,NVDA,0.40211477875709534
2014-10-13,NVDA,NVDA,0.4006829261779785
2014-10-14,NVDA,NVDA,0.40998995304107666
2014-10-15,NVDA,NVDA,0.4161948263645172
2014-10-16,NVDA,NVDA,0.41643354296684265
2014-10-17,NVDA,NVDA,0.41571760177612305
2014-10-20,NVDA,NVDA,0.41929715871810913
2014-10-21,NVDA,NVDA,0.43719547986984253
2014-10-22,NVDA,NVDA,0.42693379521369934
2014-10-23,NVDA,NVDA,0.4364795982837677
2014-10-24,NVDA,NVDA,0.44101372361183167
2014-10-27,NVDA,NVDA,0.44125235080718994
2014-10-28,NVDA,NVDA,0.4517527222633362
2014-10-29,NVDA,NVDA,0.4488891363143921
2014-10-30,NVDA,NVDA,0.4460253119468689
2014-10-31,NVDA,NVDA,0.4663100242614746
2014-11-03,NVDA,NVDA,0.47418516874313354
2014-11-04,NVDA,NVDA,0.48038992285728455
2014-11-05,NVDA,NVDA,0.48038992285728455
2014-11-06,NVDA,NVDA,0.48253780603408813
2014-11-07,NVDA,NVDA,0.47227609157562256
2014-11-10,NVDA,NVDA,0.47776496410369873
2014-11-11,NVDA,NVDA,0.47203752398490906
2014-11-12,NVDA,NVDA,0.4689350426197052
2014-11-13,NVDA,NVDA,0.46654871106147766
2014-11-14,NVDA,NVDA,0.47227609157562256
2014-11-17,NVDA,NVDA,0.4701283276081085
2014-11-18,NVDA,NVDA,0.48134467005729675
2014-11-19,NVDA,NVDA,0.4795471429824829
2014-11-20,NVDA,NVDA,0.48745572566986084
2014-11-21,NVDA,NVDA,0.4900919795036316
2014-11-24,NVDA,NVDA,0.49320748448371887
2014-11-25,NVDA,NVDA,0.492967814207077
2014-11-26,NVDA,NVDA,0.5013553500175476
2014-11-28,NVDA,NVDA,0.5025539994239807
2014-12-01,NVDA,NVDA,0.49320748448371887
2014-12-02,NVDA,NVDA,0.493926465511322
2014-12-03,NVDA,NVDA,0.5066279172897339
2014-12-04,NVDA,NVDA,0.5020745396614075
2014-12-05,NVDA,NVDA,0.5049507021903992
2014-12-08,NVDA,NVDA,0.4984796941280365
2014-12-09,NVDA,NVDA,0.49680233001708984
2014-12-10,NVDA,NVDA,0.48577815294265747
2014-12-11,NVDA,NVDA,0.4855385720729828
2014-12-12,NVDA,NVDA,0.4704403281211853
2014-12-15,NVDA,NVDA,0.4690023958683014
2014-12-16,NVDA,NVDA,0.4637300372123718
2014-12-17,NVDA,NVDA,0.4826626479625702
2014-12-18,NVDA,NVDA,0.484579861164093
2014-12-19,NVDA,NVDA,0.48937299847602844
2014-12-22,NVDA,NVDA,0.49800053238868713
2014-12-23,NVDA,NVDA,0.4948849081993103
2014-12-24,NVDA,NVDA,0.492967814207077
2014-12-26,NVDA,NVDA,0.49344703555107117
2014-12-29,NVDA,NVDA,0.49272796511650085
2014-12-30,NVDA,NVDA,0.4881746172904968
2014-12-31,NVDA,NVDA,0.4805057942867279
2015-01-02,NVDA,NVDA,0.48242291808128357
2015-01-05,NVDA,NVDA,0.47427475452423096
2015-01-06,NVDA,NVDA,0.45989564061164856
2015-01-07,NVDA,NVDA,0.4586973190307617
2015-01-08,NVDA,NVDA,0.4759524166584015
2015-01-09,NVDA,NVDA,0.4778694808483124
2015-01-12,NVDA,NVDA,0.47187820076942444
2015-01-13,NVDA,NVDA,0.4711592197418213
2015-01-14,NVDA,NVDA,0.4730765223503113
2015-01-15,NVDA,NVDA,0.4697214365005493
2015-01-16,NVDA,NVDA,0.47834885120391846
2015-01-20,NVDA,NVDA,0.4797869026660919
2015-01-21,NVDA,NVDA,0.4864971339702606
2015-01-22,NVDA,NVDA,0.4948849081993103
2015-01-23,NVDA,NVDA,0.4963228702545166
2015-01-26,NVDA,NVDA,0.49416595697402954
2015-01-27,NVDA,NVDA,0.4704403281211853
2015-01-28,NVDA,NVDA,0.46277135610580444
2015-01-29,NVDA,NVDA,0.4740351736545563
2015-01-30,NVDA,NVDA,0.46013516187667847
2015-02-02,NVDA,NVDA,0.4702005982398987
2015-02-03,NVDA,NVDA,0.4819437861442566
2015-02-04,NVDA,NVDA,0.4831419885158539
2015-02-05,NVDA,NVDA,0.49105069041252136
2015-02-06,NVDA,NVDA,0.48889368772506714
2015-02-09,NVDA,NVDA,0.48841434717178345
2015-02-10,NVDA,NVDA,0.5020745396614075
2015-02-11,NVDA,NVDA,0.4987196624279022
2015-02-12,NVDA,NVDA,0.5344280004501343
2015-02-13,NVDA,NVDA,0.5346676707267761
2015-02-17,NVDA,NVDA,0.5363452434539795
2015-02-18,NVDA,NVDA,0.5301141738891602
2015-02-19,NVDA,NVDA,0.5315520167350769
2015-02-20,NVDA,NVDA,0.5353866815567017
2015-02-23,NVDA,NVDA,0.531072735786438
2015-02-24,NVDA,NVDA,0.5367265343666077
2015-02-25,NVDA,NVDA,0.532636284828186
2015-02-26,NVDA,NVDA,0.5340799689292908
2015-02-27,NVDA,NVDA,0.5307118892669678
2015-03-02,NVDA,NVDA,0.543703019618988
2015-03-03,NVDA,NVDA,0.5335986614227295
2015-03-04,NVDA,NVDA,0.5396131277084351
2015-03-05,NVDA,NVDA,0.5499581098556519
2015-03-06,NVDA,NVDA,0.5425000190734863
2015-03-09,NVDA,NVDA,0.5439434051513672
2015-03-10,NVDA,NVDA,0.553325891494751
2015-03-11,NVDA,NVDA,0.5504393577575684
2015-03-12,NVDA,NVDA,0.5453868508338928
2015-03-13,NVDA,NVDA,0.5461087822914124
2015-03-16,NVDA,NVDA,0.5526042580604553
2015-03-17,NVDA,NVDA,0.5593405961990356
2015-03-18,NVDA,NVDA,0.5501983761787415
2015-03-19,NVDA,NVDA,0.5586186051368713
2015-03-20,NVDA,NVDA,0.5646331310272217
2015-03-23,NVDA,NVDA,0.546349287033081
2015-03-24,NVDA,NVDA,0.5388914346694946
2015-03-25,NVDA,NVDA,0.5061730146408081
2015-03-26,NVDA,NVDA,0.5044889450073242
2015-03-27,NVDA,NVDA,0.5143526792526245
2015-03-30,NVDA,NVDA,0.5165179967880249
2015-03-31,NVDA,NVDA,0.5035265684127808
2015-04-01,NVDA,NVDA,0.505451500415802
2015-04-02,NVDA,NVDA,0.5066538453102112
2015-04-06,NVDA,NVDA,0.5213293433189392
2015-04-07,NVDA,NVDA,0.5259003639221191
2015-04-08,NVDA,NVDA,0.5297494530677795
2015-04-09,NVDA,NVDA,0.5420187711715698
2015-04-10,NVDA,NVDA,0.547552227973938
2015-04-13,NVDA,NVDA,0.5425000190734863
2015-04-14,NVDA,NVDA,0.537929117679596
2015-04-15,NVDA,NVDA,0.5444247126579285
2015-04-16,NVDA,NVDA,0.5410566926002502
2015-04-17,NVDA,NVDA,0.5340799689292908
2015-04-20,NVDA,NVDA,0.5314338803291321
2015-04-21,NVDA,NVDA,0.5307118892669678
2015-04-22,NVDA,NVDA,0.5367265343666077
2015-04-23,NVDA,NVDA,0.534561038017273
2015-04-24,NVDA,NVDA,0.5299901962280273
2015-04-27,NVDA,NVDA,0.5340799689292908
2015-04-28,NVDA,NVDA,0.5367265343666077
2015-04-29,NVDA,NVDA,0.532636284828186
2015-04-30,NVDA,NVDA,0.5340799689292908
2015-05-01,NVDA,NVDA,0.5473117232322693
2015-05-04,NVDA,NVDA,0.5439434051513672
2015-05-05,NVDA,NVDA,0.5299901962280273
2015-05-06,NVDA,NVDA,0.5316740870475769
2015-05-07,NVDA,NVDA,0.5410566926002502
2015-05-08,NVDA,NVDA,0.5011209845542908
2015-05-11,NVDA,NVDA,0.4963095784187317
2015-05-12,NVDA,NVDA,0.5011209845542908
2015-05-13,NVDA,NVDA,0.5040079951286316
2015-05-14,NVDA,NVDA,0.512187659740448
2015-05-15,NVDA,NVDA,0.5124277472496033
2015-05-18,NVDA,NVDA,0.5117063522338867
2015-05-19,NVDA,NVDA,0.5085158944129944
2015-05-20,NVDA,NVDA,0.5085158944129944
2015-05-21,NVDA,NVDA,0.5048906803131104
2015-05-22,NVDA,NVDA,0.5041656494140625
2015-05-26,NVDA,NVDA,0.5010233521461487
2015-05-27,NVDA,NVDA,0.5278511047363281
2015-05-28,NVDA,NVDA,0.5351019501686096
2015-05-29,NVDA,NVDA,0.534860372543335
2015-06-01,NVDA,NVDA,0.5409024953842163
2015-06-02,NVDA,NVDA,0.5302678942680359
2015-06-03,NVDA,NVDA,0.524467408657074
2015-06-04,NVDA,NVDA,0.5338935256004333
2015-06-05,NVDA,NVDA,0.5380023121833801
2015-06-08,NVDA,NVDA,0.5256759524345398
2015-06-09,NVDA,NVDA,0.5283346176147461
2015-06-10,NVDA,NVDA,0.5189087986946106
2015-06-11,NVDA,NVDA,0.524467408657074
2015-06-12,NVDA,NVDA,0.5102079510688782
2015-06-15,NVDA,NVDA,0.5092412233352661
2015-06-16,NVDA,NVDA,0.5155251026153564
2015-06-17,NVDA,NVDA,0.5215674042701721
2015-06-18,NVDA,NVDA,0.5302678942680359
2015-06-19,NVDA,NVDA,0.5285762548446655
2015-06-22,NVDA,NVDA,0.5264012217521667
2015-06-23,NVDA,NVDA,0.5128664970397949
2015-06-24,NVDA,NVDA,0.5077909827232361
2015-06-25,NVDA,NVDA,0.5116579532623291
2015-06-26,NVDA,NVDA,0.5012654066085815
2015-06-29,NVDA,NVDA,0.48628050088882446
2015-06-30,NVDA,NVDA,0.48603880405426025
2015-07-01,NVDA,NVDA,0.4930478632450104
2015-07-02,NVDA,NVDA,0.4935312569141388
2015-07-06,NVDA,NVDA,0.48748907446861267
2015-07-07,NVDA,NVDA,0.47830474376678467
2015-07-08,NVDA,NVDA,0.4749210476875305
2015-07-09,NVDA,NVDA,0.46912044286727905
2015-07-10,NVDA,NVDA,0.477338045835495
2015-07-13,NVDA,NVDA,0.480479896068573
2015-07-14,NVDA,NVDA,0.480721652507782
2015-07-15,NVDA,NVDA,0.477338045835495
2015-07-16,NVDA,NVDA,0.4879724681377411
2015-07-17,NVDA,NVDA,0.4850721061229706
2015-07-20,NVDA,NVDA,0.47612956166267395
2015-07-21,NVDA,NVDA,0.47830474376678467
2015-07-22,NVDA,NVDA,0.46912044286727905
2015-07-23,NVDA,NVDA,0.4749210476875305
2015-07-24,NVDA,NVDA,0.4693623185157776
2015-07-27,NVDA,NVDA,0.4667035639286041
2015-07-28,NVDA,NVDA,0.4768546223640442
2015-07-29,NVDA,NVDA,0.48265519738197327
2015-07-30,NVDA,NVDA,0.48386356234550476
2015-07-31,NVDA,NVDA,0.48217177391052246
2015-08-03,NVDA,NVDA,0.4903891980648041
2015-08-04,NVDA,NVDA,0.4923226237297058
2015-08-05,NVDA,NVDA,0.4973982274532318
2015-08-06,NVDA,NVDA,0.4942563474178314
2015-08-07,NVDA,NVDA,0.5554038882255554
2015-08-10,NVDA,NVDA,0.5747390985488892
2015-08-11,NVDA,NVDA,0.5718386769294739
2015-08-12,NVDA,NVDA,0.5732888579368591
2015-08-13,NVDA,NVDA,0.5684553384780884
2015-08-14,NVDA,NVDA,0.5689385533332825
2015-08-17,NVDA,NVDA,0.5653131604194641
2015-08-18,NVDA,NVDA,0.5601679086685181
2015-08-19,NVDA,NVDA,0.5579833388328552
2015-08-20,NVDA,NVDA,0.5378386378288269
2015-08-21,NVDA,NVDA,0.5210922360420227
2015-08-24,NVDA,NVDA,0.5026463270187378
2015-08-25,NVDA,NVDA,0.4922098219394684
2015-08-26,NVDA,NVDA,0.5293440222740173
2015-08-27,NVDA,NVDA,0.5492459535598755
2015-08-28,NVDA,NVDA,0.5516732931137085
2015-08-31,NVDA,NVDA,0.545605480670929
2015-09-01,NVDA,NVDA,0.5232763290405273
2015-09-02,NVDA,NVDA,0.5390523076057434
2015-09-03,NVDA,NVDA,0.5405086278915405
2015-09-04,NVDA,NVDA,0.5278875827789307
2015-09-08,NVDA,NVDA,0.5504595041275024
2015-09-09,NVDA,NVDA,0.5395376086235046
2015-09-10,NVDA,NVDA,0.5480326414108276
2015-09-11,NVDA,NVDA,0.549731433391571
2015-09-14,NVDA,NVDA,0.5507023334503174
2015-09-15,NVDA,NVDA,0.556769847869873
2015-09-16,NVDA,NVDA,0.5606532096862793
2015-09-17,NVDA,NVDA,0.5657500624656677
2015-09-18,NVDA,NVDA,0.5652647018432617
2015-09-21,NVDA,NVDA,0.571089506149292
2015-09-22,NVDA,NVDA,0.5555565357208252
2015-09-23,NVDA,NVDA,0.5582258105278015
2015-09-24,NVDA,NVDA,0.5689051747322083
2015-09-25,NVDA,NVDA,0.5730313062667847
2015-09-28,NVDA,NVDA,0.5655074715614319
2015-09-29,NVDA,NVDA,0.5754584670066833
2015-09-30,NVDA,NVDA,0.5982729196548462
2015-10-01,NVDA,NVDA,0.586622953414917
2015-10-02,NVDA,NVDA,0.6019133925437927
2015-10-05,NVDA,NVDA,0.6169614195823669
2015-10-06,NVDA,NVDA,0.624970555305481
2015-10-07,NVDA,NVDA,0.6315237283706665
2015-10-08,NVDA,NVDA,0.6351641416549683
2015-10-09,NVDA,NVDA,0.6327370405197144
2015-10-12,NVDA,NVDA,0.6395329236984253
2015-10-13,NVDA,NVDA,0.6407467126846313
2015-10-14,NVDA,NVDA,0.6640462875366211
2015-10-15,NVDA,NVDA,0.6657452583312988
2015-10-16,NVDA,NVDA,0.6761818528175354
2015-10-19,NVDA,NVDA,0.6749679446220398
2015-10-20,NVDA,NVDA,0.6739972829818726
2015-10-21,NVDA,NVDA,0.6652600169181824
2015-10-22,NVDA,NVDA,0.6892878413200378
2015-10-23,NVDA,NVDA,0.6938995122909546
2015-10-26,NVDA,NVDA,0.6907442808151245
2015-10-27,NVDA,NVDA,0.6902588605880737
2015-10-28,NVDA,NVDA,0.6958411335945129
2015-10-29,NVDA,NVDA,0.6718130111694336
2015-10-30,NVDA,NVDA,0.6885595321655273
2015-11-02,NVDA,NVDA,0.6965692043304443
2015-11-03,NVDA,NVDA,0.6917150616645813
2015-11-04,NVDA,NVDA,0.6803078651428223
2015-11-05,NVDA,NVDA,0.6725411415100098
2015-11-06,NVDA,NVDA,0.7657405138015747
2015-11-09,NVDA,NVDA,0.762342631816864
2015-11-10,NVDA,NVDA,0.7477803230285645
2015-11-11,NVDA,NVDA,0.7404991388320923
2015-11-12,NVDA,NVDA,0.7378293871879578
2015-11-13,NVDA,NVDA,0.7232668995857239
2015-11-16,NVDA,NVDA,0.7378293871879578
2015-11-17,NVDA,NVDA,0.7378293871879578
2015-11-18,NVDA,NVDA,0.7559797167778015
2015-11-19,NVDA,NVDA,0.7581724524497986
2015-11-20,NVDA,NVDA,0.7647504210472107
2015-11-23,NVDA,NVDA,0.7532998323440552
2015-11-24,NVDA,NVDA,0.7593904733657837
2015-11-25,NVDA,NVDA,0.758415937423706
2015-11-27,NVDA,NVDA,0.7647504210472107
2015-11-30,NVDA,NVDA,0.7727898955345154
2015-12-01,NVDA,NVDA,0.7978837490081787
2015-12-02,NVDA,NVDA,0.7917931079864502
2015-12-03,NVDA,NVDA,0.7900876998901367
2015-12-04,NVDA,NVDA,0.8222467303276062
2015-12-07,NVDA,NVDA,0.806654691696167
2015-12-08,NVDA,NVDA,0.8176175951957703
2015-12-09,NVDA,NVDA,0.7969091534614563
2015-12-10,NVDA,NVDA,0.8034874200820923
2015-12-11,NVDA,NVDA,0.7915493249893188
2015-12-14,NVDA,NVDA,0.7934983372688293
2015-12-15,NVDA,NVDA,0.8032435178756714
2015-12-16,NVDA,NVDA,0.8081161379814148
2015-12-17,NVDA,NVDA,0.7959346771240234
2015-12-18,NVDA,NVDA,0.783022403717041
2015-12-21,NVDA,NVDA,0.8015382289886475
2015-12-22,NVDA,NVDA,0.8022691011428833
2015-12-23,NVDA,NVDA,0.8054362535476685
2015-12-24,NVDA,NVDA,0.8081161379814148
2015-12-28,NVDA,NVDA,0.8073851466178894
2015-12-29,NVDA,NVDA,0.820541262626648
2015-12-30,NVDA,NVDA,0.8134759664535522
2015-12-31,NVDA,NVDA,0.8029998540878296
2016-01-04,NVDA,NVDA,0.7886258959770203
2016-01-05,NVDA,NVDA,0.8012945652008057
2016-01-06,NVDA,NVDA,0.7681612372398376
2016-01-07,NVDA,NVDA,0.7377074956893921
2016-01-08,NVDA,NVDA,0.7218716144561768
2016-01-11,NVDA,NVDA,0.723089873790741
2016-01-12,NVDA,NVDA,0.735271155834198
2016-01-13,NVDA,NVDA,0.7128573656082153
2016-01-14,NVDA,NVDA,0.6984832882881165
2016-01-15,NVDA,NVDA,0.6604772806167603
2016-01-19,NVDA,NVDA,0.6658372282981873
2016-01-20,NVDA,NVDA,0.6694916486740112
2016-01-21,NVDA,NVDA,0.677287757396698
2016-01-22,NVDA,NVDA,0.6931233406066895
2016-01-25,NVDA,NVDA,0.6923924684524536
2016-01-26,NVDA,NVDA,0.699214518070221
2016-01-27,NVDA,NVDA,0.6909308433532715
2016-01-28,NVDA,NVDA,0.6833783388137817
2016-01-29,NVDA,NVDA,0.713588297367096
2016-02-01,NVDA,NVDA,0.7138320207595825
2016-02-02,NVDA,NVDA,0.6836220026016235
2016-02-03,NVDA,NVDA,0.6870327591896057
2016-02-04,NVDA,NVDA,0.6872764229774475
2016-02-05,NVDA,NVDA,0.6439104080200195
2016-02-08,NVDA,NVDA,0.6144313216209412
2016-02-09,NVDA,NVDA,0.6210092902183533
2016-02-10,NVDA,NVDA,0.6195474863052368
2016-02-11,NVDA,NVDA,0.6163803339004517
2016-02-12,NVDA,NVDA,0.6268564462661743
2016-02-16,NVDA,NVDA,0.6575537323951721
2016-02-17,NVDA,NVDA,0.673876941204071
2016-02-18,NVDA,NVDA,0.7318602800369263
2016-02-19,NVDA,NVDA,0.7416056394577026
2016-02-22,NVDA,NVDA,0.7679173946380615
2016-02-23,NVDA,NVDA,0.7698665857315063
2016-02-24,NVDA,NVDA,0.775226354598999
2016-02-25,NVDA,NVDA,0.7769317030906677
2016-02-26,NVDA,NVDA,0.7718155384063721
2016-02-29,NVDA,NVDA,0.7668029069900513
2016-03-01,NVDA,NVDA,0.8007906675338745
2016-03-02,NVDA,NVDA,0.8054366111755371
2016-03-03,NVDA,NVDA,0.7983455657958984
2016-03-04,NVDA,NVDA,0.7959004640579224
2016-03-07,NVDA,NVDA,0.7907655835151672
2016-03-08,NVDA,NVDA,0.776339054107666
2016-03-09,NVDA,NVDA,0.7758500576019287
2016-03-10,NVDA,NVDA,0.7746273875236511
2016-03-11,NVDA,NVDA,0.7878311276435852
2016-03-14,NVDA,NVDA,0.7897874116897583
2016-03-15,NVDA,NVDA,0.7858752608299255
2016-03-16,NVDA,NVDA,0.8093488216400146
2016-03-17,NVDA,NVDA,0.8025023937225342
2016-03-18,NVDA,NVDA,0.8267093300819397
2016-03-21,NVDA,NVDA,0.8291546702384949
2016-03-22,NVDA,NVDA,0.8276875615119934
2016-03-23,NVDA,NVDA,0.8418695330619812
2016-03-24,NVDA,NVDA,0.8430919647216797
2016-03-28,NVDA,NVDA,0.851649820804596
2016-03-29,NVDA,NVDA,0.8653429746627808
2016-03-30,NVDA,NVDA,0.8743900656700134
2016-03-31,NVDA,NVDA,0.8712113499641418
2016-04-01,NVDA,NVDA,0.883926272392273
2016-04-04,NVDA,NVDA,0.8753683567047119
2016-04-05,NVDA,NVDA,0.8741455674171448
2016-04-06,NVDA,NVDA,0.8753683567047119
2016-04-07,NVDA,NVDA,0.8663210868835449
2016-04-08,NVDA,NVDA,0.8719449639320374
2016-04-11,NVDA,NVDA,0.8773244023323059
2016-04-12,NVDA,NVDA,0.8763464093208313
2016-04-13,NVDA,NVDA,0.8983526229858398
2016-04-14,NVDA,NVDA,0.9007979035377502
2016-04-15,NVDA,NVDA,0.9078890085220337
2016-04-18,NVDA,NVDA,0.9039766788482666
2016-04-19,NVDA,NVDA,0.8878384828567505
2016-04-20,NVDA,NVDA,0.8912617564201355
2016-04-21,NVDA,NVDA,0.8902837634086609
2016-04-22,NVDA,NVDA,0.8868604302406311
2016-04-25,NVDA,NVDA,0.8912617564201355
2016-04-26,NVDA,NVDA,0.891995370388031
2016-04-27,NVDA,NVDA,0.9122902154922485
2016-04-28,NVDA,NVDA,0.885148823261261
2016-04-29,NVDA,NVDA,0.8687661290168762
2016-05-02,NVDA,NVDA,0.8802583813667297
2016-05-03,NVDA,NVDA,0.8697443604469299
2016-05-04,NVDA,NVDA,0.8499385118484497
2016-05-05,NVDA,NVDA,0.855073094367981
2016-05-06,NVDA,NVDA,0.8638761043548584
2016-05-09,NVDA,NVDA,0.862653374671936
2016-05-10,NVDA,NVDA,0.879280686378479
2016-05-11,NVDA,NVDA,0.8817254900932312
2016-05-12,NVDA,NVDA,0.8697443604469299
2016-05-13,NVDA,NVDA,1.0020272731781006
2016-05-16,NVDA,NVDA,1.031613826751709
2016-05-17,NVDA,NVDA,1.033814787864685
2016-05-18,NVDA,NVDA,1.0602227449417114
2016-05-19,NVDA,NVDA,1.0648683309555054
2016-05-20,NVDA,NVDA,1.0839407444000244
2016-05-23,NVDA,NVDA,1.0856519937515259
2016-05-24,NVDA,NVDA,1.1120057106018066
2016-05-25,NVDA,NVDA,1.107348084449768
2016-05-26,NVDA,NVDA,1.1191154718399048
2016-05-27,NVDA,NVDA,1.125244379043579
2016-05-31,NVDA,NVDA,1.1453464031219482
2016-06-01,NVDA,NVDA,1.1475526094436646
2016-06-02,NVDA,NVDA,1.1556427478790283
2016-06-03,NVDA,NVDA,1.1394627094268799
2016-06-06,NVDA,NVDA,1.1335793733596802
2016-06-07,NVDA,NVDA,1.1357853412628174
2016-06-08,NVDA,NVDA,1.132108211517334
2016-06-09,NVDA,NVDA,1.1615265607833862
2016-06-10,NVDA,NVDA,1.1325987577438354
2016-06-13,NVDA,NVDA,1.1470625400543213
2016-06-14,NVDA,NVDA,1.1492687463760376
2016-06-15,NVDA,NVDA,1.1610356569290161
2016-06-16,NVDA,NVDA,1.165693998336792
2016-06-17,NVDA,NVDA,1.1453464031219482
2016-06-20,NVDA,NVDA,1.1659388542175293
2016-06-21,NVDA,NVDA,1.1588294506072998
2016-06-22,NVDA,NVDA,1.1578490734100342
2016-06-23,NVDA,NVDA,1.1887383460998535
2016-06-24,NVDA,NVDA,1.1210763454437256
2016-06-27,NVDA,NVDA,1.1090642213821411
2016-06-28,NVDA,NVDA,1.125244379043579
2016-06-29,NVDA,NVDA,1.1436303853988647
2016-06-30,NVDA,NVDA,1.1524560451507568
2016-07-01,NVDA,NVDA,1.1438753604888916
2016-07-05,NVDA,NVDA,1.160791039466858
2016-07-06,NVDA,NVDA,1.1681454181671143
2016-07-07,NVDA,NVDA,1.198543906211853
2016-07-08,NVDA,NVDA,1.2465941905975342
2016-07-11,NVDA,NVDA,1.2752763032913208
2016-07-12,NVDA,NVDA,1.2943986654281616
2016-07-13,NVDA,NVDA,1.293907642364502
2016-07-14,NVDA,NVDA,1.3071460723876953
2016-07-15,NVDA,NVDA,1.2919464111328125
2016-07-18,NVDA,NVDA,1.2985656261444092
2016-07-19,NVDA,NVDA,1.3120495080947876
2016-07-20,NVDA,NVDA,1.3292096853256226
2016-07-21,NVDA,NVDA,1.3046948909759521
2016-07-22,NVDA,NVDA,1.34024178981781
2016-07-25,NVDA,NVDA,1.3650017976760864
2016-07-26,NVDA,NVDA,1.388291358947754
2016-07-27,NVDA,NVDA,1.3743174076080322
2016-07-28,NVDA,NVDA,1.3772598505020142
2016-07-29,NVDA,NVDA,1.3998135328292847
2016-08-01,NVDA,NVDA,1.3907426595687866
2016-08-02,NVDA,NVDA,1.373827338218689
2016-08-03,NVDA,NVDA,1.377504825592041
2016-08-04,NVDA,NVDA,1.4030007123947144
2016-08-05,NVDA,NVDA,1.426779866218567
2016-08-08,NVDA,NVDA,1.4400174617767334
2016-08-09,NVDA,NVDA,1.4436959028244019
2016-08-10,NVDA,NVDA,1.4343795776367188
2016-08-11,NVDA,NVDA,1.463552474975586
2016-08-12,NVDA,NVDA,1.5454329252243042
2016-08-15,NVDA,NVDA,1.543962001800537
2016-08-16,NVDA,NVDA,1.5346465110778809
2016-08-17,NVDA,NVDA,1.4990994930267334
2016-08-18,NVDA,NVDA,1.5223889350891113
2016-08-19,NVDA,NVDA,1.5263115167617798
2016-08-22,NVDA,NVDA,1.532685399055481
2016-08-23,NVDA,NVDA,1.5450886487960815
2016-08-24,NVDA,NVDA,1.5212645530700684
2016-08-25,NVDA,NVDA,1.5111950635910034
2016-08-26,NVDA,NVDA,1.5234750509262085
2016-08-29,NVDA,NVDA,1.5224924087524414
2016-08-30,NVDA,NVDA,1.5136511325836182
2016-08-31,NVDA,NVDA,1.5065288543701172
2016-09-01,NVDA,NVDA,1.5509827136993408
2016-09-02,NVDA,NVDA,1.5357555150985718
2016-09-06,NVDA,NVDA,1.550246238708496
2016-09-07,NVDA,NVDA,1.5274049043655396
2016-09-08,NVDA,NVDA,1.5384570360183716
2016-09-09,NVDA,NVDA,1.4618289470672607
2016-09-12,NVDA,NVDA,1.4920378923416138
2016-09-13,NVDA,NVDA,1.470424771308899
2016-09-14,NVDA,NVDA,1.4834420680999756
2016-09-15,NVDA,NVDA,1.5396848917007446
2016-09-16,NVDA,NVDA,1.543368935585022
2016-09-19,NVDA,NVDA,1.5637543201446533
2016-09-20,NVDA,NVDA,1.549509048461914
2016-09-21,NVDA,NVDA,1.5929808616638184
2016-09-22,NVDA,NVDA,1.5969103574752808
2016-09-23,NVDA,NVDA,1.5951911211013794
2016-09-26,NVDA,NVDA,1.5802093744277954
2016-09-27,NVDA,NVDA,1.634242296218872
2016-09-28,NVDA,NVDA,1.640136480331421
2016-09-29,NVDA,NVDA,1.65536367893219
2016-09-30,NVDA,NVDA,1.682871699333191
2016-10-03,NVDA,NVDA,1.6811522245407104
2016-10-04,NVDA,NVDA,1.6774680614471436
2016-10-05,NVDA,NVDA,1.6757487058639526
2016-10-06,NVDA,NVDA,1.6538903713226318
2016-10-07,NVDA,NVDA,1.6418559551239014
2016-10-10,NVDA,NVDA,1.6479957103729248
2016-10-11,NVDA,NVDA,1.6241722106933594
2016-10-12,NVDA,NVDA,1.6315407752990723
2016-10-13,NVDA,NVDA,1.6050152778625488
2016-10-14,NVDA,NVDA,1.620733618736267
2016-10-17,NVDA,NVDA,1.6114009618759155
2016-10-18,NVDA,NVDA,1.6359610557556152
2016-10-19,NVDA,NVDA,1.6325229406356812
2016-10-20,NVDA,NVDA,1.6634689569473267
2016-10-21,NVDA,NVDA,1.6588023900985718
2016-10-24,NVDA,NVDA,1.7366584539413452
2016-10-25,NVDA,NVDA,1.7651482820510864
2016-10-26,NVDA,NVDA,1.7722710371017456
2016-10-27,NVDA,NVDA,1.735921859741211
2016-10-28,NVDA,NVDA,1.7329745292663574
2016-10-31,NVDA,NVDA,1.7477110624313354
2016-11-01,NVDA,NVDA,1.695888638496399
2016-11-02,NVDA,NVDA,1.6887660026550293
2016-11-03,NVDA,NVDA,1.6691175699234009
2016-11-04,NVDA,NVDA,1.6595391035079956
2016-11-07,NVDA,NVDA,1.7504127025604248
2016-11-08,NVDA,NVDA,1.7477110624313354
2016-11-09,NVDA,NVDA,1.718238353729248
2016-11-10,NVDA,NVDA,1.6644511222839355
2016-11-11,NVDA,NVDA,2.160569667816162
2016-11-14,NVDA,NVDA,2.054222822189331
2016-11-15,NVDA,NVDA,2.116851806640625
2016-11-16,NVDA,NVDA,2.250460386276245
2016-11-17,NVDA,NVDA,2.2691261768341064
2016-11-18,NVDA,NVDA,2.2929494380950928
2016-11-21,NVDA,NVDA,2.283616781234741
2016-11-22,NVDA,NVDA,2.300072193145752
2016-11-23,NVDA,NVDA,2.311387300491333
2016-11-25,NVDA,NVDA,2.3160595893859863
2016-11-28,NVDA,NVDA,2.3148300647735596
2016-11-29,NVDA,NVDA,2.2936766147613525
2016-11-30,NVDA,NVDA,2.2678496837615967
2016-12-01,NVDA,NVDA,2.155687093734741
2016-12-02,NVDA,NVDA,2.1756107807159424
2016-12-05,NVDA,NVDA,2.259978771209717
2016-12-06,NVDA,NVDA,2.297119617462158
2016-12-07,NVDA,NVDA,2.3384437561035156
2016-12-08,NVDA,NVDA,2.2993338108062744
2016-12-09,NVDA,NVDA,2.25850248336792
2016-12-12,NVDA,NVDA,2.2036499977111816
2016-12-13,NVDA,NVDA,2.2425146102905273
2016-12-14,NVDA,NVDA,2.372387170791626
2016-12-15,NVDA,NVDA,2.427976369857788
2016-12-16,NVDA,NVDA,2.4697916507720947
2016-12-19,NVDA,NVDA,2.4997994899749756
2016-12-20,NVDA,NVDA,2.5868735313415527
2016-12-21,NVDA,NVDA,2.603107213973999
2016-12-22,NVDA,NVDA,2.634592056274414
2016-12-23,NVDA,NVDA,2.700265884399414
2016-12-27,NVDA,NVDA,2.885727643966675
2016-12-28,NVDA,NVDA,2.6872293949127197
2016-12-29,NVDA,NVDA,2.7408511638641357
2016-12-30,NVDA,NVDA,2.625490427017212
2017-01-03,NVDA,NVDA,2.5091474056243896
2017-01-04,NVDA,NVDA,2.567687749862671
2017-01-05,NVDA,NVDA,2.5025055408477783
2017-01-06,NVDA,NVDA,2.5359573364257812
2017-01-09,NVDA,NVDA,2.638773202896118
2017-01-10,NVDA,NVDA,2.618849992752075
2017-01-11,NVDA,NVDA,2.586627244949341
2017-01-12,NVDA,NVDA,2.5443198680877686
2017-01-13,NVDA,NVDA,2.544074296951294
2017-01-17,NVDA,NVDA,2.4870097637176514
2017-01-18,NVDA,NVDA,2.5322682857513428
2017-01-19,NVDA,NVDA,2.586627244949341
2017-01-20,NVDA,NVDA,2.5583412647247314
2017-01-23,NVDA,NVDA,2.5849056243896484
2017-01-24,NVDA,NVDA,2.640002727508545
2017-01-25,NVDA,NVDA,2.651317596435547
2017-01-26,NVDA,NVDA,2.697068691253662
2017-01-27,NVDA,NVDA,2.7492141723632812
2017-01-30,NVDA,NVDA,2.706169366836548
2017-01-31,NVDA,NVDA,2.6855075359344482
2017-02-01,NVDA,NVDA,2.802835464477539
2017-02-02,NVDA,NVDA,2.8382558822631836
2017-02-03,NVDA,NVDA,2.8134124279022217
2017-02-06,NVDA,NVDA,2.885481834411621
2017-02-07,NVDA,NVDA,2.930248737335205
2017-02-08,NVDA,NVDA,2.9174578189849854
2017-02-09,NVDA,NVDA,2.8626067638397217
2017-02-10,NVDA,NVDA,2.7947187423706055
2017-02-13,NVDA,NVDA,2.665830373764038
2017-02-14,NVDA,NVDA,2.6756699085235596
2017-02-15,NVDA,NVDA,2.6810805797576904
2017-02-16,NVDA,NVDA,2.638035774230957
2017-02-17,NVDA,NVDA,2.6375439167022705
2017-02-21,NVDA,NVDA,2.7319962978363037
2017-02-22,NVDA,NVDA,2.7278099060058594
2017-02-23,NVDA,NVDA,2.4748787879943848
2017-02-24,NVDA,NVDA,2.498767852783203
2017-02-27,NVDA,NVDA,2.5714216232299805
2017-02-28,NVDA,NVDA,2.499260663986206
2017-03-01,NVDA,NVDA,2.5315239429473877
2017-03-02,NVDA,NVDA,2.4381823539733887
2017-03-03,NVDA,NVDA,2.4241445064544678
2017-03-06,NVDA,NVDA,2.4054274559020996
2017-03-07,NVDA,NVDA,2.431779384613037
2017-03-08,NVDA,NVDA,2.42734694480896
2017-03-09,NVDA,NVDA,2.426853656768799
2017-03-10,NVDA,NVDA,2.44113826751709
2017-03-13,NVDA,NVDA,2.508373260498047
2017-03-14,NVDA,NVDA,2.5066490173339844
2017-03-15,NVDA,NVDA,2.5256125926971436
2017-03-16,NVDA,NVDA,2.5566437244415283
2017-03-17,NVDA,NVDA,2.6123037338256836
2017-03-20,NVDA,NVDA,2.695547342300415
2017-03-21,NVDA,NVDA,2.6083621978759766
2017-03-22,NVDA,NVDA,2.661560535430908
2017-03-23,NVDA,NVDA,2.637423276901245
2017-03-24,NVDA,NVDA,2.6467831134796143
2017-03-27,NVDA,NVDA,2.6659934520721436
2017-03-28,NVDA,NVDA,2.6522011756896973
2017-03-29,NVDA,NVDA,2.6435811519622803
2017-03-30,NVDA,NVDA,2.694314956665039
2017-03-31,NVDA,NVDA,2.682738780975342
2017-04-03,NVDA,NVDA,2.669194459915161
2017-04-04,NVDA,NVDA,2.482020616531372
2017-04-05,NVDA,NVDA,2.463549852371216
2017-04-06,NVDA,NVDA,2.4815280437469482
2017-04-07,NVDA,NVDA,2.4709386825561523
2017-04-10,NVDA,NVDA,2.4078898429870605
2017-04-11,NVDA,NVDA,2.416511058807373
2017-04-12,NVDA,NVDA,2.396561622619629
2017-04-13,NVDA,NVDA,2.351738452911377
2017-04-17,NVDA,NVDA,2.4438467025756836
2017-04-18,NVDA,NVDA,2.445324659347534
2017-04-19,NVDA,NVDA,2.4549291133880615
2017-04-20,NVDA,NVDA,2.493842363357544
2017-04-21,NVDA,NVDA,2.504185438156128
2017-04-24,NVDA,NVDA,2.53546404838562
2017-04-25,NVDA,NVDA,2.5795488357543945
2017-04-26,NVDA,NVDA,2.5618157386779785
2017-04-27,NVDA,NVDA,2.6017141342163086
2017-04-28,NVDA,NVDA,2.568711757659912
2017-05-01,NVDA,NVDA,2.626340866088867
2017-05-02,NVDA,NVDA,2.5485165119171143
2017-05-03,NVDA,NVDA,2.5674803256988525
2017-05-04,NVDA,NVDA,2.557629346847534
2017-05-05,NVDA,NVDA,2.557875394821167
2017-05-08,NVDA,NVDA,2.5310308933258057
2017-05-09,NVDA,NVDA,2.53521728515625
2017-05-10,NVDA,NVDA,2.9871432781219482
2017-05-11,NVDA,NVDA,3.1154561042785645
2017-05-12,NVDA,NVDA,3.1496894359588623
2017-05-15,NVDA,NVDA,3.3078012466430664
2017-05-16,NVDA,NVDA,3.3693716526031494
2017-05-17,NVDA,NVDA,3.145502805709839
2017-05-18,NVDA,NVDA,3.2772626876831055
2017-05-19,NVDA,NVDA,3.3529508113861084
2017-05-22,NVDA,NVDA,3.4244470596313477
2017-05-23,NVDA,NVDA,3.3783438205718994
2017-05-24,NVDA,NVDA,3.416311025619507
2017-05-25,NVDA,NVDA,3.4086692333221436
2017-05-26,NVDA,NVDA,3.4969305992126465
2017-05-30,NVDA,NVDA,3.571631908416748
2017-05-31,NVDA,NVDA,3.558811902999878
2017-06-01,NVDA,NVDA,3.559058427810669
2017-06-02,NVDA,NVDA,3.541307210922241
2017-06-05,NVDA,NVDA,3.6490461826324463
2017-06-06,NVDA,NVDA,3.6325275897979736
2017-06-07,NVDA,NVDA,3.6764113903045654
2017-06-08,NVDA,NVDA,3.943168878555298
2017-06-09,NVDA,NVDA,3.6882452964782715
2017-06-12,NVDA,NVDA,3.6973674297332764
2017-06-13,NVDA,NVDA,3.732623338699341
2017-06-14,NVDA,NVDA,3.7405121326446533
2017-06-15,NVDA,NVDA,3.7565369606018066
2017-06-16,NVDA,NVDA,3.7380471229553223
2017-06-19,NVDA,NVDA,3.878575086593628
2017-06-20,NVDA,NVDA,3.8729052543640137
2017-06-21,NVDA,NVDA,3.9315807819366455
2017-06-22,NVDA,NVDA,3.9044618606567383
2017-06-23,NVDA,NVDA,3.792532444000244
2017-06-26,NVDA,NVDA,3.7511134147644043
2017-06-27,NVDA,NVDA,3.613790273666382
2017-06-28,NVDA,NVDA,3.7412521839141846
2017-06-29,NVDA,NVDA,3.616255521774292
2017-06-30,NVDA,NVDA,3.56398868560791
2017-07-03,NVDA,NVDA,3.4350485801696777
2017-07-05,NVDA,NVDA,3.526762008666992
2017-07-06,NVDA,NVDA,3.537362575531006
2017-07-07,NVDA,NVDA,3.618227958679199
2017-07-10,NVDA,NVDA,3.789327621459961
2017-07-11,NVDA,NVDA,3.8430731296539307
2017-07-12,NVDA,NVDA,4.006528854370117
2017-07-13,NVDA,NVDA,3.960179567337036
2017-07-14,NVDA,NVDA,4.066685199737549
2017-07-17,NVDA,NVDA,4.049426078796387
2017-07-18,NVDA,NVDA,4.091585636138916
2017-07-19,NVDA,NVDA,4.070384502410889
2017-07-20,NVDA,NVDA,4.129553318023682
2017-07-21,NVDA,NVDA,4.144345283508301
2017-07-24,NVDA,NVDA,4.096269607543945
2017-07-25,NVDA,NVDA,4.076546669006348
2017-07-26,NVDA,NVDA,4.123635292053223
2017-07-27,NVDA,NVDA,3.9875447750091553
2017-07-28,NVDA,NVDA,4.052878379821777
2017-07-31,NVDA,NVDA,4.006528854370117
2017-08-01,NVDA,NVDA,4.05534553527832
2017-08-02,NVDA,NVDA,4.052878379821777
2017-08-03,NVDA,NVDA,4.104405403137207
2017-08-04,NVDA,NVDA,4.1224045753479
2017-08-07,NVDA,NVDA,4.249125003814697
2017-08-08,NVDA,NVDA,4.198585033416748
2017-08-09,NVDA,NVDA,4.2432074546813965
2017-08-10,NVDA,NVDA,4.0615081787109375
2017-08-11,NVDA,NVDA,3.845046043395996
2017-08-14,NVDA,NVDA,4.151741027832031
2017-08-15,NVDA,NVDA,4.116732597351074
2017-08-16,NVDA,NVDA,4.071615219116211
2017-08-17,NVDA,NVDA,3.980888605117798
2017-08-18,NVDA,NVDA,3.98162841796875
2017-08-21,NVDA,NVDA,3.923691987991333
2017-08-22,NVDA,NVDA,4.011042594909668
2017-08-23,NVDA,NVDA,4.091240406036377
2017-08-24,NVDA,NVDA,4.076186180114746
2017-08-25,NVDA,NVDA,4.042133808135986
2017-08-28,NVDA,NVDA,4.0707573890686035
2017-08-29,NVDA,NVDA,4.064095973968506
2017-08-30,NVDA,NVDA,4.0882792472839355
2017-08-31,NVDA,NVDA,4.181060314178467
2017-09-01,NVDA,NVDA,4.206230163574219
2017-09-05,NVDA,NVDA,4.093954086303711
2017-09-06,NVDA,NVDA,4.09148645401001
2017-09-07,NVDA,NVDA,4.110485553741455
2017-09-08,NVDA,NVDA,4.039175510406494
2017-09-11,NVDA,NVDA,4.170201301574707
2017-09-12,NVDA,NVDA,4.185254096984863
2017-09-13,NVDA,NVDA,4.20400857925415
2017-09-14,NVDA,NVDA,4.1800737380981445
2017-09-15,NVDA,NVDA,4.44434928894043
2017-09-18,NVDA,NVDA,4.627938270568848
2017-09-19,NVDA,NVDA,4.623003005981445
2017-09-20,NVDA,NVDA,4.58574104309082
2017-09-21,NVDA,NVDA,4.460388660430908
2017-09-22,NVDA,NVDA,4.416960716247559
2017-09-25,NVDA,NVDA,4.219553470611572
2017-09-26,NVDA,NVDA,4.243242263793945
2017-09-27,NVDA,NVDA,4.336270809173584
2017-09-28,NVDA,NVDA,4.335036754608154
2017-09-29,NVDA,NVDA,4.411284923553467
2017-10-02,NVDA,NVDA,4.416960716247559
2017-10-03,NVDA,NVDA,4.426090717315674
2017-10-04,NVDA,NVDA,4.463104248046875
2017-10-05,NVDA,NVDA,4.460635662078857
2017-10-06,NVDA,NVDA,4.473715305328369
2017-10-09,NVDA,NVDA,4.574638366699219
2017-10-10,NVDA,NVDA,4.661991119384766
2017-10-11,NVDA,NVDA,4.711589813232422
2017-10-12,NVDA,NVDA,4.713808536529541
2017-10-13,NVDA,NVDA,4.8016557693481445
2017-10-16,NVDA,NVDA,4.8840718269348145
2017-10-17,NVDA,NVDA,4.8796305656433105
2017-10-18,NVDA,NVDA,4.8754353523254395
2017-10-19,NVDA,NVDA,4.880864143371582
2017-10-20,NVDA,NVDA,4.858654499053955
2017-10-23,NVDA,NVDA,4.851747512817383
2017-10-24,NVDA,NVDA,4.902578353881836
2017-10-25,NVDA,NVDA,4.778707027435303
2017-10-26,NVDA,NVDA,4.828799247741699
2017-10-27,NVDA,NVDA,4.981048107147217
2017-10-30,NVDA,NVDA,5.029905796051025
2017-10-31,NVDA,NVDA,5.1031928062438965
2017-11-01,NVDA,NVDA,5.112817287445068
2017-11-02,NVDA,NVDA,5.081724643707275
2017-11-03,NVDA,NVDA,5.149582862854004
2017-11-06,NVDA,NVDA,5.17277717590332
2017-11-07,NVDA,NVDA,5.231999397277832
2017-11-08,NVDA,NVDA,5.16118049621582
2017-11-09,NVDA,NVDA,5.06642484664917
2017-11-10,NVDA,NVDA,5.333419322967529
2017-11-13,NVDA,NVDA,5.246805667877197
2017-11-14,NVDA,NVDA,5.2850518226623535
2017-11-15,NVDA,NVDA,5.181414604187012
2017-11-16,NVDA,NVDA,5.221636772155762
2017-11-17,NVDA,NVDA,5.21546745300293
2017-11-20,NVDA,NVDA,5.2825846672058105
2017-11-21,NVDA,NVDA,5.331196308135986
2017-11-22,NVDA,NVDA,5.307245254516602
2017-11-24,NVDA,NVDA,5.357370376586914
2017-11-27,NVDA,NVDA,5.287736415863037
2017-11-28,NVDA,NVDA,5.203040599822998
2017-11-29,NVDA,NVDA,4.850179195404053
2017-11-30,NVDA,NVDA,4.956111431121826
2017-12-01,NVDA,NVDA,4.881292343139648
2017-12-04,NVDA,NVDA,4.609176158905029
2017-12-05,NVDA,NVDA,4.635843753814697
2017-12-06,NVDA,NVDA,4.673379421234131
2017-12-07,NVDA,NVDA,4.740787982940674
2017-12-08,NVDA,NVDA,4.728442192077637
2017-12-11,NVDA,NVDA,4.806719779968262
2017-12-12,NVDA,NVDA,4.712392807006836
2017-12-13,NVDA,NVDA,4.597323894500732
2017-12-14,NVDA,NVDA,4.604484558105469
2017-12-15,NVDA,NVDA,4.730171203613281
2017-12-18,NVDA,NVDA,4.886723518371582
2017-12-19,NVDA,NVDA,4.842525482177734
2017-12-20,NVDA,NVDA,4.859562873840332
2017-12-21,NVDA,NVDA,4.837092876434326
2017-12-22,NVDA,NVDA,4.821781158447266
2017-12-26,NVDA,NVDA,4.875365257263184
2017-12-27,NVDA,NVDA,4.8686981201171875
2017-12-28,NVDA,NVDA,4.874378204345703
2017-12-29,NVDA,NVDA,4.778075695037842
2018-01-02,NVDA,NVDA,4.922529220581055
2018-01-03,NVDA,NVDA,5.246500492095947
2018-01-04,NVDA,NVDA,5.274155616760254
2018-01-05,NVDA,NVDA,5.318850994110107
2018-01-08,NVDA,NVDA,5.481823444366455
2018-01-09,NVDA,NVDA,5.48034143447876
2018-01-10,NVDA,NVDA,5.523306846618652
2018-01-11,NVDA,NVDA,5.533185005187988
2018-01-12,NVDA,NVDA,5.506023406982422
2018-01-16,NVDA,NVDA,5.435154438018799
2018-01-17,NVDA,NVDA,5.548989295959473
2018-01-18,NVDA,NVDA,5.5420732498168945
2018-01-19,NVDA,NVDA,5.6820831298828125
2018-01-22,NVDA,NVDA,5.770481109619141
2018-01-23,NVDA,NVDA,5.899381637573242
2018-01-24,NVDA,NVDA,5.822585582733154
2018-01-25,NVDA,NVDA,5.836167335510254
2018-01-26,NVDA,NVDA,6.008522987365723
2018-01-29,NVDA,NVDA,6.0954413414001465
2018-01-30,NVDA,NVDA,5.9934587478637695
2018-01-31,NVDA,NVDA,6.069514274597168
2018-02-01,NVDA,NVDA,5.9386420249938965
2018-02-02,NVDA,NVDA,5.766284465789795
2018-02-05,NVDA,NVDA,5.276872158050537
2018-02-06,NVDA,NVDA,5.5702223777771
2018-02-07,NVDA,NVDA,5.649734973907471
2018-02-08,NVDA,NVDA,5.371199131011963
2018-02-09,NVDA,NVDA,5.730728626251221
2018-02-12,NVDA,NVDA,5.6307196617126465
2018-02-13,NVDA,NVDA,5.744308948516846
2018-02-14,NVDA,NVDA,5.961358547210693
2018-02-15,NVDA,NVDA,6.086798191070557
2018-02-16,NVDA,NVDA,6.021117687225342
2018-02-20,NVDA,NVDA,6.150506019592285
2018-02-21,NVDA,NVDA,5.963582515716553
2018-02-22,NVDA,NVDA,5.983100891113281
2018-02-23,NVDA,NVDA,6.076498985290527
2018-02-26,NVDA,NVDA,6.092558860778809
2018-02-27,NVDA,NVDA,6.079709529876709
2018-02-28,NVDA,NVDA,5.979394912719727
2018-03-01,NVDA,NVDA,5.737501621246338
2018-03-02,NVDA,NVDA,5.84448766708374
2018-03-05,NVDA,NVDA,5.822498798370361
2018-03-06,NVDA,NVDA,5.983348369598389
2018-03-07,NVDA,NVDA,5.975441932678223
2018-03-08,NVDA,NVDA,5.959134578704834
2018-03-09,NVDA,NVDA,6.06167459487915
2018-03-12,NVDA,NVDA,6.171131134033203
2018-03-13,NVDA,NVDA,6.120478630065918
2018-03-14,NVDA,NVDA,6.145927906036377
2018-03-15,NVDA,NVDA,6.160754203796387
2018-03-16,NVDA,NVDA,6.188920497894287
2018-03-19,NVDA,NVDA,5.954687595367432
2018-03-20,NVDA,NVDA,6.166682720184326
2018-03-21,NVDA,NVDA,6.141480922698975
2018-03-22,NVDA,NVDA,5.9756879806518555
2018-03-23,NVDA,NVDA,5.7562785148620605
2018-03-26,NVDA,NVDA,6.040672302246094
2018-03-27,NVDA,NVDA,5.572201728820801
2018-03-28,NVDA,NVDA,5.4691691398620605
2018-03-29,NVDA,NVDA,5.722182750701904
2018-04-02,NVDA,NVDA,5.461757659912109
2018-04-03,NVDA,NVDA,5.568003177642822
2018-04-04,NVDA,NVDA,5.589993000030518
2018-04-05,NVDA,NVDA,5.469910144805908
2018-04-06,NVDA,NVDA,5.293741226196289
2018-04-09,NVDA,NVDA,5.322403430938721
2018-04-10,NVDA,NVDA,5.631255626678467
2018-04-11,NVDA,NVDA,5.589993000030518
2018-04-12,NVDA,NVDA,5.796553611755371
2018-04-13,NVDA,NVDA,5.719959735870361
2018-04-16,NVDA,NVDA,5.719712257385254
2018-04-17,NVDA,NVDA,5.869196891784668
2018-04-18,NVDA,NVDA,5.840288162231445
2018-04-19,NVDA,NVDA,5.659175872802734
2018-04-20,NVDA,NVDA,5.651022911071777
2018-04-23,NVDA,NVDA,5.53168249130249
2018-04-24,NVDA,NVDA,5.465464115142822
2018-04-25,NVDA,NVDA,5.353287696838379
2018-04-26,NVDA,NVDA,5.564788818359375
2018-04-27,NVDA,NVDA,5.592215538024902
2018-04-30,NVDA,NVDA,5.556884288787842
2018-05-01,NVDA,NVDA,5.61223030090332
2018-05-02,NVDA,NVDA,5.59172248840332
2018-05-03,NVDA,NVDA,5.756772994995117
2018-05-04,NVDA,NVDA,5.906752109527588
2018-05-07,NVDA,NVDA,6.144446849822998
2018-05-08,NVDA,NVDA,6.186944484710693
2018-05-09,NVDA,NVDA,6.319875240325928
2018-05-10,NVDA,NVDA,6.427355766296387
2018-05-11,NVDA,NVDA,6.2889885902404785
2018-05-14,NVDA,NVDA,6.3094964027404785
2018-05-15,NVDA,NVDA,6.067357063293457
2018-05-16,NVDA,NVDA,6.078474521636963
2018-05-17,NVDA,NVDA,6.120478630065918
2018-05-18,NVDA,NVDA,6.076745986938477
2018-05-21,NVDA,NVDA,6.0347418785095215
2018-05-22,NVDA,NVDA,5.99669075012207
2018-05-23,NVDA,NVDA,6.120059967041016
2018-05-24,NVDA,NVDA,6.1237688064575195
2018-05-25,NVDA,NVDA,6.163078784942627
2018-05-29,NVDA,NVDA,6.14601993560791
2018-05-30,NVDA,NVDA,6.2548017501831055
2018-05-31,NVDA,NVDA,6.235025405883789
2018-06-01,NVDA,NVDA,6.369273662567139
2018-06-04,NVDA,NVDA,6.548025131225586
2018-06-05,NVDA,NVDA,6.553463935852051
2018-06-06,NVDA,NVDA,6.555441856384277
2018-06-07,NVDA,NVDA,6.499815464019775
2018-06-08,NVDA,NVDA,6.484486103057861
2018-06-11,NVDA,NVDA,6.44344425201416
2018-06-12,NVDA,NVDA,6.4919023513793945
2018-06-13,NVDA,NVDA,6.487451553344727
2018-06-14,NVDA,NVDA,6.598955154418945
2018-06-15,NVDA,NVDA,6.558161735534668
2018-06-18,NVDA,NVDA,6.553958415985107
2018-06-19,NVDA,NVDA,6.4323201179504395
2018-06-20,NVDA,NVDA,6.485228061676025
2018-06-21,NVDA,NVDA,6.35666561126709
2018-06-22,NVDA,NVDA,6.2043681144714355
2018-06-25,NVDA,NVDA,5.91188907623291
2018-06-26,NVDA,NVDA,5.982846736907959
2018-06-27,NVDA,NVDA,5.827828407287598
2018-06-28,NVDA,NVDA,5.954908847808838
2018-06-29,NVDA,NVDA,5.857003211975098
2018-07-02,NVDA,NVDA,5.9890265464782715
2018-07-03,NVDA,NVDA,5.855520248413086
2018-07-05,NVDA,NVDA,6.001140594482422
2018-07-06,NVDA,NVDA,6.114869594573975
2018-07-09,NVDA,NVDA,6.1623382568359375
2018-07-10,NVDA,NVDA,6.261231899261475
2018-07-11,NVDA,NVDA,6.119813442230225
2018-07-12,NVDA,NVDA,6.211289882659912
2018-07-13,NVDA,NVDA,6.164069175720215
2018-07-16,NVDA,NVDA,6.136377334594727
2018-07-17,NVDA,NVDA,6.2721099853515625
2018-07-18,NVDA,NVDA,6.222910404205322
2018-07-19,NVDA,NVDA,6.231070041656494
2018-07-20,NVDA,NVDA,6.202885627746582
2018-07-23,NVDA,NVDA,6.166293621063232
2018-07-24,NVDA,NVDA,6.148989677429199
2018-07-25,NVDA,NVDA,6.227114677429199
2018-07-26,NVDA,NVDA,6.300541877746582
2018-07-27,NVDA,NVDA,6.230823516845703
2018-07-30,NVDA,NVDA,6.03575325012207
2018-07-31,NVDA,NVDA,6.053801536560059
2018-08-01,NVDA,NVDA,6.093606948852539
2018-08-02,NVDA,NVDA,6.1962103843688965
2018-08-03,NVDA,NVDA,6.232800006866455
2018-08-06,NVDA,NVDA,6.280516147613525
2018-08-07,NVDA,NVDA,6.3527092933654785
2018-08-08,NVDA,NVDA,6.389052867889404
2018-08-09,NVDA,NVDA,6.340595245361328
2018-08-10,NVDA,NVDA,6.299306869506836
2018-08-13,NVDA,NVDA,6.332188606262207
2018-08-14,NVDA,NVDA,6.463469505310059
2018-08-15,NVDA,NVDA,6.405370712280273
2018-08-16,NVDA,NVDA,6.364823341369629
2018-08-17,NVDA,NVDA,6.052812576293945
2018-08-20,NVDA,NVDA,6.127479553222656
2018-08-21,NVDA,NVDA,6.262962341308594
2018-08-22,NVDA,NVDA,6.497836112976074
2018-08-23,NVDA,NVDA,6.597225189208984
2018-08-24,NVDA,NVDA,6.7302374839782715
2018-08-27,NVDA,NVDA,6.821218967437744
2018-08-28,NVDA,NVDA,6.783641338348389
2018-08-29,NVDA,NVDA,6.889018535614014
2018-08-30,NVDA,NVDA,6.872199058532715
2018-08-31,NVDA,NVDA,6.943194389343262
2018-09-04,NVDA,NVDA,7.017899990081787
2018-09-05,NVDA,NVDA,6.8872880935668945
2018-09-06,NVDA,NVDA,6.7462873458862305
2018-09-07,NVDA,NVDA,6.725013732910156
2018-09-10,NVDA,NVDA,6.796008586883545
2018-09-11,NVDA,NVDA,6.748265743255615
2018-09-12,NVDA,NVDA,6.6344757080078125
2018-09-13,NVDA,NVDA,6.712150573730469
2018-09-14,NVDA,NVDA,6.838061809539795
2018-09-17,NVDA,NVDA,6.776219844818115
2018-09-18,NVDA,NVDA,6.704235076904297
2018-09-19,NVDA,NVDA,6.727982521057129
2018-09-20,NVDA,NVDA,6.586980819702148
2018-09-21,NVDA,NVDA,6.516975402832031
2018-09-24,NVDA,NVDA,6.572633743286133
2018-09-25,NVDA,NVDA,6.639669418334961
2018-09-26,NVDA,NVDA,6.602813720703125
2018-09-27,NVDA,NVDA,6.614687442779541
2018-09-28,NVDA,NVDA,6.951605319976807
2018-10-01,NVDA,NVDA,7.157912254333496
2018-10-02,NVDA,NVDA,7.086668491363525
2018-10-03,NVDA,NVDA,7.092856407165527
2018-10-04,NVDA,NVDA,6.908811092376709
2018-10-05,NVDA,NVDA,6.675540447235107
2018-10-08,NVDA,NVDA,6.574364185333252
2018-10-09,NVDA,NVDA,6.568675994873047
2018-10-10,NVDA,NVDA,6.0776448249816895
2018-10-11,NVDA,NVDA,5.8164215087890625
2018-10-12,NVDA,NVDA,6.098671913146973
2018-10-15,NVDA,NVDA,5.822605609893799
2018-10-16,NVDA,NVDA,6.081108570098877
2018-10-17,NVDA,NVDA,6.012587070465088
2018-10-18,NVDA,NVDA,5.925264835357666
2018-10-19,NVDA,NVDA,5.668989181518555
2018-10-22,NVDA,NVDA,5.719700813293457
2018-10-23,NVDA,NVDA,5.468372344970703
2018-10-24,NVDA,NVDA,4.932814598083496
2018-10-25,NVDA,NVDA,5.141348361968994
2018-10-26,NVDA,NVDA,4.905109405517578
2018-10-29,NVDA,NVDA,4.59169340133667
2018-10-30,NVDA,NVDA,5.021620750427246
2018-10-31,NVDA,NVDA,5.215312480926514
2018-11-01,NVDA,NVDA,5.3953986167907715
2018-11-02,NVDA,NVDA,5.316486358642578
2018-11-05,NVDA,NVDA,5.238564491271973
2018-11-06,NVDA,NVDA,5.220999717712402
2018-11-07,NVDA,NVDA,5.288532257080078
2018-11-08,NVDA,NVDA,5.095584392547607
2018-11-09,NVDA,NVDA,5.087669372558594
2018-11-12,NVDA,NVDA,4.688660144805908
2018-11-13,NVDA,NVDA,4.93034029006958
2018-11-14,NVDA,NVDA,4.877898693084717
2018-11-15,NVDA,NVDA,5.006530284881592
2018-11-16,NVDA,NVDA,4.067512512207031
2018-11-19,NVDA,NVDA,3.5794503688812256
2018-11-20,NVDA,NVDA,3.6877992153167725
2018-11-21,NVDA,NVDA,3.579698324203491
2018-11-23,NVDA,NVDA,3.586871862411499
2018-11-26,NVDA,NVDA,3.7860052585601807
2018-11-27,NVDA,NVDA,3.802826166152954
2018-11-28,NVDA,NVDA,3.9596588611602783
2018-11-29,NVDA,NVDA,3.896516799926758
2018-11-30,NVDA,NVDA,4.046821594238281
2018-12-03,NVDA,NVDA,4.210495471954346
2018-12-04,NVDA,NVDA,3.8903260231018066
2018-12-06,NVDA,NVDA,3.9195449352264404
2018-12-07,NVDA,NVDA,3.6550889015197754
2018-12-10,NVDA,NVDA,3.760326385498047
2018-12-11,NVDA,NVDA,3.6694509983062744
2018-12-12,NVDA,NVDA,3.6870322227478027
2018-12-13,NVDA,NVDA,3.686784505844116
2018-12-14,NVDA,NVDA,3.626365900039673
2018-12-17,NVDA,NVDA,3.5552988052368164
2018-12-18,NVDA,NVDA,3.6384992599487305
2018-12-19,NVDA,NVDA,3.4297571182250977
2018-12-20,NVDA,NVDA,3.3453187942504883
2018-12-21,NVDA,NVDA,3.2083866596221924
2018-12-24,NVDA,NVDA,3.146728754043579
2018-12-26,NVDA,NVDA,3.295795440673828
2018-12-27,NVDA,NVDA,3.24800443649292
2018-12-28,NVDA,NVDA,3.3094136714935303
2018-12-31,NVDA,NVDA,3.3057005405426025
2019-01-02,NVDA,NVDA,3.3730525970458984
2019-01-03,NVDA,NVDA,3.1692633628845215
2019-01-04,NVDA,NVDA,3.372309684753418
2019-01-07,NVDA,NVDA,3.550842523574829
2019-01-08,NVDA,NVDA,3.4624416828155518
2019-01-09,NVDA,NVDA,3.5305380821228027
2019-01-10,NVDA,NVDA,3.5961554050445557
2019-01-11,NVDA,NVDA,3.6852986812591553
2019-01-14,NVDA,NVDA,3.7251644134521484
2019-01-15,NVDA,NVDA,3.7110509872436523
2019-01-16,NVDA,NVDA,3.685546636581421
2019-01-17,NVDA,NVDA,3.7568602561950684
2019-01-18,NVDA,NVDA,3.8858683109283447
2019-01-22,NVDA,NVDA,3.6838126182556152
2019-01-23,NVDA,NVDA,3.6966888904571533
2019-01-24,NVDA,NVDA,3.908402442932129
2019-01-25,NVDA,NVDA,3.9656009674072266
2019-01-28,NVDA,NVDA,3.4173760414123535
2019-01-29,NVDA,NVDA,3.2586522102355957
2019-01-30,NVDA,NVDA,3.4020235538482666
2019-01-31,NVDA,NVDA,3.5595085620880127
2019-02-01,NVDA,NVDA,3.583775043487549
2019-02-04,NVDA,NVDA,3.693964958190918
2019-02-05,NVDA,NVDA,3.713031768798828
2019-02-06,NVDA,NVDA,3.7885549068450928
2019-02-07,NVDA,NVDA,3.6503849029541016
2019-02-08,NVDA,NVDA,3.6689553260803223
2019-02-11,NVDA,NVDA,3.626365900039673
2019-02-12,NVDA,NVDA,3.74324107170105
2019-02-13,NVDA,NVDA,3.785583734512329
2019-02-14,NVDA,NVDA,3.8264405727386475
2019-02-15,NVDA,NVDA,3.896021604537964
2019-02-19,NVDA,NVDA,3.878687858581543
2019-02-20,NVDA,NVDA,3.925983190536499
2019-02-21,NVDA,NVDA,3.857145309448242
2019-02-22,NVDA,NVDA,3.94183087348938
2019-02-25,NVDA,NVDA,3.9294493198394775
2019-02-26,NVDA,NVDA,3.8900787830352783
2019-02-27,NVDA,NVDA,3.848231554031372
2019-02-28,NVDA,NVDA,3.8236916065216064
2019-03-01,NVDA,NVDA,3.8779757022857666
2019-03-04,NVDA,NVDA,3.886155843734741
2019-03-05,NVDA,NVDA,3.8797109127044678
2019-03-06,NVDA,NVDA,3.768911123275757
2019-03-07,NVDA,NVDA,3.6997549533843994
2019-03-08,NVDA,NVDA,3.733961582183838
2019-03-11,NVDA,NVDA,3.9942290782928467
2019-03-12,NVDA,NVDA,4.028433799743652
2019-03-13,NVDA,NVDA,4.179637432098389
2019-03-14,NVDA,NVDA,4.10378885269165
2019-03-15,NVDA,NVDA,4.209136486053467
2019-03-18,NVDA,NVDA,4.187816619873047
2019-03-19,NVDA,NVDA,4.3553786277771
2019-03-20,NVDA,NVDA,4.3229079246521
2019-03-21,NVDA,NVDA,4.5593791007995605
2019-03-22,NVDA,NVDA,4.399747848510742
2019-03-25,NVDA,NVDA,4.307540416717529
2019-03-26,NVDA,NVDA,4.384132385253906
2019-03-27,NVDA,NVDA,4.374960899353027
2019-03-28,NVDA,NVDA,4.393551826477051
2019-03-29,NVDA,NVDA,4.450810432434082
2019-04-01,NVDA,NVDA,4.518232822418213
2019-04-02,NVDA,NVDA,4.5360798835754395
2019-04-03,NVDA,NVDA,4.675383567810059
2019-04-04,NVDA,NVDA,4.6664605140686035
2019-04-05,NVDA,NVDA,4.733138561248779
2019-04-08,NVDA,NVDA,4.753959655761719
2019-04-09,NVDA,NVDA,4.691247940063477
2019-04-10,NVDA,NVDA,4.7616448402404785
2019-04-11,NVDA,NVDA,4.747762203216553
2019-04-12,NVDA,NVDA,4.709837913513184
2019-04-15,NVDA,NVDA,4.578217029571533
2019-04-16,NVDA,NVDA,4.665220260620117
2019-04-17,NVDA,NVDA,4.642416000366211
2019-04-18,NVDA,NVDA,4.617877960205078
2019-04-22,NVDA,NVDA,4.671665668487549
2019-04-23,NVDA,NVDA,4.726199150085449
2019-04-24,NVDA,NVDA,4.73859167098999
2019-04-25,NVDA,NVDA,4.632998466491699
2019-04-26,NVDA,NVDA,4.414373874664307
2019-04-29,NVDA,NVDA,4.4451093673706055
2019-04-30,NVDA,NVDA,4.486505508422852
2019-05-01,NVDA,NVDA,4.473368167877197
2019-05-02,NVDA,NVDA,4.54079008102417
2019-05-03,NVDA,NVDA,4.5363264083862305
2019-05-06,NVDA,NVDA,4.457997798919678
2019-05-07,NVDA,NVDA,4.290933132171631
2019-05-08,NVDA,NVDA,4.311010360717773
2019-05-09,NVDA,NVDA,4.218554496765137
2019-05-10,NVDA,NVDA,4.184594631195068
2019-05-13,NVDA,NVDA,3.927550792694092
2019-05-14,NVDA,NVDA,4.016536235809326
2019-05-15,NVDA,NVDA,3.9555599689483643
2019-05-16,NVDA,NVDA,3.9706807136535645
2019-05-17,NVDA,NVDA,3.8799591064453125
2019-05-20,NVDA,NVDA,3.7614755630493164
2019-05-21,NVDA,NVDA,3.8435213565826416
2019-05-22,NVDA,NVDA,3.772630453109741
2019-05-23,NVDA,NVDA,3.651668071746826
2019-05-24,NVDA,NVDA,3.597879409790039
2019-05-28,NVDA,NVDA,3.5527665615081787
2019-05-29,NVDA,NVDA,3.4786527156829834
2019-05-30,NVDA,NVDA,3.4520998001098633
2019-05-31,NVDA,NVDA,3.3615224361419678
2019-06-03,NVDA,NVDA,3.3198323249816895
2019-06-04,NVDA,NVDA,3.5486319065093994
2019-06-05,NVDA,NVDA,3.5059492588043213
2019-06-06,NVDA,NVDA,3.567988872528076
2019-06-07,NVDA,NVDA,3.610671281814575
2019-06-10,NVDA,NVDA,3.683380126953125
2019-06-11,NVDA,NVDA,3.7409534454345703
2019-06-12,NVDA,NVDA,3.6280417442321777
2019-06-13,NVDA,NVDA,3.6791622638702393
2019-06-14,NVDA,NVDA,3.589329957962036
2019-06-17,NVDA,NVDA,3.599008321762085
2019-06-18,NVDA,NVDA,3.793811082839966
2019-06-19,NVDA,NVDA,3.799766778945923
2019-06-20,NVDA,NVDA,3.824085235595703
2019-06-21,NVDA,NVDA,3.766016960144043
2019-06-24,NVDA,NVDA,3.788350820541382
2019-06-25,NVDA,NVDA,3.759068012237549
2019-06-26,NVDA,NVDA,3.952134132385254
2019-06-27,NVDA,NVDA,4.050652027130127
2019-06-28,NVDA,NVDA,4.07546854019165
2019-07-01,NVDA,NVDA,4.123610019683838
2019-07-02,NVDA,NVDA,4.025836944580078
2019-07-03,NVDA,NVDA,4.038740158081055
2019-07-05,NVDA,NVDA,3.9762051105499268
2019-07-08,NVDA,NVDA,3.901261568069458
2019-07-09,NVDA,NVDA,3.9037435054779053
2019-07-10,NVDA,NVDA,3.971987009048462
2019-07-11,NVDA,NVDA,4.126339435577393
2019-07-12,NVDA,NVDA,4.159345626831055
2019-07-15,NVDA,NVDA,4.150907516479492
2019-07-16,NVDA,NVDA,4.14619255065918
2019-07-17,NVDA,NVDA,4.211458683013916
2019-07-18,NVDA,NVDA,4.223121643066406
2019-07-19,NVDA,NVDA,4.179941177368164
2019-07-22,NVDA,NVDA,4.251410484313965
2019-07-23,NVDA,NVDA,4.359108924865723
2019-07-24,NVDA,NVDA,4.43355655670166
2019-07-25,NVDA,NVDA,4.302530765533447
2019-07-26,NVDA,NVDA,4.344468593597412
2019-07-29,NVDA,NVDA,4.338264465332031
2019-07-30,NVDA,NVDA,4.353898525238037
2019-07-31,NVDA,NVDA,4.186890125274658
2019-08-01,NVDA,NVDA,4.09259033203125
2019-08-02,NVDA,NVDA,4.000027656555176
2019-08-05,NVDA,NVDA,3.741945743560791
2019-08-06,NVDA,NVDA,3.780658006668091
2019-08-07,NVDA,NVDA,3.8188748359680176
2019-08-08,NVDA,NVDA,3.927319049835205
2019-08-09,NVDA,NVDA,3.826070547103882
2019-08-12,NVDA,NVDA,3.75832462310791
2019-08-13,NVDA,NVDA,3.8724753856658936
2019-08-14,NVDA,NVDA,3.724078893661499
2019-08-15,NVDA,NVDA,3.6918184757232666
2019-08-16,NVDA,NVDA,3.9595789909362793
2019-08-19,NVDA,NVDA,4.238009929656982
2019-08-20,NVDA,NVDA,4.165796756744385
2019-08-21,NVDA,NVDA,4.249175548553467
2019-08-22,NVDA,NVDA,4.255381107330322
2019-08-23,NVDA,NVDA,4.03104829788208
2019-08-26,NVDA,NVDA,4.105742931365967
2019-08-27,NVDA,NVDA,4.015166282653809
2019-08-28,NVDA,NVDA,4.004732608795166
2019-08-29,NVDA,NVDA,4.148309230804443
2019-08-30,NVDA,NVDA,4.160977363586426
2019-09-03,NVDA,NVDA,4.0780110359191895
2019-09-04,NVDA,NVDA,4.192028522491455
2019-09-05,NVDA,NVDA,4.464774131774902
2019-09-06,NVDA,NVDA,4.437697887420654
2019-09-09,NVDA,NVDA,4.483651161193848
2019-09-10,NVDA,NVDA,4.550224304199219
2019-09-11,NVDA,NVDA,4.578789234161377
2019-09-12,NVDA,NVDA,4.577298641204834
2019-09-13,NVDA,NVDA,4.519420623779297
2019-09-16,NVDA,NVDA,4.4764485359191895
2019-09-17,NVDA,NVDA,4.497809886932373
2019-09-18,NVDA,NVDA,4.4707350730896
2019-09-19,NVDA,NVDA,4.3952202796936035
2019-09-20,NVDA,NVDA,4.289649963378906
2019-09-23,NVDA,NVDA,4.343056678771973
2019-09-24,NVDA,NVDA,4.285675048828125
2019-09-25,NVDA,NVDA,4.427263259887695
2019-09-26,NVDA,NVDA,4.40515661239624
2019-09-27,NVDA,NVDA,4.266548156738281
2019-09-30,NVDA,NVDA,4.323928356170654
2019-10-01,NVDA,NVDA,4.322189807891846
2019-10-02,NVDA,NVDA,4.298344612121582
2019-10-03,NVDA,NVDA,4.503772735595703
2019-10-04,NVDA,NVDA,4.520166873931885
2019-10-07,NVDA,NVDA,4.578789234161377
2019-10-08,NVDA,NVDA,4.402422904968262
2019-10-09,NVDA,NVDA,4.48886775970459
2019-10-10,NVDA,NVDA,4.546497344970703
2019-10-11,NVDA,NVDA,4.620023727416992
2019-10-14,NVDA,NVDA,4.633438587188721
2019-10-15,NVDA,NVDA,4.877865791320801
2019-10-16,NVDA,NVDA,4.824209690093994
2019-10-17,NVDA,NVDA,4.826198101043701
2019-10-18,NVDA,NVDA,4.731805324554443
2019-10-21,NVDA,NVDA,4.868923187255859
2019-10-22,NVDA,NVDA,4.8589863777160645
2019-10-23,NVDA,NVDA,4.8460693359375
2019-10-24,NVDA,NVDA,4.890036106109619
2019-10-25,NVDA,NVDA,5.080809116363525
2019-10-28,NVDA,NVDA,5.136700630187988
2019-10-29,NVDA,NVDA,5.040568828582764
2019-10-30,NVDA,NVDA,5.042555809020996
2019-10-31,NVDA,NVDA,4.993371963500977
2019-11-01,NVDA,NVDA,5.032373428344727
2019-11-04,NVDA,NVDA,5.228857517242432
2019-11-05,NVDA,NVDA,5.206748962402344
2019-11-06,NVDA,NVDA,5.157565593719482
2019-11-07,NVDA,NVDA,5.175201892852783
2019-11-08,NVDA,NVDA,5.161291122436523
2019-11-11,NVDA,NVDA,5.171228408813477
2019-11-12,NVDA,NVDA,5.206748962402344
2019-11-13,NVDA,NVDA,5.180915832519531
2019-11-14,NVDA,NVDA,5.2112202644348145
2019-11-15,NVDA,NVDA,5.072115421295166
2019-11-18,NVDA,NVDA,5.273072242736816
2019-11-19,NVDA,NVDA,5.16650915145874
2019-11-20,NVDA,NVDA,5.245748996734619
2019-11-21,NVDA,NVDA,5.220907211303711
2019-11-22,NVDA,NVDA,5.238544940948486
2019-11-25,NVDA,NVDA,5.4948954582214355
2019-11-26,NVDA,NVDA,5.390318870544434
2019-11-27,NVDA,NVDA,5.425119400024414
2019-11-29,NVDA,NVDA,5.387832164764404
2019-12-02,NVDA,NVDA,5.201642036437988
2019-12-03,NVDA,NVDA,5.162116050720215
2019-12-04,NVDA,NVDA,5.205867767333984
2019-12-05,NVDA,NVDA,5.188963890075684
2019-12-06,NVDA,NVDA,5.274228572845459
2019-12-09,NVDA,NVDA,5.274228572845459
2019-12-10,NVDA,NVDA,5.319220542907715
2019-12-11,NVDA,NVDA,5.40274715423584
2019-12-12,NVDA,NVDA,5.570045471191406
2019-12-13,NVDA,NVDA,5.568056106567383
2019-12-16,NVDA,NVDA,5.596892356872559
2019-12-17,NVDA,NVDA,5.674948692321777
2019-12-18,NVDA,NVDA,5.705276012420654
2019-12-19,NVDA,NVDA,5.853182792663574
2019-12-20,NVDA,NVDA,5.950380802154541
2019-12-23,NVDA,NVDA,5.936707019805908
2019-12-24,NVDA,NVDA,5.931735038757324
2019-12-26,NVDA,NVDA,5.945906639099121
2019-12-27,NVDA,NVDA,5.888235569000244
2019-12-30,NVDA,NVDA,5.775128364562988
2019-12-31,NVDA,NVDA,5.849208354949951
2020-01-02,NVDA,NVDA,5.963803768157959
2020-01-03,NVDA,NVDA,5.868347644805908
2020-01-06,NVDA,NVDA,5.892956256866455
2020-01-07,NVDA,NVDA,5.964301109313965
2020-01-08,NVDA,NVDA,5.9754862785339355
2020-01-09,NVDA,NVDA,6.041113376617432
2020-01-10,NVDA,NVDA,6.073429107666016
2020-01-13,NVDA,NVDA,6.263845920562744
2020-01-14,NVDA,NVDA,6.147010803222656
2020-01-15,NVDA,NVDA,6.104503631591797
2020-01-16,NVDA,NVDA,6.188027858734131
2020-01-17,NVDA,NVDA,6.1967267990112305
2020-01-21,NVDA,NVDA,6.163416862487793
2020-01-22,NVDA,NVDA,6.217360496520996
2020-01-23,NVDA,NVDA,6.28571891784668
2020-01-24,NVDA,NVDA,6.226558208465576
2020-01-27,NVDA,NVDA,5.971011161804199
2020-01-28,NVDA,NVDA,6.164164066314697
2020-01-29,NVDA,NVDA,6.103756427764893
2020-01-30,NVDA,NVDA,6.110468864440918
2020-01-31,NVDA,NVDA,5.877296447753906
2020-02-03,NVDA,NVDA,5.974244117736816
2020-02-04,NVDA,NVDA,6.143282413482666
2020-02-05,NVDA,NVDA,6.233517646789551
2020-02-06,NVDA,NVDA,6.320275783538818
2020-02-07,NVDA,NVDA,6.254150390625
2020-02-10,NVDA,NVDA,6.537041664123535
2020-02-11,NVDA,NVDA,6.65934419631958
2020-02-12,NVDA,NVDA,6.774937152862549
2020-02-13,NVDA,NVDA,6.731185436248779
2020-02-14,NVDA,NVDA,7.203746795654297
2020-02-18,NVDA,NVDA,7.372285842895508
2020-02-19,NVDA,NVDA,7.822970390319824
2020-02-20,NVDA,NVDA,7.673820495605469
2020-02-21,NVDA,NVDA,7.310140132904053
2020-02-24,NVDA,NVDA,6.793332576751709
2020-02-25,NVDA,NVDA,6.514172077178955
2020-02-26,NVDA,NVDA,6.653378963470459
2020-02-27,NVDA,NVDA,6.283013820648193
2020-02-28,NVDA,NVDA,6.717551231384277
2020-03-02,NVDA,NVDA,6.87574577331543
2020-03-03,NVDA,NVDA,6.613580703735352
2020-03-04,NVDA,NVDA,7.076723575592041
2020-03-05,NVDA,NVDA,6.797645092010498
2020-03-06,NVDA,NVDA,6.617312431335449
2020-03-09,NVDA,NVDA,6.104919910430908
2020-03-10,NVDA,NVDA,6.493940353393555
2020-03-11,NVDA,NVDA,6.13054084777832
2020-03-12,NVDA,NVDA,5.3803582191467285
2020-03-13,NVDA,NVDA,5.99050235748291
2020-03-16,NVDA,NVDA,4.885129928588867
2020-03-17,NVDA,NVDA,5.404238700866699
2020-03-18,NVDA,NVDA,5.04481840133667
2020-03-19,NVDA,NVDA,5.297281742095947
2020-03-20,NVDA,NVDA,5.1176958084106445
2020-03-23,NVDA,NVDA,5.290317535400391
2020-03-24,NVDA,NVDA,6.197946548461914
2020-03-25,NVDA,NVDA,6.1093974113464355
2020-03-26,NVDA,NVDA,6.398426055908203
2020-03-27,NVDA,NVDA,6.286248207092285
2020-03-30,NVDA,NVDA,6.606118679046631
2020-03-31,NVDA,NVDA,6.55662202835083
2020-04-01,NVDA,NVDA,6.045970916748047
2020-04-02,NVDA,NVDA,6.354401111602783
2020-04-03,NVDA,NVDA,6.066864490509033
2020-04-06,NVDA,NVDA,6.676012992858887
2020-04-07,NVDA,NVDA,6.442949295043945
2020-04-08,NVDA,NVDA,6.639945983886719
2020-04-09,NVDA,NVDA,6.540453910827637
2020-04-13,NVDA,NVDA,6.712080001831055
2020-04-14,NVDA,NVDA,7.062794208526611
2020-04-15,NVDA,NVDA,6.985438346862793
2020-04-16,NVDA,NVDA,7.33018159866333
2020-04-17,NVDA,NVDA,7.2709832191467285
2020-04-20,NVDA,NVDA,7.139902114868164
2020-04-21,NVDA,NVDA,6.703621864318848
2020-04-22,NVDA,NVDA,7.117515563964844
2020-04-23,NVDA,NVDA,7.0642852783203125
2020-04-24,NVDA,NVDA,7.203080654144287
2020-04-27,NVDA,NVDA,7.3893818855285645
2020-04-28,NVDA,NVDA,7.247105598449707
2020-04-29,NVDA,NVDA,7.423707485198975
2020-04-30,NVDA,NVDA,7.269989490509033
2020-05-01,NVDA,NVDA,7.033692359924316
2020-05-04,NVDA,NVDA,7.245365142822266
2020-05-05,NVDA,NVDA,7.306304454803467
2020-05-06,NVDA,NVDA,7.407041549682617
2020-05-07,NVDA,NVDA,7.583144664764404
2020-05-08,NVDA,NVDA,7.772930145263672
2020-05-11,NVDA,NVDA,8.024648666381836
2020-05-12,NVDA,NVDA,7.762978553771973
2020-05-13,NVDA,NVDA,7.740592956542969
2020-05-14,NVDA,NVDA,7.989827632904053
2020-05-15,NVDA,NVDA,8.447746276855469
2020-05-18,NVDA,NVDA,8.705928802490234
2020-05-19,NVDA,NVDA,8.760899543762207
2020-05-20,NVDA,NVDA,8.924568176269531
2020-05-21,NVDA,NVDA,8.730801582336426
2020-05-22,NVDA,NVDA,8.98052978515625
2020-05-26,NVDA,NVDA,8.67359447479248
2020-05-27,NVDA,NVDA,8.482068061828613
2020-05-28,NVDA,NVDA,8.444014549255371
2020-05-29,NVDA,NVDA,8.830547332763672
2020-06-01,NVDA,NVDA,8.761648178100586
2020-06-02,NVDA,NVDA,8.780549049377441
2020-06-03,NVDA,NVDA,8.725083351135254
2020-06-04,NVDA,NVDA,8.726078033447266
2020-06-05,NVDA,NVDA,8.878870964050293
2020-06-08,NVDA,NVDA,8.764398574829102
2020-06-09,NVDA,NVDA,9.004286766052246
2020-06-10,NVDA,NVDA,9.323558807373047
2020-06-11,NVDA,NVDA,8.75568962097168
2020-06-12,NVDA,NVDA,8.891311645507812
2020-06-15,NVDA,NVDA,9.131448745727539
2020-06-16,NVDA,NVDA,9.026681900024414
2020-06-17,NVDA,NVDA,9.193413734436035
2020-06-18,NVDA,NVDA,9.175496101379395
2020-06-19,NVDA,NVDA,9.218546867370605
2020-06-22,NVDA,NVDA,9.48282241821289
2020-06-23,NVDA,NVDA,9.406426429748535
2020-06-24,NVDA,NVDA,9.192914009094238
2020-06-25,NVDA,NVDA,9.44624137878418
2020-06-26,NVDA,NVDA,9.112783432006836
2020-06-29,NVDA,NVDA,9.157578468322754
2020-06-30,NVDA,NVDA,9.453953742980957
2020-07-01,NVDA,NVDA,9.486056327819824
2020-07-02,NVDA,NVDA,9.567926406860352
2020-07-06,NVDA,NVDA,9.793879508972168
2020-07-07,NVDA,NVDA,9.826229095458984
2020-07-08,NVDA,NVDA,10.16889476776123
2020-07-09,NVDA,NVDA,10.460540771484375
2020-07-10,NVDA,NVDA,10.430929183959961
2020-07-13,NVDA,NVDA,10.005897521972656
2020-07-14,NVDA,NVDA,10.329151153564453
2020-07-15,NVDA,NVDA,10.180091857910156
2020-07-16,NVDA,NVDA,10.088018417358398
2020-07-17,NVDA,NVDA,10.154459953308105
2020-07-20,NVDA,NVDA,10.46228313446045
2020-07-21,NVDA,NVDA,10.28087329864502
2020-07-22,NVDA,NVDA,10.390618324279785
2020-07-23,NVDA,NVDA,10.08304214477539
2020-07-24,NVDA,NVDA,10.147494316101074
2020-07-27,NVDA,NVDA,10.37344741821289
2020-07-28,NVDA,NVDA,10.168396949768066
2020-07-29,NVDA,NVDA,10.417243003845215
2020-07-30,NVDA,NVDA,10.565057754516602
2020-07-31,NVDA,NVDA,10.565804481506348
2020-08-03,NVDA,NVDA,10.95948314666748
2020-08-04,NVDA,NVDA,11.17597770690918
2020-08-05,NVDA,NVDA,11.234708786010742
2020-08-06,NVDA,NVDA,11.283233642578125
2020-08-07,NVDA,NVDA,11.147858619689941
2020-08-10,NVDA,NVDA,11.113517761230469
2020-08-11,NVDA,NVDA,10.799968719482422
2020-08-12,NVDA,NVDA,11.38749885559082
2020-08-13,NVDA,NVDA,11.390235900878906
2020-08-14,NVDA,NVDA,11.510676383972168
2020-08-17,NVDA,NVDA,12.280113220214844
2020-08-18,NVDA,NVDA,12.20421314239502
2020-08-19,NVDA,NVDA,12.082526206970215
2020-08-20,NVDA,NVDA,12.085015296936035
2020-08-21,NVDA,NVDA,12.62501335144043
2020-08-24,NVDA,NVDA,12.66159725189209
2020-08-25,NVDA,NVDA,12.69120979309082
2020-08-26,NVDA,NVDA,12.714103698730469
2020-08-27,NVDA,NVDA,12.57002067565918
2020-08-28,NVDA,NVDA,13.087126731872559
2020-08-31,NVDA,NVDA,13.31282901763916
2020-09-01,NVDA,NVDA,13.761385917663574
2020-09-02,NVDA,NVDA,14.284618377685547
2020-09-03,NVDA,NVDA,12.959362030029297
2020-09-04,NVDA,NVDA,12.568058013916016
2020-09-08,NVDA,NVDA,11.861618041992188
2020-09-09,NVDA,NVDA,12.660157203674316
2020-09-10,NVDA,NVDA,12.258646965026855
2020-09-11,NVDA,NVDA,12.112032890319824
2020-09-14,NVDA,NVDA,12.816728591918945
2020-09-15,NVDA,NVDA,12.934965133666992
2020-09-16,NVDA,NVDA,12.46052360534668
2020-09-17,NVDA,NVDA,12.409741401672363
2020-09-18,NVDA,NVDA,12.136674880981445
2020-09-21,NVDA,NVDA,12.463258743286133
2020-09-22,NVDA,NVDA,12.583242416381836
2020-09-23,NVDA,NVDA,12.071457862854004
2020-09-24,NVDA,NVDA,12.294739723205566
2020-09-25,NVDA,NVDA,12.818222999572754
2020-09-28,NVDA,NVDA,12.978779792785645
2020-09-29,NVDA,NVDA,13.168704986572266
2020-09-30,NVDA,NVDA,13.472139358520508
2020-10-01,NVDA,NVDA,13.555776596069336
2020-10-02,NVDA,NVDA,13.005910873413086
2020-10-05,NVDA,NVDA,13.58365535736084
2020-10-06,NVDA,NVDA,13.677250862121582
2020-10-07,NVDA,NVDA,13.903769493103027
2020-10-08,NVDA,NVDA,13.779062271118164
2020-10-09,NVDA,NVDA,13.703389167785645
2020-10-12,NVDA,NVDA,14.164639472961426
2020-10-13,NVDA,NVDA,14.186792373657227
2020-10-14,NVDA,NVDA,14.034453392028809
2020-10-15,NVDA,NVDA,13.909744262695312
2020-10-16,NVDA,NVDA,13.751927375793457
2020-10-19,NVDA,NVDA,13.439532279968262
2020-10-20,NVDA,NVDA,13.58664608001709
2020-10-21,NVDA,NVDA,13.466416358947754
2020-10-22,NVDA,NVDA,13.303370475769043
2020-10-23,NVDA,NVDA,13.531633377075195
2020-10-26,NVDA,NVDA,13.084567070007324
2020-10-27,NVDA,NVDA,13.338966369628906
2020-10-28,NVDA,NVDA,12.572534561157227
2020-10-29,NVDA,NVDA,12.967826843261719
2020-10-30,NVDA,NVDA,12.479936599731445
2020-11-02,NVDA,NVDA,12.526487350463867
2020-11-03,NVDA,NVDA,12.96334171295166
2020-11-04,NVDA,NVDA,13.734752655029297
2020-11-05,NVDA,NVDA,14.098926544189453
2020-11-06,NVDA,NVDA,14.49919319152832
2020-11-09,NVDA,NVDA,13.571956634521484
2020-11-10,NVDA,NVDA,12.714920997619629
2020-11-11,NVDA,NVDA,13.360125541687012
2020-11-12,NVDA,NVDA,13.398707389831543
2020-11-13,NVDA,NVDA,13.239645004272461
2020-11-16,NVDA,NVDA,13.456954002380371
2020-11-17,NVDA,NVDA,13.36435604095459
2020-11-18,NVDA,NVDA,13.370828628540039
2020-11-19,NVDA,NVDA,13.382280349731445
2020-11-20,NVDA,NVDA,13.03129768371582
2020-11-23,NVDA,NVDA,13.08332347869873
2020-11-24,NVDA,NVDA,12.901862144470215
2020-11-25,NVDA,NVDA,13.17766284942627
2020-11-27,NVDA,NVDA,13.20405101776123
2020-11-30,NVDA,NVDA,13.343696594238281
2020-12-01,NVDA,NVDA,13.332245826721191
2020-12-02,NVDA,NVDA,13.486079216003418
2020-12-03,NVDA,NVDA,13.342161178588867
2020-12-04,NVDA,NVDA,13.503758430480957
2020-12-07,NVDA,NVDA,13.55206298828125
2020-12-08,NVDA,NVDA,13.296342849731445
2020-12-09,NVDA,NVDA,12.878779411315918
2020-12-10,NVDA,NVDA,12.920112609863281
2020-12-11,NVDA,NVDA,12.960948944091797
2020-12-14,NVDA,NVDA,13.255258560180664
2020-12-15,NVDA,NVDA,13.306804656982422
2020-12-16,NVDA,NVDA,13.189277648925781
2020-12-17,NVDA,NVDA,13.28763198852539
2020-12-18,NVDA,NVDA,13.218661308288574
2020-12-21,NVDA,NVDA,13.278665542602539
2020-12-22,NVDA,NVDA,13.224884033203125
2020-12-23,NVDA,NVDA,12.956963539123535
2020-12-24,NVDA,NVDA,12.941527366638184
2020-12-28,NVDA,NVDA,12.84815502166748
2020-12-29,NVDA,NVDA,12.891228675842285
2020-12-30,NVDA,NVDA,13.092915534973145
2020-12-31,NVDA,NVDA,13.002531051635742
2021-01-04,NVDA,NVDA,13.060796737670898
2021-01-05,NVDA,NVDA,13.350873947143555
2021-01-06,NVDA,NVDA,12.563801765441895
2021-01-07,NVDA,NVDA,13.29036808013916
2021-01-08,NVDA,NVDA,13.223387718200684
2021-01-11,NVDA,NVDA,13.566755294799805
2021-01-12,NVDA,NVDA,13.43055534362793
2021-01-13,NVDA,NVDA,13.477364540100098
2021-01-14,NVDA,NVDA,13.147195816040039
2021-01-15,NVDA,NVDA,12.807816505432129
2021-01-19,NVDA,NVDA,12.972902297973633
2021-01-20,NVDA,NVDA,13.312031745910645
2021-01-21,NVDA,NVDA,13.811767578125
2021-01-22,NVDA,NVDA,13.657389640808105
2021-01-25,NVDA,NVDA,13.598373413085938
2021-01-26,NVDA,NVDA,13.381254196166992
2021-01-27,NVDA,NVDA,12.865833282470703
2021-01-28,NVDA,NVDA,12.998543739318848
2021-01-29,NVDA,NVDA,12.937544822692871
2021-02-01,NVDA,NVDA,13.18380069732666
2021-02-02,NVDA,NVDA,13.502263069152832
2021-02-03,NVDA,NVDA,13.476119995117188
2021-02-04,NVDA,NVDA,13.609330177307129
2021-02-05,NVDA,NVDA,13.536377906799316
2021-02-08,NVDA,NVDA,14.380720138549805
2021-02-09,NVDA,NVDA,14.205924034118652
2021-02-10,NVDA,NVDA,14.704910278320312
2021-02-11,NVDA,NVDA,15.189456939697266
2021-02-12,NVDA,NVDA,14.90112018585205
2021-02-16,NVDA,NVDA,15.268637657165527
2021-02-17,NVDA,NVDA,14.846091270446777
2021-02-18,NVDA,NVDA,14.769404411315918
2021-02-19,NVDA,NVDA,14.866508483886719
2021-02-22,NVDA,NVDA,14.298052787780762
2021-02-23,NVDA,NVDA,14.085163116455078
2021-02-24,NVDA,NVDA,14.440726280212402
2021-02-25,NVDA,NVDA,13.254015922546387
2021-02-26,NVDA,NVDA,13.659379959106445
2021-03-01,NVDA,NVDA,13.786120414733887
2021-03-02,NVDA,NVDA,13.352368354797363
2021-03-03,NVDA,NVDA,12.753288269042969
2021-03-04,NVDA,NVDA,12.320534706115723
2021-03-05,NVDA,NVDA,12.411416053771973
2021-03-08,NVDA,NVDA,11.546655654907227
2021-03-09,NVDA,NVDA,12.474233627319336
2021-03-10,NVDA,NVDA,12.422426223754883
2021-03-11,NVDA,NVDA,12.945741653442383
2021-03-12,NVDA,NVDA,12.808748245239258
2021-03-15,NVDA,NVDA,13.142768859863281
2021-03-16,NVDA,NVDA,13.242403030395508
2021-03-17,NVDA,NVDA,13.292218208312988
2021-03-18,NVDA,NVDA,12.675739288330078
2021-03-19,NVDA,NVDA,12.798537254333496
2021-03-22,NVDA,NVDA,13.137784957885742
2021-03-23,NVDA,NVDA,13.022712707519531
2021-03-24,NVDA,NVDA,12.596532821655273
2021-03-25,NVDA,NVDA,12.489179611206055
2021-03-26,NVDA,NVDA,12.792062759399414
2021-03-29,NVDA,NVDA,12.900660514831543
2021-03-30,NVDA,NVDA,12.824441909790039
2021-03-31,NVDA,NVDA,13.2991943359375
2021-04-01,NVDA,NVDA,13.760988235473633
2021-04-05,NVDA,NVDA,13.9360933303833
2021-04-06,NVDA,NVDA,13.810551643371582
2021-04-07,NVDA,NVDA,14.091520309448242
2021-04-08,NVDA,NVDA,14.26438045501709
2021-04-09,NVDA,NVDA,14.347077369689941
2021-04-12,NVDA,NVDA,15.153101921081543
2021-04-13,NVDA,NVDA,15.621872901916504
2021-04-14,NVDA,NVDA,15.22085189819336
2021-04-15,NVDA,NVDA,16.077938079833984
2021-04-16,NVDA,NVDA,15.854015350341797
2021-04-19,NVDA,NVDA,15.30528736114502
2021-04-20,NVDA,NVDA,15.11549186706543
2021-04-21,NVDA,NVDA,15.304044723510742
2021-04-22,NVDA,NVDA,14.795668601989746
2021-04-23,NVDA,NVDA,15.209144592285156
2021-04-26,NVDA,NVDA,15.421113014221191
2021-04-27,NVDA,NVDA,15.325216293334961
2021-04-28,NVDA,NVDA,15.220602989196777
2021-04-29,NVDA,NVDA,15.268426895141602
2021-04-30,NVDA,NVDA,14.95433521270752
2021-05-03,NVDA,NVDA,14.782217979431152
2021-05-04,NVDA,NVDA,14.298504829406738
2021-05-05,NVDA,NVDA,14.405362129211426
2021-05-06,NVDA,NVDA,14.469622611999512
2021-05-07,NVDA,NVDA,14.757808685302734
2021-05-10,NVDA,NVDA,14.21331787109375
2021-05-11,NVDA,NVDA,14.253670692443848
2021-05-12,NVDA,NVDA,13.70793342590332
2021-05-13,NVDA,NVDA,13.615023612976074
2021-05-14,NVDA,NVDA,14.190654754638672
2021-05-17,NVDA,NVDA,14.113434791564941
2021-05-18,NVDA,NVDA,13.964239120483398
2021-05-19,NVDA,NVDA,14.014052391052246
2021-05-20,NVDA,NVDA,14.558794975280762
2021-05-21,NVDA,NVDA,14.936651229858398
2021-05-24,NVDA,NVDA,15.554619789123535
2021-05-25,NVDA,NVDA,15.590239524841309
2021-05-26,NVDA,NVDA,15.642297744750977
2021-05-27,NVDA,NVDA,15.431075096130371
2021-05-28,NVDA,NVDA,16.184791564941406
2021-06-01,NVDA,NVDA,16.204721450805664
2021-06-02,NVDA,NVDA,16.716583251953125
2021-06-03,NVDA,NVDA,16.907381057739258
2021-06-04,NVDA,NVDA,17.513643264770508
2021-06-07,NVDA,NVDA,17.55424690246582
2021-06-08,NVDA,NVDA,17.39284324645996
2021-06-09,NVDA,NVDA,17.29842185974121
2021-06-10,NVDA,NVDA,17.36493492126465
2021-06-11,NVDA,NVDA,17.76380729675293
2021-06-14,NVDA,NVDA,17.956642150878906
2021-06-15,NVDA,NVDA,17.727182388305664
2021-06-16,NVDA,NVDA,17.748859405517578
2021-06-17,NVDA,NVDA,18.592937469482422
2021-06-18,NVDA,NVDA,18.57450294494629
2021-06-21,NVDA,NVDA,18.363733291625977
2021-06-22,NVDA,NVDA,18.821645736694336
2021-06-23,NVDA,NVDA,18.991561889648438
2021-06-24,NVDA,NVDA,19.139299392700195
2021-06-25,NVDA,NVDA,18.965404510498047
2021-06-28,NVDA,NVDA,19.916114807128906
2021-06-29,NVDA,NVDA,19.957719802856445
2021-06-30,NVDA,NVDA,19.93355369567871
2021-07-01,NVDA,NVDA,20.14232635498047
2021-07-02,NVDA,NVDA,20.416378021240234
2021-07-06,NVDA,NVDA,20.62714958190918
2021-07-07,NVDA,NVDA,20.301523208618164
2021-07-08,NVDA,NVDA,19.83414649963379
2021-07-09,NVDA,NVDA,19.981136322021484
2021-07-12,NVDA,NVDA,20.441797256469727
2021-07-13,NVDA,NVDA,20.180198669433594
2021-07-14,NVDA,NVDA,19.773103713989258
2021-07-15,NVDA,NVDA,18.900875091552734
2021-07-16,NVDA,NVDA,18.098398208618164
2021-07-19,NVDA,NVDA,18.71501350402832
2021-07-20,NVDA,NVDA,18.5478458404541
2021-07-21,NVDA,NVDA,19.343097686767578
2021-07-22,NVDA,NVDA,19.526456832885742
2021-07-23,NVDA,NVDA,19.49058723449707
2021-07-26,NVDA,NVDA,19.227493286132812
2021-07-27,NVDA,NVDA,19.141794204711914
2021-07-28,NVDA,NVDA,19.435773849487305
2021-07-29,NVDA,NVDA,19.594228744506836
2021-07-30,NVDA,NVDA,19.431791305541992
2021-08-02,NVDA,NVDA,19.681922912597656
2021-08-03,NVDA,NVDA,19.746700286865234
2021-08-04,NVDA,NVDA,20.204116821289062
2021-08-05,NVDA,NVDA,20.565868377685547
2021-08-06,NVDA,NVDA,20.295795440673828
2021-08-09,NVDA,NVDA,20.22504425048828
2021-08-10,NVDA,NVDA,19.86728286743164
2021-08-11,NVDA,NVDA,19.63109588623047
2021-08-12,NVDA,NVDA,19.836389541625977
2021-08-13,NVDA,NVDA,20.11841583251953
2021-08-16,NVDA,NVDA,19.8812313079834
2021-08-17,NVDA,NVDA,19.390926361083984
2021-08-18,NVDA,NVDA,18.974369049072266
2021-08-19,NVDA,NVDA,19.72975730895996
2021-08-20,NVDA,NVDA,20.744251251220703
2021-08-23,NVDA,NVDA,21.88231086730957
2021-08-24,NVDA,NVDA,21.717878341674805
2021-08-25,NVDA,NVDA,22.136430740356445
2021-08-26,NVDA,NVDA,21.991933822631836
2021-08-27,NVDA,NVDA,22.5579776763916
2021-08-30,NVDA,NVDA,22.60979652404785
2021-08-31,NVDA,NVDA,22.3117733001709
2021-09-01,NVDA,NVDA,22.367589950561523
2021-09-02,NVDA,NVDA,22.322738647460938
2021-09-03,NVDA,NVDA,22.768278121948242
2021-09-07,NVDA,NVDA,22.587871551513672
2021-09-08,NVDA,NVDA,22.265926361083984
2021-09-09,NVDA,NVDA,22.104454040527344
2021-09-10,NVDA,NVDA,22.404468536376953
2021-09-13,NVDA,NVDA,22.07953453063965
2021-09-14,NVDA,NVDA,22.169239044189453
2021-09-15,NVDA,NVDA,22.267915725708008
2021-09-16,NVDA,NVDA,22.169239044189453
2021-09-17,NVDA,NVDA,21.82836151123047
2021-09-20,NVDA,NVDA,21.04393196105957
2021-09-21,NVDA,NVDA,21.176494598388672
2021-09-22,NVDA,NVDA,21.869226455688477
2021-09-23,NVDA,NVDA,22.4084529876709
2021-09-24,NVDA,NVDA,22.008766174316406
2021-09-27,NVDA,NVDA,21.589147567749023
2021-09-28,NVDA,NVDA,20.63128662109375
2021-09-29,NVDA,NVDA,20.44988441467285
2021-09-30,NVDA,NVDA,20.64823341369629
2021-10-01,NVDA,NVDA,20.674148559570312
2021-10-04,NVDA,NVDA,19.667449951171875
2021-10-05,NVDA,NVDA,20.384098052978516
2021-10-06,NVDA,NVDA,20.632287979125977
2021-10-07,NVDA,NVDA,21.006059646606445
2021-10-08,NVDA,NVDA,20.762853622436523
2021-10-11,NVDA,NVDA,20.62729835510254
2021-10-12,NVDA,NVDA,20.603378295898438
2021-10-13,NVDA,NVDA,20.87050437927246
2021-10-14,NVDA,NVDA,21.674863815307617
2021-10-15,NVDA,NVDA,21.790483474731445
2021-10-18,NVDA,NVDA,22.14930534362793
2021-10-19,NVDA,NVDA,22.217084884643555
2021-10-20,NVDA,NVDA,22.030696868896484
2021-10-21,NVDA,NVDA,22.617769241333008
2021-10-22,NVDA,NVDA,22.651657104492188
2021-10-25,NVDA,NVDA,23.0902156829834
2021-10-26,NVDA,NVDA,24.636140823364258
2021-10-27,NVDA,NVDA,24.371017456054688
2021-10-28,NVDA,NVDA,24.85941505432129
2021-10-29,NVDA,NVDA,25.48335838317871
2021-11-01,NVDA,NVDA,25.74251365661621
2021-11-02,NVDA,NVDA,26.31463623046875
2021-11-03,NVDA,NVDA,26.510988235473633
2021-11-04,NVDA,NVDA,29.703516006469727
2021-11-05,NVDA,NVDA,29.654674530029297
2021-11-08,NVDA,NVDA,30.703229904174805
2021-11-09,NVDA,NVDA,30.55670928955078
2021-11-10,NVDA,NVDA,29.362634658813477
2021-11-11,NVDA,NVDA,30.290586471557617
2021-11-12,NVDA,NVDA,30.290586471557617
2021-11-15,NVDA,NVDA,29.926780700683594
2021-11-16,NVDA,NVDA,30.104196548461914
2021-11-17,NVDA,NVDA,29.165281295776367
2021-11-18,NVDA,NVDA,31.57138442993164
2021-11-19,NVDA,NVDA,32.87709426879883
2021-11-22,NVDA,NVDA,31.85146141052246
2021-11-23,NVDA,NVDA,31.64215087890625
2021-11-24,NVDA,NVDA,32.567115783691406
2021-11-26,NVDA,NVDA,31.399946212768555
2021-11-29,NVDA,NVDA,33.266822814941406
2021-11-30,NVDA,NVDA,32.569095611572266
2021-12-01,NVDA,NVDA,31.336000442504883
2021-12-02,NVDA,NVDA,32.02483367919922
2021-12-03,NVDA,NVDA,30.596342086791992
2021-12-06,NVDA,NVDA,29.94240951538086
2021-12-07,NVDA,NVDA,32.324886322021484
2021-12-08,NVDA,NVDA,31.72577476501465
2021-12-09,NVDA,NVDA,30.39398193359375
2021-12-10,NVDA,NVDA,30.102903366088867
2021-12-13,NVDA,NVDA,28.072311401367188
2021-12-14,NVDA,NVDA,28.24776268005371
2021-12-15,NVDA,NVDA,30.36307716369629
2021-12-16,NVDA,NVDA,28.2976016998291
2021-12-17,NVDA,NVDA,27.71344757080078
2021-12-20,NVDA,NVDA,27.63170623779297
2021-12-21,NVDA,NVDA,28.983436584472656
2021-12-22,NVDA,NVDA,29.307415008544922
2021-12-23,NVDA,NVDA,29.546653747558594
2021-12-27,NVDA,NVDA,30.84754753112793
2021-12-28,NVDA,NVDA,30.22650909423828
2021-12-29,NVDA,NVDA,29.906518936157227
2021-12-30,NVDA,NVDA,29.49282455444336
2021-12-31,NVDA,NVDA,29.318378448486328
2022-01-03,NVDA,NVDA,30.026145935058594
2022-01-04,NVDA,NVDA,29.19776725769043
2022-01-05,NVDA,NVDA,27.517066955566406
2022-01-06,NVDA,NVDA,28.089263916015625
2022-01-07,NVDA,NVDA,27.16119384765625
2022-01-10,NVDA,NVDA,27.313711166381836
2022-01-11,NVDA,NVDA,27.729402542114258
2022-01-12,NVDA,NVDA,27.91082763671875
2022-01-13,NVDA,NVDA,26.491310119628906
2022-01-14,NVDA,NVDA,26.85715103149414
2022-01-18,NVDA,NVDA,25.82142448425293
2022-01-19,NVDA,NVDA,24.988061904907227
2022-01-20,NVDA,NVDA,24.073944091796875
2022-01-21,NVDA,NVDA,23.300390243530273
2022-01-24,NVDA,NVDA,23.29839324951172
2022-01-25,NVDA,NVDA,22.25369644165039
2022-01-26,NVDA,NVDA,22.700288772583008
2022-01-27,NVDA,NVDA,21.874895095825195
2022-01-28,NVDA,NVDA,22.7680721282959
2022-01-31,NVDA,NVDA,24.40888786315918
2022-02-01,NVDA,NVDA,24.560409545898438
2022-02-02,NVDA,NVDA,25.162506103515625
2022-02-03,NVDA,NVDA,23.87257957458496
2022-02-04,NVDA,NVDA,24.242414474487305
2022-02-07,NVDA,NVDA,24.650129318237305
2022-02-08,NVDA,NVDA,25.028928756713867
2022-02-09,NVDA,NVDA,26.62090301513672
2022-02-10,NVDA,NVDA,25.74267578125
2022-02-11,NVDA,NVDA,23.87357521057129
2022-02-14,NVDA,NVDA,24.190582275390625
2022-02-15,NVDA,NVDA,26.411563873291016
2022-02-16,NVDA,NVDA,26.427513122558594
2022-02-17,NVDA,NVDA,24.429824829101562
2022-02-18,NVDA,NVDA,23.567543029785156
2022-02-22,NVDA,NVDA,23.31633758544922
2022-02-23,NVDA,NVDA,22.316495895385742
2022-02-24,NVDA,NVDA,23.6732120513916
2022-02-25,NVDA,NVDA,24.0809268951416
2022-02-28,NVDA,NVDA,24.30820083618164
2022-03-01,NVDA,NVDA,23.403060913085938
2022-03-02,NVDA,NVDA,24.147836685180664
2022-03-03,NVDA,NVDA,23.64335060119629
2022-03-04,NVDA,NVDA,22.8676700592041
2022-03-07,NVDA,NVDA,21.288381576538086
2022-03-08,NVDA,NVDA,21.44990348815918
2022-03-09,NVDA,NVDA,22.945430755615234
2022-03-10,NVDA,NVDA,22.590496063232422
2022-03-11,NVDA,NVDA,22.034154891967773
2022-03-14,NVDA,NVDA,21.266447067260742
2022-03-15,NVDA,NVDA,22.90455436706543
2022-03-16,NVDA,NVDA,24.423017501831055
2022-03-17,NVDA,NVDA,24.692214965820312
2022-03-18,NVDA,NVDA,26.37418556213379
2022-03-21,NVDA,NVDA,26.654348373413086
2022-03-22,NVDA,NVDA,26.444978713989258
2022-03-23,NVDA,NVDA,25.557626724243164
2022-03-24,NVDA,NVDA,28.066137313842773
2022-03-25,NVDA,NVDA,27.609493255615234
2022-03-28,NVDA,NVDA,28.134925842285156
2022-03-29,NVDA,NVDA,28.57062339782715
2022-03-30,NVDA,NVDA,27.607501983642578
2022-03-31,NVDA,NVDA,27.204702377319336
2022-04-01,NVDA,NVDA,26.632415771484375
2022-04-04,NVDA,NVDA,27.27848243713379
2022-04-05,NVDA,NVDA,25.85374641418457
2022-04-06,NVDA,NVDA,24.334280014038086
2022-04-07,NVDA,NVDA,24.13587760925293
2022-04-08,NVDA,NVDA,23.05011558532715
2022-04-11,NVDA,NVDA,21.851699829101562
2022-04-12,NVDA,NVDA,21.439931869506836
2022-04-13,NVDA,NVDA,22.1368465423584
2022-04-14,NVDA,NVDA,21.194664001464844
2022-04-18,NVDA,NVDA,21.718101501464844
2022-04-19,NVDA,NVDA,22.13187026977539
2022-04-20,NVDA,NVDA,21.417999267578125
2022-04-21,NVDA,NVDA,20.12287139892578
2022-04-22,NVDA,NVDA,19.456857681274414
2022-04-25,NVDA,NVDA,19.84270668029785
2022-04-26,NVDA,NVDA,18.73202133178711
2022-04-27,NVDA,NVDA,18.360136032104492
2022-04-28,NVDA,NVDA,19.723060607910156
2022-04-29,NVDA,NVDA,18.491737365722656
2022-05-02,NVDA,NVDA,19.474807739257812
2022-05-03,NVDA,NVDA,19.54360008239746
2022-05-04,NVDA,NVDA,20.273418426513672
2022-05-05,NVDA,NVDA,18.78785514831543
2022-05-06,NVDA,NVDA,18.61935806274414
2022-05-09,NVDA,NVDA,16.899499893188477
2022-05-10,NVDA,NVDA,17.54257583618164
2022-05-11,NVDA,NVDA,16.580455780029297
2022-05-12,NVDA,NVDA,16.126808166503906
2022-05-13,NVDA,NVDA,17.653249740600586
2022-05-16,NVDA,NVDA,17.212560653686523
2022-05-17,NVDA,NVDA,18.122840881347656
2022-05-18,NVDA,NVDA,16.88753318786621
2022-05-19,NVDA,NVDA,17.072982788085938
2022-05-20,NVDA,NVDA,16.644264221191406
2022-05-23,NVDA,NVDA,16.84765625
2022-05-24,NVDA,NVDA,16.105873107910156
2022-05-25,NVDA,NVDA,16.924427032470703
2022-05-26,NVDA,NVDA,17.797813415527344
2022-05-27,NVDA,NVDA,18.754955291748047
2022-05-31,NVDA,NVDA,18.61636734008789
2022-06-01,NVDA,NVDA,18.265417098999023
2022-06-02,NVDA,NVDA,19.53362274169922
2022-06-03,NVDA,NVDA,18.664228439331055
2022-06-06,NVDA,NVDA,18.730030059814453
2022-06-07,NVDA,NVDA,18.869613647460938
2022-06-08,NVDA,NVDA,18.59637451171875
2022-06-09,NVDA,NVDA,17.998031616210938
2022-06-10,NVDA,NVDA,16.9270076751709
2022-06-13,NVDA,NVDA,15.603677749633789
2022-06-14,NVDA,NVDA,15.792157173156738
2022-06-15,NVDA,NVDA,16.481243133544922
2022-06-16,NVDA,NVDA,15.557806968688965
2022-06-17,NVDA,NVDA,15.836034774780273
2022-06-21,NVDA,NVDA,16.5201358795166
2022-06-22,NVDA,NVDA,16.31470489501953
2022-06-23,NVDA,NVDA,16.180078506469727
2022-06-24,NVDA,NVDA,17.07858657836914
2022-06-27,NVDA,NVDA,16.822298049926758
2022-06-28,NVDA,NVDA,15.937753677368164
2022-06-29,NVDA,NVDA,15.498970031738281
2022-06-30,NVDA,NVDA,15.117030143737793
2022-07-01,NVDA,NVDA,14.482791900634766
2022-07-05,NVDA,NVDA,14.922571182250977
2022-07-06,NVDA,NVDA,15.088112831115723
2022-07-07,NVDA,NVDA,15.814096450805664
2022-07-08,NVDA,NVDA,15.794150352478027
2022-07-11,NVDA,NVDA,15.110050201416016
2022-07-12,NVDA,NVDA,15.040243148803711
2022-07-13,NVDA,NVDA,15.122016906738281
2022-07-14,NVDA,NVDA,15.32944107055664
2022-07-15,NVDA,NVDA,15.718360900878906
2022-07-18,NVDA,NVDA,16.05642318725586
2022-07-19,NVDA,NVDA,16.944955825805664
2022-07-20,NVDA,NVDA,17.75769805908203
2022-07-21,NVDA,NVDA,18.000028610229492
2022-07-22,NVDA,NVDA,17.27104949951172
2022-07-25,NVDA,NVDA,16.976865768432617
2022-07-26,NVDA,NVDA,16.487224578857422
2022-07-27,NVDA,NVDA,17.740747451782227
2022-07-28,NVDA,NVDA,17.9342098236084
2022-07-29,NVDA,NVDA,18.112716674804688
2022-08-01,NVDA,NVDA,18.38994598388672
2022-08-02,NVDA,NVDA,18.47470474243164
2022-08-03,NVDA,NVDA,18.84069061279297
2022-08-04,NVDA,NVDA,19.16179847717285
2022-08-05,NVDA,NVDA,18.93642807006836
2022-08-08,NVDA,NVDA,17.743738174438477
2022-08-09,NVDA,NVDA,17.038694381713867
2022-08-10,NVDA,NVDA,18.046897888183594
2022-08-11,NVDA,NVDA,17.89232635498047
2022-08-12,NVDA,NVDA,18.657201766967773
2022-08-15,NVDA,NVDA,18.979312896728516
2022-08-16,NVDA,NVDA,18.826730728149414
2022-08-17,NVDA,NVDA,18.284236907958984
2022-08-18,NVDA,NVDA,18.721023559570312
2022-08-19,NVDA,NVDA,17.79958724975586
2022-08-22,NVDA,NVDA,16.986841201782227
2022-08-23,NVDA,NVDA,17.13343048095703
2022-08-24,NVDA,NVDA,17.17431640625
2022-08-25,NVDA,NVDA,17.8634033203125
2022-08-26,NVDA,NVDA,16.21498680114746
2022-08-29,NVDA,NVDA,15.757253646850586
2022-08-30,NVDA,NVDA,15.425176620483398
2022-08-31,NVDA,NVDA,15.052210807800293
2022-09-01,NVDA,NVDA,13.898414611816406
2022-09-02,NVDA,NVDA,13.609216690063477
2022-09-06,NVDA,NVDA,13.427722930908203
2022-09-07,NVDA,NVDA,13.680096626281738
2022-09-08,NVDA,NVDA,13.955412864685059
2022-09-09,NVDA,NVDA,14.351431846618652
2022-09-12,NVDA,NVDA,14.469141006469727
2022-09-13,NVDA,NVDA,13.098536491394043
2022-09-14,NVDA,NVDA,13.095544815063477
2022-09-15,NVDA,NVDA,12.897035598754883
2022-09-16,NVDA,NVDA,13.16537094116211
2022-09-19,NVDA,NVDA,13.348917961120605
2022-09-20,NVDA,NVDA,13.143424034118652
2022-09-21,NVDA,NVDA,13.228216171264648
2022-09-22,NVDA,NVDA,12.529946327209473
2022-09-23,NVDA,NVDA,12.48505687713623
2022-09-26,NVDA,NVDA,12.197769165039062
2022-09-27,NVDA,NVDA,12.38231372833252
2022-09-28,NVDA,NVDA,12.704513549804688
2022-09-29,NVDA,NVDA,12.189788818359375
2022-09-30,NVDA,NVDA,12.108987808227539
2022-10-03,NVDA,NVDA,12.481067657470703
2022-10-04,NVDA,NVDA,13.13444709777832
2022-10-05,NVDA,NVDA,13.176342964172363
2022-10-06,NVDA,NVDA,13.097538948059082
2022-10-07,NVDA,NVDA,12.046144485473633
2022-10-10,NVDA,NVDA,11.64114761352539
2022-10-11,NVDA,NVDA,11.557357788085938
2022-10-12,NVDA,NVDA,11.471569061279297
2022-10-13,NVDA,NVDA,11.93043041229248
2022-10-14,NVDA,NVDA,11.199243545532227
2022-10-17,NVDA,NVDA,11.858610153198242
2022-10-18,NVDA,NVDA,11.93741512298584
2022-10-19,NVDA,NVDA,12.021207809448242
2022-10-20,NVDA,NVDA,12.163851737976074
2022-10-21,NVDA,NVDA,12.435181617736816
2022-10-24,NVDA,NVDA,12.567852973937988
2022-10-25,NVDA,NVDA,13.228216171264648
2022-10-26,NVDA,NVDA,12.864116668701172
2022-10-27,NVDA,NVDA,13.143424034118652
2022-10-28,NVDA,NVDA,13.799798965454102
2022-10-31,NVDA,NVDA,13.463629722595215
2022-11-01,NVDA,NVDA,13.50951862335205
2022-11-02,NVDA,NVDA,13.186318397521973
2022-11-03,NVDA,NVDA,13.387821197509766
2022-11-04,NVDA,NVDA,14.121003150939941
2022-11-07,NVDA,NVDA,14.265643119812012
2022-11-08,NVDA,NVDA,14.565900802612305
2022-11-09,NVDA,NVDA,13.741942405700684
2022-11-10,NVDA,NVDA,15.711060523986816
2022-11-11,NVDA,NVDA,16.286636352539062
2022-11-14,NVDA,NVDA,16.25471305847168
2022-11-15,NVDA,NVDA,16.624797821044922
2022-11-16,NVDA,NVDA,15.87066650390625
2022-11-17,NVDA,NVDA,15.638242721557617
2022-11-18,NVDA,NVDA,15.370905876159668
2022-11-21,NVDA,NVDA,15.279131889343262
2022-11-22,NVDA,NVDA,15.998353004455566
2022-11-23,NVDA,NVDA,16.478164672851562
2022-11-25,NVDA,NVDA,16.22977638244629
2022-11-28,NVDA,NVDA,15.787871360778809
2022-11-29,NVDA,NVDA,15.600335121154785
2022-11-30,NVDA,NVDA,16.885480880737305
2022-12-01,NVDA,NVDA,17.09701156616211
2022-12-02,NVDA,NVDA,16.83858299255371
2022-12-05,NVDA,NVDA,16.57317352294922
2022-12-06,NVDA,NVDA,15.951556205749512
2022-12-07,NVDA,NVDA,16.084260940551758
2022-12-08,NVDA,NVDA,17.130937576293945
2022-12-09,NVDA,NVDA,16.963306427001953
2022-12-12,NVDA,NVDA,17.49612808227539
2022-12-13,NVDA,NVDA,18.031932830810547
2022-12-14,NVDA,NVDA,17.634815216064453
2022-12-15,NVDA,NVDA,16.914419174194336
2022-12-16,NVDA,NVDA,16.534257888793945
2022-12-19,NVDA,NVDA,16.21796417236328
2022-12-20,NVDA,NVDA,16.049335479736328
2022-12-21,NVDA,NVDA,16.46441650390625
2022-12-22,NVDA,NVDA,15.304991722106934
2022-12-23,NVDA,NVDA,15.172286987304688
2022-12-27,NVDA,NVDA,14.089693069458008
2022-12-28,NVDA,NVDA,14.004881858825684
2022-12-29,NVDA,NVDA,14.570624351501465
2022-12-30,NVDA,NVDA,14.581599235534668
2023-01-03,NVDA,NVDA,14.283263206481934
2023-01-04,NVDA,NVDA,14.716301918029785
2023-01-05,NVDA,NVDA,14.23337459564209
2023-01-06,NVDA,NVDA,14.826055526733398
2023-01-09,NVDA,NVDA,15.593351364135742
2023-01-10,NVDA,NVDA,15.873729705810547
2023-01-11,NVDA,NVDA,15.965524673461914
2023-01-12,NVDA,NVDA,16.474393844604492
2023-01-13,NVDA,NVDA,16.861530303955078
2023-01-17,NVDA,NVDA,17.662755966186523
2023-01-18,NVDA,NVDA,17.338476181030273
2023-01-19,NVDA,NVDA,16.727828979492188
2023-01-20,NVDA,NVDA,17.79945182800293
2023-01-23,NVDA,NVDA,19.150449752807617
2023-01-24,NVDA,NVDA,19.222288131713867
2023-01-25,NVDA,NVDA,19.280160903930664
2023-01-26,NVDA,NVDA,19.758100509643555
2023-01-27,NVDA,NVDA,20.319849014282227
2023-01-30,NVDA,NVDA,19.11952018737793
2023-01-31,NVDA,NVDA,19.49368667602539
2023-02-01,NVDA,NVDA,20.896570205688477
2023-02-02,NVDA,NVDA,21.660869598388672
2023-02-03,NVDA,NVDA,21.053218841552734
2023-02-06,NVDA,NVDA,21.04224395751953
2023-02-07,NVDA,NVDA,22.123844146728516
2023-02-08,NVDA,NVDA,22.15576934814453
2023-02-09,NVDA,NVDA,22.287479400634766
2023-02-10,NVDA,NVDA,21.21785545349121
2023-02-13,NVDA,NVDA,21.73969268798828
2023-02-14,NVDA,NVDA,22.920068740844727
2023-02-15,NVDA,NVDA,22.71352767944336
2023-02-16,NVDA,NVDA,21.95322036743164
2023-02-17,NVDA,NVDA,21.34058380126953
2023-02-21,NVDA,NVDA,20.609209060668945
2023-02-22,NVDA,NVDA,20.70798683166504
2023-02-23,NVDA,NVDA,23.611534118652344
2023-02-24,NVDA,NVDA,23.234375
2023-02-27,NVDA,NVDA,23.44889259338379
2023-02-28,NVDA,NVDA,23.164527893066406
2023-03-01,NVDA,NVDA,22.647674560546875
2023-03-02,NVDA,NVDA,23.262319564819336
2023-03-03,NVDA,NVDA,23.837034225463867
2023-03-06,NVDA,NVDA,23.501779556274414
2023-03-07,NVDA,NVDA,23.24031639099121
2023-03-08,NVDA,NVDA,24.131488800048828
2023-03-09,NVDA,NVDA,23.38801383972168
2023-03-10,NVDA,NVDA,22.917978286743164
2023-03-13,NVDA,NVDA,22.91897201538086
2023-03-14,NVDA,NVDA,24.013729095458984
2023-03-15,NVDA,NVDA,24.17839241027832
2023-03-16,NVDA,NVDA,25.488704681396484
2023-03-17,NVDA,NVDA,25.67232322692871
2023-03-20,NVDA,NVDA,25.846967697143555
2023-03-21,NVDA,NVDA,26.145355224609375
2023-03-22,NVDA,NVDA,26.413803100585938
2023-03-23,NVDA,NVDA,27.135326385498047
2023-03-24,NVDA,NVDA,26.724166870117188
2023-03-27,NVDA,NVDA,26.476675033569336
2023-03-28,NVDA,NVDA,26.355924606323242
2023-03-29,NVDA,NVDA,26.928747177124023
2023-03-30,NVDA,NVDA,27.32693099975586
2023-03-31,NVDA,NVDA,27.720125198364258
2023-04-03,NVDA,NVDA,27.907739639282227
2023-04-04,NVDA,NVDA,27.396785736083984
2023-04-05,NVDA,NVDA,26.825960159301758
2023-04-06,NVDA,NVDA,26.981637954711914
2023-04-10,NVDA,NVDA,27.52252960205078
2023-04-11,NVDA,NVDA,27.11336898803711
2023-04-12,NVDA,NVDA,26.44074821472168
2023-04-13,NVDA,NVDA,26.408811569213867
2023-04-14,NVDA,NVDA,26.703210830688477
2023-04-17,NVDA,NVDA,26.94671058654785
2023-04-18,NVDA,NVDA,27.610349655151367
2023-04-19,NVDA,NVDA,27.873807907104492
2023-04-20,NVDA,NVDA,27.048500061035156
2023-04-21,NVDA,NVDA,27.0634708404541
2023-04-24,NVDA,NVDA,26.986629486083984
2023-04-25,NVDA,NVDA,26.18726921081543
2023-04-26,NVDA,NVDA,26.900802612304688
2023-04-27,NVDA,NVDA,27.170251846313477
2023-04-28,NVDA,NVDA,27.692182540893555
2023-05-01,NVDA,NVDA,28.850805282592773
2023-05-02,NVDA,NVDA,28.15223503112793
2023-05-03,NVDA,NVDA,27.745075225830078
2023-05-04,NVDA,NVDA,27.505563735961914
2023-05-05,NVDA,NVDA,28.62127685546875
2023-05-08,NVDA,NVDA,29.0913143157959
2023-05-09,NVDA,NVDA,28.51249885559082
2023-05-10,NVDA,NVDA,28.825855255126953
2023-05-11,NVDA,NVDA,28.51947784423828
2023-05-12,NVDA,NVDA,28.281970977783203
2023-05-15,NVDA,NVDA,28.89371681213379
2023-05-16,NVDA,NVDA,29.153182983398438
2023-05-17,NVDA,NVDA,30.116207122802734
2023-05-18,NVDA,NVDA,31.613136291503906
2023-05-19,NVDA,NVDA,31.199983596801758
2023-05-22,NVDA,NVDA,31.112163543701172
2023-05-23,NVDA,NVDA,30.625164031982422
2023-05-24,NVDA,NVDA,30.47547149658203
2023-05-25,NVDA,NVDA,37.9022331237793
2023-05-26,NVDA,NVDA,38.86625671386719
2023-05-30,NVDA,NVDA,40.02887725830078
2023-05-31,NVDA,NVDA,37.75653839111328
2023-06-01,NVDA,NVDA,39.688568115234375
2023-06-02,NVDA,NVDA,39.24646759033203
2023-06-05,NVDA,NVDA,39.090789794921875
2023-06-06,NVDA,NVDA,38.574851989746094
2023-06-07,NVDA,NVDA,37.402130126953125
2023-06-08,NVDA,NVDA,38.435123443603516
2023-06-09,NVDA,NVDA,38.69462203979492
2023-06-12,NVDA,NVDA,39.405242919921875
2023-06-13,NVDA,NVDA,40.94224166870117
2023-06-14,NVDA,NVDA,42.91340637207031
2023-06-15,NVDA,NVDA,42.570072174072266
2023-06-16,NVDA,NVDA,42.608985900878906
2023-06-20,NVDA,NVDA,43.72282409667969
2023-06-21,NVDA,NVDA,42.96131134033203
2023-06-22,NVDA,NVDA,42.94134521484375
2023-06-23,NVDA,NVDA,42.12693405151367
2023-06-26,NVDA,NVDA,40.553001403808594
2023-06-27,NVDA,NVDA,41.794578552246094
2023-06-28,NVDA,NVDA,41.037052154541016
2023-06-29,NVDA,NVDA,40.74262619018555
2023-06-30,NVDA,NVDA,42.21975326538086
2023-07-03,NVDA,NVDA,42.330528259277344
2023-07-05,NVDA,NVDA,42.23472595214844
2023-07-06,NVDA,NVDA,42.02114486694336
2023-07-07,NVDA,NVDA,42.42035675048828
2023-07-10,NVDA,NVDA,42.097991943359375
2023-07-11,NVDA,NVDA,42.322547912597656
2023-07-12,NVDA,NVDA,43.81663131713867
2023-07-13,NVDA,NVDA,45.88761520385742
2023-07-14,NVDA,NVDA,45.38059616088867
2023-07-17,NVDA,NVDA,46.37066650390625
2023-07-18,NVDA,NVDA,47.40165328979492
2023-07-19,NVDA,NVDA,46.98546600341797
2023-07-20,NVDA,NVDA,45.431488037109375
2023-07-21,NVDA,NVDA,44.22284698486328
2023-07-24,NVDA,NVDA,44.5252571105957
2023-07-25,NVDA,NVDA,45.59018325805664
2023-07-26,NVDA,NVDA,45.363624572753906
2023-07-27,NVDA,NVDA,45.81075668334961
2023-07-28,NVDA,NVDA,46.65910720825195
2023-07-31,NVDA,NVDA,46.63813781738281
2023-08-01,NVDA,NVDA,46.416568756103516
2023-08-02,NVDA,NVDA,44.182926177978516
2023-08-03,NVDA,NVDA,44.42845153808594
2023-08-04,NVDA,NVDA,44.5931282043457
2023-08-07,NVDA,NVDA,45.32870101928711
2023-08-08,NVDA,NVDA,44.57716369628906
2023-08-09,NVDA,NVDA,42.47126388549805
2023-08-10,NVDA,NVDA,42.30559158325195
2023-08-11,NVDA,NVDA,40.775569915771484
2023-08-14,NVDA,NVDA,43.667930603027344
2023-08-15,NVDA,NVDA,43.85456848144531
2023-08-16,NVDA,NVDA,43.40144348144531
2023-08-17,NVDA,NVDA,43.259727478027344
2023-08-18,NVDA,NVDA,43.21480941772461
2023-08-21,NVDA,NVDA,46.87568283081055
2023-08-22,NVDA,NVDA,45.579200744628906
2023-08-23,NVDA,NVDA,47.02439880371094
2023-08-24,NVDA,NVDA,47.07129669189453
2023-08-25,NVDA,NVDA,45.928531646728516
2023-08-28,NVDA,NVDA,46.74393844604492
2023-08-29,NVDA,NVDA,48.68914794921875
2023-08-30,NVDA,NVDA,49.168212890625
2023-08-31,NVDA,NVDA,49.25904083251953
2023-09-01,NVDA,NVDA,48.41468048095703
2023-09-05,NVDA,NVDA,48.4536018371582
2023-09-06,NVDA,NVDA,46.973365783691406
2023-09-07,NVDA,NVDA,46.1548957824707
2023-09-08,NVDA,NVDA,45.48714065551758
2023-09-11,NVDA,NVDA,45.0938720703125
2023-09-12,NVDA,NVDA,44.78644561767578
2023-09-13,NVDA,NVDA,45.40030288696289
2023-09-14,NVDA,NVDA,45.49612808227539
2023-09-15,NVDA,NVDA,43.8182487487793
2023-09-18,NVDA,NVDA,43.88412857055664
2023-09-19,NVDA,NVDA,43.438961029052734
2023-09-20,NVDA,NVDA,42.16035079956055
2023-09-21,NVDA,NVDA,40.94062423706055
2023-09-22,NVDA,NVDA,41.53252029418945
2023-09-25,NVDA,NVDA,42.14337921142578
2023-09-26,NVDA,NVDA,41.83295440673828
2023-09-27,NVDA,NVDA,42.388916015625
2023-09-28,NVDA,NVDA,43.008766174316406
2023-09-29,NVDA,NVDA,43.41800308227539
2023-10-02,NVDA,NVDA,44.698612213134766
2023-10-03,NVDA,NVDA,43.43596267700195
2023-10-04,NVDA,NVDA,43.95899200439453
2023-10-05,NVDA,NVDA,44.60478591918945
2023-10-06,NVDA,NVDA,45.67678451538086
2023-10-09,NVDA,NVDA,45.18869400024414
2023-10-10,NVDA,NVDA,45.71272277832031
2023-10-11,NVDA,NVDA,46.71883773803711
2023-10-12,NVDA,NVDA,46.857582092285156
2023-10-13,NVDA,NVDA,45.37635040283203
2023-10-16,NVDA,NVDA,46.00916290283203
2023-10-17,NVDA,NVDA,43.8561897277832
2023-10-18,NVDA,NVDA,42.11742401123047
2023-10-19,NVDA,NVDA,42.022613525390625
2023-10-20,NVDA,NVDA,41.3099365234375
2023-10-23,NVDA,NVDA,42.89497375488281
2023-10-24,NVDA,NVDA,43.581695556640625
2023-10-25,NVDA,NVDA,41.70119857788086
2023-10-26,NVDA,NVDA,40.25090789794922
2023-10-27,NVDA,NVDA,40.424583435058594
2023-10-30,NVDA,NVDA,41.084354400634766
2023-10-31,NVDA,NVDA,40.70405960083008
2023-11-01,NVDA,NVDA,42.24618911743164
2023-11-02,NVDA,NVDA,43.42498779296875
2023-11-03,NVDA,NVDA,44.921199798583984
2023-11-06,NVDA,NVDA,45.66580581665039
2023-11-07,NVDA,NVDA,45.86943054199219
2023-11-08,NVDA,NVDA,46.48727798461914
2023-11-09,NVDA,NVDA,46.86257553100586
2023-11-10,NVDA,NVDA,48.2449951171875
2023-11-13,NVDA,NVDA,48.52947235107422
2023-11-14,NVDA,NVDA,49.56353759765625
2023-11-15,NVDA,NVDA,48.79697036743164
2023-11-16,NVDA,NVDA,49.38786697387695
2023-11-17,NVDA,NVDA,49.206207275390625
2023-11-20,NVDA,NVDA,50.31513595581055
2023-11-21,NVDA,NVDA,49.85099792480469
2023-11-22,NVDA,NVDA,48.62528610229492
2023-11-24,NVDA,NVDA,47.68703842163086
2023-11-27,NVDA,NVDA,48.15216827392578
2023-11-28,NVDA,NVDA,47.73195266723633
2023-11-29,NVDA,NVDA,48.05036163330078
2023-11-30,NVDA,NVDA,46.68290710449219
2023-12-01,NVDA,NVDA,46.67791748046875
2023-12-04,NVDA,NVDA,45.42525100708008
2023-12-05,NVDA,NVDA,46.48337936401367
2023-12-06,NVDA,NVDA,45.42226791381836
2023-12-07,NVDA,NVDA,46.51332092285156
2023-12-08,NVDA,NVDA,47.42170715332031
2023-12-11,NVDA,NVDA,46.54426956176758
2023-12-12,NVDA,NVDA,47.57244110107422
2023-12-13,NVDA,NVDA,48.00267791748047
2023-12-14,NVDA,NVDA,48.26420974731445
2023-12-15,NVDA,NVDA,48.80325698852539
2023-12-18,NVDA,NVDA,49.98814392089844
2023-12-19,NVDA,NVDA,49.51598358154297
2023-12-20,NVDA,NVDA,48.025630950927734
2023-12-21,NVDA,NVDA,48.90308380126953
2023-12-22,NVDA,NVDA,48.74335861206055
2023-12-26,NVDA,NVDA,49.191558837890625
2023-12-27,NVDA,NVDA,49.329315185546875
2023-12-28,NVDA,NVDA,49.43412780761719
2023-12-29,NVDA,NVDA,49.43412780761719
2024-01-02,NVDA,NVDA,48.0825309753418
2024-01-03,NVDA,NVDA,47.484596252441406
2024-01-04,NVDA,NVDA,47.912837982177734
2024-01-05,NVDA,NVDA,49.0098876953125
2024-01-08,NVDA,NVDA,52.160282135009766
2024-01-09,NVDA,NVDA,53.045711517333984
2024-01-10,NVDA,NVDA,54.253562927246094
2024-01-11,NVDA,NVDA,54.72472381591797
2024-01-12,NVDA,NVDA,54.6129264831543
2024-01-16,NVDA,NVDA,56.281959533691406
2024-01-17,NVDA,NVDA,55.95354461669922
2024-01-18,NVDA,NVDA,57.005672454833984
2024-01-19,NVDA,NVDA,59.38544464111328
2024-01-22,NVDA,NVDA,59.54815673828125
2024-01-23,NVDA,NVDA,59.76677703857422
2024-01-24,NVDA,NVDA,61.25313186645508
2024-01-25,NVDA,NVDA,61.50767135620117
2024-01-26,NVDA,NVDA,60.92271423339844
2024-01-29,NVDA,NVDA,62.354164123535156
2024-01-30,NVDA,NVDA,62.66261672973633
2024-01-31,NVDA,NVDA,61.41782760620117
2024-02-01,NVDA,NVDA,62.9151725769043
2024-02-02,NVDA,NVDA,66.04261016845703
2024-02-05,NVDA,NVDA,69.208984375
2024-02-06,NVDA,NVDA,68.10195922851562
2024-02-07,NVDA,NVDA,69.97461700439453
2024-02-08,NVDA,NVDA,69.5174331665039
2024-02-09,NVDA,NVDA,72.00501251220703
2024-02-12,NVDA,NVDA,72.11980438232422
2024-02-13,NVDA,NVDA,72.00003051757812
2024-02-14,NVDA,NVDA,73.76889038085938
2024-02-15,NVDA,NVDA,72.5290756225586
2024-02-16,NVDA,NVDA,72.48416137695312
2024-02-20,NVDA,NVDA,69.32877349853516
2024-02-21,NVDA,NVDA,67.35227966308594
2024-02-22,NVDA,NVDA,78.39866638183594
2024-02-23,NVDA,NVDA,78.6771469116211
2024-02-26,NVDA,NVDA,78.95166778564453
2024-02-27,NVDA,NVDA,78.56136322021484
2024-02-28,NVDA,NVDA,77.52519989013672
2024-02-29,NVDA,NVDA,78.97163391113281
2024-03-01,NVDA,NVDA,82.13301086425781
2024-03-04,NVDA,NVDA,85.08575439453125
2024-03-05,NVDA,NVDA,85.81549835205078
2024-03-06,NVDA,NVDA,88.5467758178711
2024-03-07,NVDA,NVDA,92.5089111328125
2024-03-08,NVDA,NVDA,87.37680053710938
2024-03-11,NVDA,NVDA,85.62581634521484
2024-03-12,NVDA,NVDA,91.75423431396484
2024-03-13,NVDA,NVDA,90.73098754882812
2024-03-14,NVDA,NVDA,87.79206848144531
2024-03-15,NVDA,NVDA,87.68526458740234
2024-03-18,NVDA,NVDA,88.30218505859375
2024-03-19,NVDA,NVDA,89.24357604980469
2024-03-20,NVDA,NVDA,90.21588897705078
2024-03-21,NVDA,NVDA,91.27703094482422
2024-03-22,NVDA,NVDA,94.12611389160156
2024-03-25,NVDA,NVDA,94.83788299560547
2024-03-26,NVDA,NVDA,92.4011001586914
2024-03-27,NVDA,NVDA,90.0940933227539
2024-03-28,NVDA,NVDA,90.19990539550781
2024-04-01,NVDA,NVDA,90.20689392089844
2024-04-02,NVDA,NVDA,89.2974624633789
2024-04-03,NVDA,NVDA,88.8103256225586
2024-04-04,NVDA,NVDA,85.756591796875
2024-04-05,NVDA,NVDA,87.85597229003906
2024-04-08,NVDA,NVDA,86.98247528076172
2024-04-09,NVDA,NVDA,85.20653533935547
2024-04-10,NVDA,NVDA,86.88863372802734
2024-04-11,NVDA,NVDA,90.45945739746094
2024-04-12,NVDA,NVDA,88.03365325927734
2024-04-15,NVDA,NVDA,85.85243225097656
2024-04-16,NVDA,NVDA,87.26399993896484
2024-04-17,NVDA,NVDA,83.88983154296875
2024-04-18,NVDA,NVDA,84.52473449707031
2024-04-19,NVDA,NVDA,76.06837463378906
2024-04-22,NVDA,NVDA,79.3806381225586
2024-04-23,NVDA,NVDA,82.28060913085938
2024-04-24,NVDA,NVDA,79.53936004638672
2024-04-25,NVDA,NVDA,82.48926544189453
2024-04-26,NVDA,NVDA,87.58345031738281
2024-04-29,NVDA,NVDA,87.60540771484375
2024-04-30,NVDA,NVDA,86.25274658203125
2024-05-01,NVDA,NVDA,82.89753723144531
2024-05-02,NVDA,NVDA,85.66875457763672
2024-05-03,NVDA,NVDA,88.63561248779297
2024-05-06,NVDA,NVDA,91.98082733154297
2024-05-07,NVDA,NVDA,90.39756774902344
2024-05-08,NVDA,NVDA,90.25582122802734
2024-05-09,NVDA,NVDA,88.59369659423828
2024-05-10,NVDA,NVDA,89.72272491455078
2024-05-13,NVDA,NVDA,90.24285125732422
2024-05-14,NVDA,NVDA,91.19818878173828
2024-05-15,NVDA,NVDA,94.46653747558594
2024-05-16,NVDA,NVDA,94.19599914550781
2024-05-17,NVDA,NVDA,92.31924438476562
2024-05-20,NVDA,NVDA,94.61626434326172
2024-05-21,NVDA,NVDA,95.22122192382812
2024-05-22,NVDA,NVDA,94.78596496582031
2024-05-23,NVDA,NVDA,103.61968994140625
2024-05-24,NVDA,NVDA,106.28507232666016
2024-05-28,NVDA,NVDA,113.70423889160156
2024-05-29,NVDA,NVDA,114.62664031982422
2024-05-30,NVDA,NVDA,110.30911254882812
2024-05-31,NVDA,NVDA,109.443603515625
2024-06-03,NVDA,NVDA,114.80133819580078
2024-06-04,NVDA,NVDA,116.23585510253906
2024-06-05,NVDA,NVDA,122.2284927368164
2024-06-06,NVDA,NVDA,120.7889633178711
2024-06-07,NVDA,NVDA,120.67916870117188
2024-06-10,NVDA,NVDA,121.57960510253906
2024-06-11,NVDA,NVDA,120.7110366821289
2024-06-12,NVDA,NVDA,124.99398040771484
2024-06-13,NVDA,NVDA,129.396728515625
2024-06-14,NVDA,NVDA,131.66299438476562
2024-06-17,NVDA,NVDA,130.7644805908203
2024-06-18,NVDA,NVDA,135.35691833496094
2024-06-20,NVDA,NVDA,130.56480407714844
2024-06-21,NVDA,NVDA,126.36172485351562
2024-06-24,NVDA,NVDA,117.9156494140625
2024-06-25,NVDA,NVDA,125.88251495361328
2024-06-26,NVDA,NVDA,126.19200897216797
2024-06-27,NVDA,NVDA,123.78597259521484
2024-06-28,NVDA,NVDA,123.33671569824219
2024-07-01,NVDA,NVDA,124.095458984375
2024-07-02,NVDA,NVDA,122.46814727783203
2024-07-03,NVDA,NVDA,128.0689239501953
2024-07-05,NVDA,NVDA,125.6229476928711
2024-07-08,NVDA,NVDA,127.9890365600586
2024-07-09,NVDA,NVDA,131.16380310058594
2024-07-10,NVDA,NVDA,134.68801879882812
2024-07-11,NVDA,NVDA,127.19036865234375
2024-07-12,NVDA,NVDA,129.02734375
2024-07-15,NVDA,NVDA,128.22865295410156
2024-07-16,NVDA,NVDA,126.1520767211914
2024-07-17,NVDA,NVDA,117.79584503173828
2024-07-18,NVDA,NVDA,120.89073944091797
2024-07-19,NVDA,NVDA,117.73594665527344
2024-07-22,NVDA,NVDA,123.33671569824219
2024-07-23,NVDA,NVDA,122.38827514648438
2024-07-24,NVDA,NVDA,114.06201171875
2024-07-25,NVDA,NVDA,112.0952377319336
2024-07-26,NVDA,NVDA,112.87395477294922
2024-07-29,NVDA,NVDA,111.40637969970703
2024-07-30,NVDA,NVDA,103.55931091308594
2024-07-31,NVDA,NVDA,116.82743835449219
2024-08-01,NVDA,NVDA,109.0302963256836
2024-08-02,NVDA,NVDA,107.09347534179688
2024-08-05,NVDA,NVDA,100.28470611572266
2024-08-06,NVDA,NVDA,104.07846069335938
2024-08-07,NVDA,NVDA,98.74723815917969
2024-08-08,NVDA,NVDA,104.79725646972656
2024-08-09,NVDA,NVDA,104.57763671875
2024-08-12,NVDA,NVDA,108.84062194824219
2024-08-13,NVDA,NVDA,115.94889068603516
2024-08-14,NVDA,NVDA,117.88570404052734
2024-08-15,NVDA,NVDA,122.6578369140625
2024-08-16,NVDA,NVDA,124.375
2024-08-19,NVDA,NVDA,129.78607177734375
2024-08-20,NVDA,NVDA,127.04061126708984
2024-08-21,NVDA,NVDA,128.28855895996094
2024-08-22,NVDA,NVDA,123.536376953125
2024-08-23,NVDA,NVDA,129.15713500976562
2024-08-26,NVDA,NVDA,126.25191497802734
2024-08-27,NVDA,NVDA,128.08889770507812
2024-08-28,NVDA,NVDA,125.40330505371094
2024-08-29,NVDA,NVDA,117.39649200439453
2024-08-30,NVDA,NVDA,119.17356872558594
2024-09-03,NVDA,NVDA,107.8222885131836
2024-09-04,NVDA,NVDA,106.03522491455078
2024-09-05,NVDA,NVDA,107.0335922241211
2024-09-06,NVDA,NVDA,102.66079711914062
2024-09-09,NVDA,NVDA,106.2947998046875
2024-09-10,NVDA,NVDA,107.922119140625
2024-09-11,NVDA,NVDA,116.7176284790039
2024-09-12,NVDA,NVDA,118.95413208007812
2024-09-13,NVDA,NVDA,118.91419219970703
2024-09-16,NVDA,NVDA,116.59781646728516
2024-09-17,NVDA,NVDA,115.40966033935547
2024-09-18,NVDA,NVDA,113.19313049316406
2024-09-19,NVDA,NVDA,117.68611907958984
2024-09-20,NVDA,NVDA,115.81903076171875
2024-09-23,NVDA,NVDA,116.07861328125
2024-09-24,NVDA,NVDA,120.68143463134766
2024-09-25,NVDA,NVDA,123.31731414794922
2024-09-26,NVDA,NVDA,123.84648895263672
2024-09-27,NVDA,NVDA,121.21060180664062
2024-09-30,NVDA,NVDA,121.25054931640625
2024-10-01,NVDA,NVDA,116.81746673583984
2024-10-02,NVDA,NVDA,118.66458129882812
2024-10-03,NVDA,NVDA,122.65834045410156
2024-10-04,NVDA,NVDA,124.72511291503906
2024-10-07,NVDA,NVDA,127.52073669433594
2024-10-08,NVDA,NVDA,132.68267822265625
2024-10-09,NVDA,NVDA,132.44305419921875
2024-10-10,NVDA,NVDA,134.59967041015625
2024-10-11,NVDA,NVDA,134.5897216796875
2024-10-14,NVDA,NVDA,137.8546142578125
2024-10-15,NVDA,NVDA,131.3946990966797
2024-10-16,NVDA,NVDA,135.50827026367188
2024-10-17,NVDA,NVDA,136.71636962890625
2024-10-18,NVDA,NVDA,137.7847137451172
2024-10-21,NVDA,NVDA,143.48580932617188
2024-10-22,NVDA,NVDA,143.365966796875
2024-10-23,NVDA,NVDA,139.34230041503906
2024-10-24,NVDA,NVDA,140.1909637451172
2024-10-25,NVDA,NVDA,141.31918334960938
2024-10-28,NVDA,NVDA,140.30076599121094
2024-10-29,NVDA,NVDA,141.02964782714844
2024-10-30,NVDA,NVDA,139.1226043701172
2024-10-31,NVDA,NVDA,132.55287170410156
2024-11-01,NVDA,NVDA,135.18875122070312
2024-11-04,NVDA,NVDA,135.83773803710938
2024-11-05,NVDA,NVDA,139.6917266845703
2024-11-06,NVDA,NVDA,145.3828125
2024-11-07,NVDA,NVDA,148.6477508544922
2024-11-08,NVDA,NVDA,147.39967346191406
2024-11-11,NVDA,NVDA,145.03338623046875
2024-11-12,NVDA,NVDA,148.05865478515625
2024-11-13,NVDA,NVDA,146.0417938232422
2024-11-14,NVDA,NVDA,146.53102111816406
2024-11-15,NVDA,NVDA,141.7584991455078
2024-11-18,NVDA,NVDA,139.9313507080078
2024-11-19,NVDA,NVDA,146.7806396484375
2024-11-20,NVDA,NVDA,145.6623992919922
2024-11-21,NVDA,NVDA,146.441162109375
2024-11-22,NVDA,NVDA,141.72853088378906
2024-11-25,NVDA,NVDA,135.8077850341797
2024-11-26,NVDA,NVDA,136.70639038085938
2024-11-27,NVDA,NVDA,135.12887573242188
2024-11-29,NVDA,NVDA,138.0343017578125
2024-12-02,NVDA,NVDA,138.41372680664062
2024-12-03,NVDA,NVDA,140.04116821289062
2024-12-04,NVDA,NVDA,144.91354370117188
2024-12-05,NVDA,NVDA,144.8436737060547
2024-12-06,NVDA,NVDA,142.22756958007812
2024-12-09,NVDA,NVDA,138.6029815673828
2024-12-10,NVDA,NVDA,134.86859130859375
2024-12-11,NVDA,NVDA,139.1022491455078
2024-12-12,NVDA,NVDA,137.1351776123047
2024-12-13,NVDA,NVDA,134.0498046875
2024-12-16,NVDA,NVDA,131.80313110351562
2024-12-17,NVDA,NVDA,130.19554138183594
2024-12-18,NVDA,NVDA,128.71774291992188
2024-12-19,NVDA,NVDA,130.485107421875
2024-12-20,NVDA,NVDA,134.49911499023438
2024-12-23,NVDA,NVDA,139.46170043945312
2024-12-24,NVDA,NVDA,140.01089477539062
2024-12-26,NVDA,NVDA,139.7213134765625
2024-12-27,NVDA,NVDA,136.8056640625
2024-12-30,NVDA,NVDA,137.2849578857422
2024-12-31,NVDA,NVDA,134.08973693847656
2025-01-02,NVDA,NVDA,138.10372924804688
2025-01-03,NVDA,NVDA,144.25454711914062
2025-01-06,NVDA,NVDA,149.20716857910156
2025-01-07,NVDA,NVDA,139.93099975585938
2025-01-08,NVDA,NVDA,139.9010467529297
2025-01-10,NVDA,NVDA,135.7073211669922
2025-01-13,NVDA,NVDA,133.03131103515625
2025-01-14,NVDA,NVDA,131.56350708007812
2025-01-15,NVDA,NVDA,136.03683471679688
2025-01-16,NVDA,NVDA,133.37081909179688
2025-01-17,NVDA,NVDA,137.504638671875
2025-01-21,NVDA,NVDA,140.61997985839844
2025-01-22,NVDA,NVDA,146.85069274902344
2025-01-23,NVDA,NVDA,147.00045776367188
2025-01-24,NVDA,NVDA,142.4073028564453
2025-01-27,NVDA,NVDA,118.24340057373047
2025-01-28,NVDA,NVDA,128.79763793945312
2025-01-29,NVDA,NVDA,123.51553344726562
2025-01-30,NVDA,NVDA,124.464111328125
2025-01-31,NVDA,NVDA,119.89093780517578
2025-02-03,NVDA,NVDA,116.48602294921875
2025-02-04,NVDA,NVDA,118.47305297851562
2025-02-05,NVDA,NVDA,124.64384460449219
2025-02-06,NVDA,NVDA,128.4880828857422
2025-02-07,NVDA,NVDA,129.6463623046875
2025-02-10,NVDA,NVDA,133.37081909179688
2025-02-11,NVDA,NVDA,132.60195922851562
2025-02-12,NVDA,NVDA,130.9444122314453
2025-02-13,NVDA,NVDA,135.08824157714844
2025-02-14,NVDA,NVDA,138.6429443359375
2025-02-18,NVDA,NVDA,139.19210815429688
2025-02-19,NVDA,NVDA,139.02236938476562
2025-02-20,NVDA,NVDA,139.9010467529297
2025-02-21,NVDA,NVDA,134.22952270507812
2025-02-24,NVDA,NVDA,130.08570861816406
2025-02-25,NVDA,NVDA,126.44114685058594
2025-02-26,NVDA,NVDA,131.084228515625
2025-02-27,NVDA,NVDA,119.97081756591797
2025-02-28,NVDA,NVDA,124.73371124267578
2025-03-03,NVDA,NVDA,113.88990020751953
2025-03-04,NVDA,NVDA,115.81702423095703
2025-03-05,NVDA,NVDA,117.12507629394531
2025-03-06,NVDA,NVDA,110.40511322021484
2025-03-07,NVDA,NVDA,112.5219497680664
2025-03-10,NVDA,NVDA,106.8204574584961
2025-03-11,NVDA,NVDA,108.59779357910156
2025-03-12,NVDA,NVDA,115.5780258178711
2025-03-13,NVDA,NVDA,115.41825103759766
2025-03-14,NVDA,NVDA,121.49972534179688
2025-03-17,NVDA,NVDA,119.36271667480469
2025-03-18,NVDA,NVDA,115.26846313476562
2025-03-19,NVDA,NVDA,117.35553741455078
2025-03-20,NVDA,NVDA,118.36412048339844
2025-03-21,NVDA,NVDA,117.5352783203125
2025-03-24,NVDA,NVDA,121.24009704589844
2025-03-25,NVDA,NVDA,120.5210952758789
2025-03-26,NVDA,NVDA,113.60079956054688
2025-03-27,NVDA,NVDA,111.27405548095703
2025-03-28,NVDA,NVDA,109.51652526855469
2025-03-31,NVDA,NVDA,108.22832489013672
2025-04-01,NVDA,NVDA,109.99585723876953
2025-04-02,NVDA,NVDA,110.26546478271484
2025-04-03,NVDA,NVDA,101.65754699707031
2025-04-04,NVDA,NVDA,94.17802429199219
2025-04-07,NVDA,NVDA,97.50334930419922
2025-04-08,NVDA,NVDA,96.16523742675781
2025-04-09,NVDA,NVDA,114.17000579833984
2025-04-10,NVDA,NVDA,107.4194564819336
2025-04-11,NVDA,NVDA,110.77476501464844
2025-04-14,NVDA,NVDA,110.55506896972656
2025-04-15,NVDA,NVDA,112.04297637939453
2025-04-16,NVDA,NVDA,104.34376525878906
2025-04-17,NVDA,NVDA,101.34796142578125
2025-04-21,NVDA,NVDA,96.77438354492188
2025-04-22,NVDA,NVDA,98.75160217285156
2025-04-23,NVDA,NVDA,102.56625366210938
2025-04-24,NVDA,NVDA,106.28105163574219
2025-04-25,NVDA,NVDA,110.85464477539062
2025-04-28,NVDA,NVDA,108.57784271240234
2025-04-29,NVDA,NVDA,108.86742401123047
2025-04-30,NVDA,NVDA,108.76756286621094
2025-05-01,NVDA,NVDA,111.45380401611328
2025-05-02,NVDA,NVDA,114.33976745605469
2025-05-05,NVDA,NVDA,113.66071319580078
2025-05-06,NVDA,NVDA,113.38111114501953
2025-05-07,NVDA,NVDA,116.89617919921875
2025-05-08,NVDA,NVDA,117.20574951171875
2025-05-09,NVDA,NVDA,116.48675537109375
2025-05-12,NVDA,NVDA,122.82786560058594
2025-05-13,NVDA,NVDA,129.7481689453125
2025-05-14,NVDA,NVDA,135.15061950683594
2025-05-15,NVDA,NVDA,134.64129638671875
2025-05-16,NVDA,NVDA,135.21051025390625
2025-05-19,NVDA,NVDA,135.3802947998047
2025-05-20,NVDA,NVDA,134.1919403076172
2025-05-21,NVDA,NVDA,131.61557006835938
2025-05-22,NVDA,NVDA,132.64410400390625
2025-05-23,NVDA,NVDA,131.1062469482422
2025-05-27,NVDA,NVDA,135.31036376953125
2025-05-28,NVDA,NVDA,134.621337890625
2025-05-29,NVDA,NVDA,138.99520874023438
2025-05-30,NVDA,NVDA,134.94090270996094
2025-06-02,NVDA,NVDA,137.187744140625
2025-06-03,NVDA,NVDA,141.02236938476562
2025-06-04,NVDA,NVDA,141.7213897705078
2025-06-05,NVDA,NVDA,139.79409790039062
2025-06-06,NVDA,NVDA,141.5216827392578
2025-06-09,NVDA,NVDA,142.43040466308594
2025-06-10,NVDA,NVDA,143.758544921875
2025-06-11,NVDA,NVDA,142.64002990722656
2025-06-12,NVDA,NVDA,144.80714416503906
2025-06-13,NVDA,NVDA,141.7811737060547
2025-06-16,NVDA,NVDA,144.49754333496094
2025-06-17,NVDA,NVDA,143.9282989501953
2025-06-18,NVDA,NVDA,145.2864990234375
2025-06-20,NVDA,NVDA,143.65866088867188
2025-06-23,NVDA,NVDA,143.97824096679688
2025-06-24,NVDA,NVDA,147.70326232910156
2025-06-25,NVDA,NVDA,154.10475158691406
2025-06-26,NVDA,NVDA,154.81381225585938
2025-06-27,NVDA,NVDA,157.54017639160156
2025-06-30,NVDA,NVDA,157.77984619140625
2025-07-01,NVDA,NVDA,153.09608459472656
2025-07-02,NVDA,NVDA,157.0408477783203
2025-07-03,NVDA,NVDA,159.12803649902344
2025-07-07,NVDA,NVDA,158.02951049804688
2025-07-08,NVDA,NVDA,159.7871856689453
2025-07-09,NVDA,NVDA,162.66334533691406
2025-07-10,NVDA,NVDA,163.88172912597656
2025-07-11,NVDA,NVDA,164.7006378173828
2025-07-14,NVDA,NVDA,163.85177612304688
2025-07-15,NVDA,NVDA,170.4729461669922
2025-07-16,NVDA,NVDA,171.14207458496094
2025-07-17,NVDA,NVDA,172.7698974609375
2025-07-18,NVDA,NVDA,172.18067932128906
2025-07-21,NVDA,NVDA,171.1520538330078
2025-07-22,NVDA,NVDA,166.80783081054688
2025-07-23,NVDA,NVDA,170.5528564453125
2025-07-24,NVDA,NVDA,173.5089111328125
2025-07-25,NVDA,NVDA,173.26922607421875
2025-07-28,NVDA,NVDA,176.51490783691406
2025-07-29,NVDA,NVDA,175.2765350341797
2025-07-30,NVDA,NVDA,179.03155517578125
2025-07-31,NVDA,NVDA,177.6334228515625
2025-08-01,NVDA,NVDA,173.4889373779297
2025-08-04,NVDA,NVDA,179.7605743408203
2025-08-05,NVDA,NVDA,178.0228729248047
2025-08-06,NVDA,NVDA,179.1813507080078
2025-08-07,NVDA,NVDA,180.52957153320312
2025-08-08,NVDA,NVDA,182.4569854736328
2025-08-11,NVDA,NVDA,181.81784057617188
2025-08-12,NVDA,NVDA,182.9163818359375
2025-08-13,NVDA,NVDA,181.3484649658203
2025-08-14,NVDA,NVDA,181.77789306640625
2025-08-15,NVDA,NVDA,180.20997619628906
2025-08-18,NVDA,NVDA,181.7678985595703
2025-08-19,NVDA,NVDA,175.40638732910156
2025-08-20,NVDA,NVDA,175.1667022705078
2025-08-21,NVDA,NVDA,174.7472381591797
2025-08-22,NVDA,NVDA,177.7532501220703
2025-08-25,NVDA,NVDA,179.57083129882812
2025-08-26,NVDA,NVDA,181.52822875976562
2025-08-27,NVDA,NVDA,181.35845947265625
2025-08-28,NVDA,NVDA,179.9303436279297
2025-08-29,NVDA,NVDA,173.94830322265625
2025-09-02,NVDA,NVDA,170.5528564453125
2025-09-03,NVDA,NVDA,170.39305114746094
2025-09-04,NVDA,NVDA,171.43167114257812
2025-09-05,NVDA,NVDA,166.7978515625
2025-09-08,NVDA,NVDA,168.0861358642578
2025-09-09,NVDA,NVDA,170.53286743164062
2025-09-10,NVDA,NVDA,177.09414672851562
2025-09-11,NVDA,NVDA,176.94430541992188
2025-09-12,NVDA,NVDA,177.593505859375
2025-09-15,NVDA,NVDA,177.52357482910156
2025-09-16,NVDA,NVDA,174.65724182128906
2025-09-17,NVDA,NVDA,170.0730743408203
2025-09-18,NVDA,NVDA,176.01551818847656
2025-09-19,NVDA,NVDA,176.4449462890625
2025-09-22,NVDA,NVDA,183.37612915039062
2025-09-23,NVDA,NVDA,178.2027130126953
2025-09-24,NVDA,NVDA,176.74456787109375
2025-09-25,NVDA,NVDA,177.46365356445312
2025-09-26,NVDA,NVDA,177.96302795410156
2025-09-29,NVDA,NVDA,181.6183624267578
2025-09-30,NVDA,NVDA,186.3423309326172
2025-10-01,NVDA,NVDA,187.0015106201172
2025-10-02,NVDA,NVDA,188.64939880371094
2025-10-03,NVDA,NVDA,187.38099670410156
2025-10-06,NVDA,NVDA,185.3036651611328
2025-10-07,NVDA,NVDA,184.80429077148438
2025-10-08,NVDA,NVDA,188.86911010742188
2025-10-09,NVDA,NVDA,192.32470703125
2025-10-10,NVDA,NVDA,182.92669677734375
2025-10-13,NVDA,NVDA,188.08013916015625
2025-10-14,NVDA,NVDA,179.80067443847656
2025-10-15,NVDA,NVDA,179.60093688964844
2025-10-16,NVDA,NVDA,181.57839965820312
2025-10-17,NVDA,NVDA,182.9866180419922
2025-10-20,NVDA,NVDA,182.4073486328125
2025-10-21,NVDA,NVDA,180.9292449951172
2025-10-22,NVDA,NVDA,180.05035400390625
2025-10-23,NVDA,NVDA,181.92796325683594
2025-10-24,NVDA,NVDA,186.02273559570312
2025-10-27,NVDA,NVDA,191.24609375
2025-10-28,NVDA,NVDA,200.77392578125
2025-10-29,NVDA,NVDA,206.77627563476562
2025-10-30,NVDA,NVDA,202.63156127929688
2025-10-31,NVDA,NVDA,202.23207092285156
2025-11-03,NVDA,NVDA,206.61648559570312
2025-11-04,NVDA,NVDA,198.43690490722656
2025-11-05,NVDA,NVDA,194.9613494873047
2025-11-06,NVDA,NVDA,187.84043884277344
2025-11-07,NVDA,NVDA,187.91030883789062
2025-11-10,NVDA,NVDA,198.7964630126953
2025-11-11,NVDA,NVDA,192.91395568847656
2025-11-12,NVDA,NVDA,193.55313110351562
2025-11-13,NVDA,NVDA,186.62197875976562
2025-11-14,NVDA,NVDA,189.92774963378906
2025-11-17,NVDA,NVDA,186.36231994628906
2025-11-18,NVDA,NVDA,181.1289825439453
2025-11-19,NVDA,NVDA,186.28240966796875
2025-11-20,NVDA,NVDA,180.40989685058594
2025-11-21,NVDA,NVDA,178.6521453857422
2025-11-24,NVDA,NVDA,182.31747436523438
2025-11-25,NVDA,NVDA,177.593505859375
2025-11-26,NVDA,NVDA,180.03036499023438
2025-11-28,NVDA,NVDA,176.7745361328125
2025-12-01,NVDA,NVDA,179.69081115722656
2025-12-02,NVDA,NVDA,181.22886657714844
2025-12-03,NVDA,NVDA,179.3612518310547
2025-12-04,NVDA,NVDA,183.15660095214844
2025-12-05,NVDA,NVDA,182.1877899169922
2025-12-08,NVDA,NVDA,185.323974609375
2025-12-09,NVDA,NVDA,184.7446746826172
2025-12-10,NVDA,NVDA,183.55612182617188
2025-12-11,NVDA,NVDA,180.70957946777344
2025-12-12,NVDA,NVDA,174.80679321289062
2025-12-15,NVDA,NVDA,176.07522583007812
2025-12-16,NVDA,NVDA,177.5034942626953
2025-12-17,NVDA,NVDA,170.73175048828125
2025-12-18,NVDA,NVDA,173.9278564453125
2025-12-19,NVDA,NVDA,180.76953125
2025-12-22,NVDA,NVDA,183.4662322998047
2025-12-23,NVDA,NVDA,188.97952270507812
2025-12-24,NVDA,NVDA,188.38023376464844
2025-12-26,NVDA,NVDA,190.2978973388672
2025-12-29,NVDA,NVDA,187.99070739746094
2025-12-30,NVDA,NVDA,187.31153869628906
2025-12-31,NVDA,NVDA,186.27279663085938
2026-01-02,NVDA,NVDA,188.6199493408203
2026-01-05,NVDA,NVDA,187.89083862304688
2026-01-06,NVDA,NVDA,187.0119171142578
2026-01-07,NVDA,NVDA,188.87962341308594
2026-01-08,NVDA,NVDA,184.8145751953125
2026-01-09,NVDA,NVDA,184.63479614257812
2026-01-12,NVDA,NVDA,184.71470642089844
2026-01-13,NVDA,NVDA,185.58364868164062
2026-01-14,NVDA,NVDA,182.91690063476562
2026-01-15,NVDA,NVDA,186.82212829589844
2026-01-16,NVDA,NVDA,186.0031280517578
2026-01-20,NVDA,NVDA,177.85308837890625
2026-01-21,NVDA,NVDA,183.09669494628906
2026-01-22,NVDA,NVDA,184.6148223876953
2026-01-23,NVDA,NVDA,187.44137573242188
2026-01-26,NVDA,NVDA,186.2428436279297
2026-01-27,NVDA,NVDA,188.29034423828125
2026-01-28,NVDA,NVDA,191.28668212890625
2026-01-29,NVDA,NVDA,192.27548217773438
2026-01-30,NVDA,NVDA,190.8971710205078
2026-02-02,NVDA,NVDA,185.38388061523438
2026-02-03,NVDA,NVDA,180.12030029296875
2026-02-04,NVDA,NVDA,173.97781372070312
2026-02-05,NVDA,NVDA,171.67062377929688
2026-02-06,NVDA,NVDA,185.18414306640625
2026-02-09,NVDA,NVDA,189.80848693847656
2026-02-10,NVDA,NVDA,188.31031799316406
2026-02-11,NVDA,NVDA,189.81849670410156
2026-02-12,NVDA,NVDA,186.7122802734375
2026-02-13,NVDA,NVDA,182.58729553222656
2026-02-17,NVDA,NVDA,184.7446746826172
2026-02-18,NVDA,NVDA,187.75099182128906
2026-02-19,NVDA,NVDA,187.6710968017578
2026-02-20,NVDA,NVDA,189.58877563476562
2026-02-23,NVDA,NVDA,191.316650390625
2026-02-24,NVDA,NVDA,192.61508178710938
2026-02-25,NVDA,NVDA,195.32176208496094
2026-02-26,NVDA,NVDA,184.66476440429688
2026-02-27,NVDA,NVDA,176.97415161132812
2026-03-02,NVDA,NVDA,182.25770568847656
2026-03-03,NVDA,NVDA,179.83065795898438
2026-03-04,NVDA,NVDA,182.8170166015625
2026-03-05,NVDA,NVDA,183.11663818359375
2026-03-06,NVDA,NVDA,177.6033935546875
2026-03-09,NVDA,NVDA,182.427490234375
2026-03-10,NVDA,NVDA,184.54490661621094
2026-03-11,NVDA,NVDA,185.8134307861328
2026-03-12,NVDA,NVDA,182.9268035888672
2026-03-13,NVDA,NVDA,180.0401611328125
2026-03-16,NVDA,NVDA,183.0067138671875
2026-03-17,NVDA,NVDA,181.71820068359375
2026-03-18,NVDA,NVDA,180.1899871826172
2026-03-19,NVDA,NVDA,178.3521270751953
2026-03-20,NVDA,NVDA,172.4989471435547
2026-03-23,NVDA,NVDA,175.43553161621094
2026-03-24,NVDA,NVDA,174.99603271484375
2026-03-25,NVDA,NVDA,178.47198486328125
2026-03-26,NVDA,NVDA,171.04066467285156
2026-03-27,NVDA,NVDA,167.32498168945312
2026-03-30,NVDA,NVDA,164.97772216796875
2026-03-31,NVDA,NVDA,174.1969757080078
2010-01-04,AMD,AMD,9.699999809265137
2010-01-05,AMD,AMD,9.710000038146973
2010-01-06,AMD,AMD,9.569999694824219
2010-01-07,AMD,AMD,9.470000267028809
2010-01-08,AMD,AMD,9.430000305175781
2010-01-11,AMD,AMD,9.140000343322754
2010-01-12,AMD,AMD,8.649999618530273
2010-01-13,AMD,AMD,9.149999618530273
2010-01-14,AMD,AMD,9.0
2010-01-15,AMD,AMD,8.84000015258789
2010-01-19,AMD,AMD,9.010000228881836
2010-01-20,AMD,AMD,8.869999885559082
2010-01-21,AMD,AMD,8.989999771118164
2010-01-22,AMD,AMD,7.880000114440918
2010-01-25,AMD,AMD,8.069999694824219
2010-01-26,AMD,AMD,8.09000015258789
2010-01-27,AMD,AMD,8.1899995803833
2010-01-28,AMD,AMD,7.880000114440918
2010-01-29,AMD,AMD,7.460000038146973
2010-02-01,AMD,AMD,7.980000019073486
2010-02-02,AMD,AMD,7.909999847412109
2010-02-03,AMD,AMD,7.809999942779541
2010-02-04,AMD,AMD,7.190000057220459
2010-02-05,AMD,AMD,7.349999904632568
2010-02-08,AMD,AMD,7.420000076293945
2010-02-09,AMD,AMD,7.539999961853027
2010-02-10,AMD,AMD,7.639999866485596
2010-02-11,AMD,AMD,7.840000152587891
2010-02-12,AMD,AMD,7.869999885559082
2010-02-16,AMD,AMD,8.0600004196167
2010-02-17,AMD,AMD,8.029999732971191
2010-02-18,AMD,AMD,7.949999809265137
2010-02-19,AMD,AMD,7.929999828338623
2010-02-22,AMD,AMD,7.900000095367432
2010-02-23,AMD,AMD,7.789999961853027
2010-02-24,AMD,AMD,8.050000190734863
2010-02-25,AMD,AMD,7.889999866485596
2010-02-26,AMD,AMD,7.909999847412109
2010-03-01,AMD,AMD,8.210000038146973
2010-03-02,AMD,AMD,8.380000114440918
2010-03-03,AMD,AMD,8.350000381469727
2010-03-04,AMD,AMD,8.5
2010-03-05,AMD,AMD,8.609999656677246
2010-03-08,AMD,AMD,8.640000343322754
2010-03-09,AMD,AMD,8.630000114440918
2010-03-10,AMD,AMD,8.920000076293945
2010-03-11,AMD,AMD,8.949999809265137
2010-03-12,AMD,AMD,8.930000305175781
2010-03-15,AMD,AMD,8.920000076293945
2010-03-16,AMD,AMD,9.399999618530273
2010-03-17,AMD,AMD,9.670000076293945
2010-03-18,AMD,AMD,9.390000343322754
2010-03-19,AMD,AMD,9.109999656677246
2010-03-22,AMD,AMD,9.3100004196167
2010-03-23,AMD,AMD,9.449999809265137
2010-03-24,AMD,AMD,9.229999542236328
2010-03-25,AMD,AMD,9.029999732971191
2010-03-26,AMD,AMD,9.020000457763672
2010-03-29,AMD,AMD,9.109999656677246
2010-03-30,AMD,AMD,9.270000457763672
2010-03-31,AMD,AMD,9.270000457763672
2010-04-01,AMD,AMD,9.369999885559082
2010-04-05,AMD,AMD,9.529999732971191
2010-04-06,AMD,AMD,9.350000381469727
2010-04-07,AMD,AMD,9.65999984741211
2010-04-08,AMD,AMD,9.420000076293945
2010-04-09,AMD,AMD,9.300000190734863
2010-04-12,AMD,AMD,9.420000076293945
2010-04-13,AMD,AMD,9.5600004196167
2010-04-14,AMD,AMD,9.890000343322754
2010-04-15,AMD,AMD,10.15999984741211
2010-04-16,AMD,AMD,9.8100004196167
2010-04-19,AMD,AMD,9.579999923706055
2010-04-20,AMD,AMD,9.770000457763672
2010-04-21,AMD,AMD,9.779999732971191
2010-04-22,AMD,AMD,9.859999656677246
2010-04-23,AMD,AMD,9.760000228881836
2010-04-26,AMD,AMD,9.970000267028809
2010-04-27,AMD,AMD,9.579999923706055
2010-04-28,AMD,AMD,9.550000190734863
2010-04-29,AMD,AMD,9.720000267028809
2010-04-30,AMD,AMD,9.069999694824219
2010-05-03,AMD,AMD,9.289999961853027
2010-05-04,AMD,AMD,8.680000305175781
2010-05-05,AMD,AMD,8.579999923706055
2010-05-06,AMD,AMD,8.270000457763672
2010-05-07,AMD,AMD,8.380000114440918
2010-05-10,AMD,AMD,8.989999771118164
2010-05-11,AMD,AMD,9.069999694824219
2010-05-12,AMD,AMD,9.489999771118164
2010-05-13,AMD,AMD,9.420000076293945
2010-05-14,AMD,AMD,8.800000190734863
2010-05-17,AMD,AMD,8.850000381469727
2010-05-18,AMD,AMD,8.420000076293945
2010-05-19,AMD,AMD,8.470000267028809
2010-05-20,AMD,AMD,8.09000015258789
2010-05-21,AMD,AMD,8.399999618530273
2010-05-24,AMD,AMD,8.09000015258789
2010-05-25,AMD,AMD,8.149999618530273
2010-05-26,AMD,AMD,8.220000267028809
2010-05-27,AMD,AMD,8.800000190734863
2010-05-28,AMD,AMD,8.569999694824219
2010-06-01,AMD,AMD,8.140000343322754
2010-06-02,AMD,AMD,8.539999961853027
2010-06-03,AMD,AMD,8.6899995803833
2010-06-04,AMD,AMD,8.109999656677246
2010-06-07,AMD,AMD,7.710000038146973
2010-06-08,AMD,AMD,7.769999980926514
2010-06-09,AMD,AMD,7.610000133514404
2010-06-10,AMD,AMD,8.010000228881836
2010-06-11,AMD,AMD,8.119999885559082
2010-06-14,AMD,AMD,8.279999732971191
2010-06-15,AMD,AMD,8.819999694824219
2010-06-16,AMD,AMD,8.899999618530273
2010-06-17,AMD,AMD,8.90999984741211
2010-06-18,AMD,AMD,8.829999923706055
2010-06-21,AMD,AMD,8.800000190734863
2010-06-22,AMD,AMD,8.579999923706055
2010-06-23,AMD,AMD,8.5600004196167
2010-06-24,AMD,AMD,8.130000114440918
2010-06-25,AMD,AMD,8.09000015258789
2010-06-28,AMD,AMD,8.050000190734863
2010-06-29,AMD,AMD,7.480000019073486
2010-06-30,AMD,AMD,7.320000171661377
2010-07-01,AMD,AMD,7.389999866485596
2010-07-02,AMD,AMD,7.170000076293945
2010-07-06,AMD,AMD,7.039999961853027
2010-07-07,AMD,AMD,7.389999866485596
2010-07-08,AMD,AMD,7.369999885559082
2010-07-09,AMD,AMD,7.340000152587891
2010-07-12,AMD,AMD,7.360000133514404
2010-07-13,AMD,AMD,7.519999980926514
2010-07-14,AMD,AMD,7.440000057220459
2010-07-15,AMD,AMD,7.409999847412109
2010-07-16,AMD,AMD,7.369999885559082
2010-07-19,AMD,AMD,7.440000057220459
2010-07-20,AMD,AMD,7.599999904632568
2010-07-21,AMD,AMD,7.400000095367432
2010-07-22,AMD,AMD,7.610000133514404
2010-07-23,AMD,AMD,7.820000171661377
2010-07-26,AMD,AMD,8.069999694824219
2010-07-27,AMD,AMD,8.210000038146973
2010-07-28,AMD,AMD,7.980000019073486
2010-07-29,AMD,AMD,7.78000020980835
2010-07-30,AMD,AMD,7.489999771118164
2010-08-02,AMD,AMD,7.650000095367432
2010-08-03,AMD,AMD,7.510000228881836
2010-08-04,AMD,AMD,7.519999980926514
2010-08-05,AMD,AMD,7.5
2010-08-06,AMD,AMD,7.449999809265137
2010-08-09,AMD,AMD,7.420000076293945
2010-08-10,AMD,AMD,6.829999923706055
2010-08-11,AMD,AMD,6.489999771118164
2010-08-12,AMD,AMD,6.570000171661377
2010-08-13,AMD,AMD,6.489999771118164
2010-08-16,AMD,AMD,6.619999885559082
2010-08-17,AMD,AMD,6.630000114440918
2010-08-18,AMD,AMD,6.570000171661377
2010-08-19,AMD,AMD,6.420000076293945
2010-08-20,AMD,AMD,6.25
2010-08-23,AMD,AMD,6.139999866485596
2010-08-24,AMD,AMD,5.989999771118164
2010-08-25,AMD,AMD,6.130000114440918
2010-08-26,AMD,AMD,5.869999885559082
2010-08-27,AMD,AMD,6.079999923706055
2010-08-30,AMD,AMD,5.78000020980835
2010-08-31,AMD,AMD,5.610000133514404
2010-09-01,AMD,AMD,5.760000228881836
2010-09-02,AMD,AMD,5.929999828338623
2010-09-03,AMD,AMD,6.090000152587891
2010-09-07,AMD,AMD,5.949999809265137
2010-09-08,AMD,AMD,5.829999923706055
2010-09-09,AMD,AMD,5.860000133514404
2010-09-10,AMD,AMD,5.809999942779541
2010-09-13,AMD,AMD,6.179999828338623
2010-09-14,AMD,AMD,6.269999980926514
2010-09-15,AMD,AMD,6.21999979019165
2010-09-16,AMD,AMD,6.150000095367432
2010-09-17,AMD,AMD,6.119999885559082
2010-09-20,AMD,AMD,6.090000152587891
2010-09-21,AMD,AMD,6.170000076293945
2010-09-22,AMD,AMD,6.260000228881836
2010-09-23,AMD,AMD,6.400000095367432
2010-09-24,AMD,AMD,6.840000152587891
2010-09-27,AMD,AMD,7.019999980926514
2010-09-28,AMD,AMD,6.949999809265137
2010-09-29,AMD,AMD,7.28000020980835
2010-09-30,AMD,AMD,7.110000133514404
2010-10-01,AMD,AMD,7.050000190734863
2010-10-04,AMD,AMD,6.940000057220459
2010-10-05,AMD,AMD,6.980000019073486
2010-10-06,AMD,AMD,6.860000133514404
2010-10-07,AMD,AMD,6.869999885559082
2010-10-08,AMD,AMD,7.050000190734863
2010-10-11,AMD,AMD,7.239999771118164
2010-10-12,AMD,AMD,7.300000190734863
2010-10-13,AMD,AMD,7.21999979019165
2010-10-14,AMD,AMD,7.139999866485596
2010-10-15,AMD,AMD,7.119999885559082
2010-10-18,AMD,AMD,6.960000038146973
2010-10-19,AMD,AMD,6.949999809265137
2010-10-20,AMD,AMD,6.820000171661377
2010-10-21,AMD,AMD,6.889999866485596
2010-10-22,AMD,AMD,6.889999866485596
2010-10-25,AMD,AMD,7.260000228881836
2010-10-26,AMD,AMD,7.199999809265137
2010-10-27,AMD,AMD,7.349999904632568
2010-10-28,AMD,AMD,7.630000114440918
2010-10-29,AMD,AMD,7.340000152587891
2010-11-01,AMD,AMD,7.360000133514404
2010-11-02,AMD,AMD,7.539999961853027
2010-11-03,AMD,AMD,7.639999866485596
2010-11-04,AMD,AMD,8.0
2010-11-05,AMD,AMD,8.039999961853027
2010-11-08,AMD,AMD,8.140000343322754
2010-11-09,AMD,AMD,7.909999847412109
2010-11-10,AMD,AMD,7.75
2010-11-11,AMD,AMD,7.630000114440918
2010-11-12,AMD,AMD,7.630000114440918
2010-11-15,AMD,AMD,7.570000171661377
2010-11-16,AMD,AMD,7.429999828338623
2010-11-17,AMD,AMD,7.329999923706055
2010-11-18,AMD,AMD,7.349999904632568
2010-11-19,AMD,AMD,7.46999979019165
2010-11-22,AMD,AMD,7.409999847412109
2010-11-23,AMD,AMD,7.320000171661377
2010-11-24,AMD,AMD,7.619999885559082
2010-11-26,AMD,AMD,7.550000190734863
2010-11-29,AMD,AMD,7.380000114440918
2010-11-30,AMD,AMD,7.289999961853027
2010-12-01,AMD,AMD,7.510000228881836
2010-12-02,AMD,AMD,7.539999961853027
2010-12-03,AMD,AMD,7.650000095367432
2010-12-06,AMD,AMD,7.820000171661377
2010-12-07,AMD,AMD,8.020000457763672
2010-12-08,AMD,AMD,8.170000076293945
2010-12-09,AMD,AMD,7.949999809265137
2010-12-10,AMD,AMD,8.069999694824219
2010-12-13,AMD,AMD,8.229999542236328
2010-12-14,AMD,AMD,8.050000190734863
2010-12-15,AMD,AMD,8.020000457763672
2010-12-16,AMD,AMD,8.029999732971191
2010-12-17,AMD,AMD,8.100000381469727
2010-12-20,AMD,AMD,8.239999771118164
2010-12-21,AMD,AMD,8.140000343322754
2010-12-22,AMD,AMD,8.109999656677246
2010-12-23,AMD,AMD,8.039999961853027
2010-12-27,AMD,AMD,8.050000190734863
2010-12-28,AMD,AMD,8.09000015258789
2010-12-29,AMD,AMD,8.079999923706055
2010-12-30,AMD,AMD,8.140000343322754
2010-12-31,AMD,AMD,8.180000305175781
2011-01-03,AMD,AMD,8.470000267028809
2011-01-04,AMD,AMD,8.770000457763672
2011-01-05,AMD,AMD,8.90999984741211
2011-01-06,AMD,AMD,8.6899995803833
2011-01-07,AMD,AMD,8.829999923706055
2011-01-10,AMD,AMD,9.1899995803833
2011-01-11,AMD,AMD,8.359999656677246
2011-01-12,AMD,AMD,8.390000343322754
2011-01-13,AMD,AMD,8.260000228881836
2011-01-14,AMD,AMD,8.199999809265137
2011-01-18,AMD,AMD,8.100000381469727
2011-01-19,AMD,AMD,7.929999828338623
2011-01-20,AMD,AMD,8.020000457763672
2011-01-21,AMD,AMD,7.539999961853027
2011-01-24,AMD,AMD,7.679999828338623
2011-01-25,AMD,AMD,7.480000019073486
2011-01-26,AMD,AMD,7.489999771118164
2011-01-27,AMD,AMD,7.75
2011-01-28,AMD,AMD,7.489999771118164
2011-01-31,AMD,AMD,7.829999923706055
2011-02-01,AMD,AMD,8.220000267028809
2011-02-02,AMD,AMD,8.289999961853027
2011-02-03,AMD,AMD,8.329999923706055
2011-02-04,AMD,AMD,8.399999618530273
2011-02-07,AMD,AMD,8.329999923706055
2011-02-08,AMD,AMD,8.239999771118164
2011-02-09,AMD,AMD,8.229999542236328
2011-02-10,AMD,AMD,8.220000267028809
2011-02-11,AMD,AMD,8.279999732971191
2011-02-14,AMD,AMD,8.630000114440918
2011-02-15,AMD,AMD,8.600000381469727
2011-02-16,AMD,AMD,8.989999771118164
2011-02-17,AMD,AMD,9.4399995803833
2011-02-18,AMD,AMD,9.180000305175781
2011-02-22,AMD,AMD,8.850000381469727
2011-02-23,AMD,AMD,8.550000190734863
2011-02-24,AMD,AMD,9.100000381469727
2011-02-25,AMD,AMD,9.289999961853027
2011-02-28,AMD,AMD,9.210000038146973
2011-03-01,AMD,AMD,9.029999732971191
2011-03-02,AMD,AMD,9.170000076293945
2011-03-03,AMD,AMD,9.279999732971191
2011-03-04,AMD,AMD,9.229999542236328
2011-03-07,AMD,AMD,8.84000015258789
2011-03-08,AMD,AMD,8.989999771118164
2011-03-09,AMD,AMD,8.670000076293945
2011-03-10,AMD,AMD,8.420000076293945
2011-03-11,AMD,AMD,8.649999618530273
2011-03-14,AMD,AMD,8.430000305175781
2011-03-15,AMD,AMD,8.279999732971191
2011-03-16,AMD,AMD,8.119999885559082
2011-03-17,AMD,AMD,8.3100004196167
2011-03-18,AMD,AMD,8.550000190734863
2011-03-21,AMD,AMD,8.550000190734863
2011-03-22,AMD,AMD,8.359999656677246
2011-03-23,AMD,AMD,8.59000015258789
2011-03-24,AMD,AMD,8.829999923706055
2011-03-25,AMD,AMD,8.880000114440918
2011-03-28,AMD,AMD,8.6899995803833
2011-03-29,AMD,AMD,8.680000305175781
2011-03-30,AMD,AMD,8.789999961853027
2011-03-31,AMD,AMD,8.600000381469727
2011-04-01,AMD,AMD,8.359999656677246
2011-04-04,AMD,AMD,8.100000381469727
2011-04-05,AMD,AMD,8.109999656677246
2011-04-06,AMD,AMD,8.430000305175781
2011-04-07,AMD,AMD,8.40999984741211
2011-04-08,AMD,AMD,8.470000267028809
2011-04-11,AMD,AMD,8.420000076293945
2011-04-12,AMD,AMD,8.260000228881836
2011-04-13,AMD,AMD,8.199999809265137
2011-04-14,AMD,AMD,8.1899995803833
2011-04-15,AMD,AMD,8.270000457763672
2011-04-18,AMD,AMD,8.199999809265137
2011-04-19,AMD,AMD,8.270000457763672
2011-04-20,AMD,AMD,8.630000114440918
2011-04-21,AMD,AMD,8.710000038146973
2011-04-25,AMD,AMD,8.699999809265137
2011-04-26,AMD,AMD,8.880000114440918
2011-04-27,AMD,AMD,8.949999809265137
2011-04-28,AMD,AMD,9.069999694824219
2011-04-29,AMD,AMD,9.100000381469727
2011-05-02,AMD,AMD,9.029999732971191
2011-05-03,AMD,AMD,8.800000190734863
2011-05-04,AMD,AMD,8.789999961853027
2011-05-05,AMD,AMD,8.869999885559082
2011-05-06,AMD,AMD,8.920000076293945
2011-05-09,AMD,AMD,8.9399995803833
2011-05-10,AMD,AMD,8.9399995803833
2011-05-11,AMD,AMD,8.880000114440918
2011-05-12,AMD,AMD,8.930000305175781
2011-05-13,AMD,AMD,8.899999618530273
2011-05-16,AMD,AMD,8.670000076293945
2011-05-17,AMD,AMD,8.539999961853027
2011-05-18,AMD,AMD,8.670000076293945
2011-05-19,AMD,AMD,8.640000343322754
2011-05-20,AMD,AMD,8.619999885559082
2011-05-23,AMD,AMD,8.489999771118164
2011-05-24,AMD,AMD,8.390000343322754
2011-05-25,AMD,AMD,8.430000305175781
2011-05-26,AMD,AMD,8.479999542236328
2011-05-27,AMD,AMD,8.489999771118164
2011-05-31,AMD,AMD,8.680000305175781
2011-06-01,AMD,AMD,8.369999885559082
2011-06-02,AMD,AMD,8.239999771118164
2011-06-03,AMD,AMD,7.96999979019165
2011-06-06,AMD,AMD,7.800000190734863
2011-06-07,AMD,AMD,7.710000038146973
2011-06-08,AMD,AMD,7.619999885559082
2011-06-09,AMD,AMD,7.639999866485596
2011-06-10,AMD,AMD,7.590000152587891
2011-06-13,AMD,AMD,7.539999961853027
2011-06-14,AMD,AMD,7.670000076293945
2011-06-15,AMD,AMD,7.5
2011-06-16,AMD,AMD,7.190000057220459
2011-06-17,AMD,AMD,7.0
2011-06-20,AMD,AMD,6.889999866485596
2011-06-21,AMD,AMD,7.21999979019165
2011-06-22,AMD,AMD,7.059999942779541
2011-06-23,AMD,AMD,7.059999942779541
2011-06-24,AMD,AMD,6.900000095367432
2011-06-27,AMD,AMD,6.920000076293945
2011-06-28,AMD,AMD,6.949999809265137
2011-06-29,AMD,AMD,6.889999866485596
2011-06-30,AMD,AMD,6.989999771118164
2011-07-01,AMD,AMD,7.110000133514404
2011-07-05,AMD,AMD,7.139999866485596
2011-07-06,AMD,AMD,7.0
2011-07-07,AMD,AMD,7.150000095367432
2011-07-08,AMD,AMD,6.949999809265137
2011-07-11,AMD,AMD,6.760000228881836
2011-07-12,AMD,AMD,6.429999828338623
2011-07-13,AMD,AMD,6.480000019073486
2011-07-14,AMD,AMD,6.440000057220459
2011-07-15,AMD,AMD,6.429999828338623
2011-07-18,AMD,AMD,6.179999828338623
2011-07-19,AMD,AMD,6.480000019073486
2011-07-20,AMD,AMD,6.599999904632568
2011-07-21,AMD,AMD,6.5
2011-07-22,AMD,AMD,7.75
2011-07-25,AMD,AMD,7.630000114440918
2011-07-26,AMD,AMD,7.659999847412109
2011-07-27,AMD,AMD,7.510000228881836
2011-07-28,AMD,AMD,7.420000076293945
2011-07-29,AMD,AMD,7.340000152587891
2011-08-01,AMD,AMD,7.21999979019165
2011-08-02,AMD,AMD,7.110000133514404
2011-08-03,AMD,AMD,7.159999847412109
2011-08-04,AMD,AMD,6.5
2011-08-05,AMD,AMD,6.559999942779541
2011-08-08,AMD,AMD,5.940000057220459
2011-08-09,AMD,AMD,6.179999828338623
2011-08-10,AMD,AMD,5.849999904632568
2011-08-11,AMD,AMD,6.170000076293945
2011-08-12,AMD,AMD,6.210000038146973
2011-08-15,AMD,AMD,6.429999828338623
2011-08-16,AMD,AMD,6.340000152587891
2011-08-17,AMD,AMD,6.139999866485596
2011-08-18,AMD,AMD,5.789999961853027
2011-08-19,AMD,AMD,5.980000019073486
2011-08-22,AMD,AMD,6.050000190734863
2011-08-23,AMD,AMD,6.5
2011-08-24,AMD,AMD,6.340000152587891
2011-08-25,AMD,AMD,6.369999885559082
2011-08-26,AMD,AMD,6.489999771118164
2011-08-29,AMD,AMD,6.829999923706055
2011-08-30,AMD,AMD,6.840000152587891
2011-08-31,AMD,AMD,6.829999923706055
2011-09-01,AMD,AMD,6.679999828338623
2011-09-02,AMD,AMD,6.320000171661377
2011-09-06,AMD,AMD,6.269999980926514
2011-09-07,AMD,AMD,6.760000228881836
2011-09-08,AMD,AMD,6.809999942779541
2011-09-09,AMD,AMD,6.519999980926514
2011-09-12,AMD,AMD,6.710000038146973
2011-09-13,AMD,AMD,6.960000038146973
2011-09-14,AMD,AMD,7.210000038146973
2011-09-15,AMD,AMD,7.340000152587891
2011-09-16,AMD,AMD,7.199999809265137
2011-09-19,AMD,AMD,6.920000076293945
2011-09-20,AMD,AMD,6.739999771118164
2011-09-21,AMD,AMD,6.480000019073486
2011-09-22,AMD,AMD,6.119999885559082
2011-09-23,AMD,AMD,6.170000076293945
2011-09-26,AMD,AMD,6.400000095367432
2011-09-27,AMD,AMD,6.489999771118164
2011-09-28,AMD,AMD,6.150000095367432
2011-09-29,AMD,AMD,5.309999942779541
2011-09-30,AMD,AMD,5.079999923706055
2011-10-03,AMD,AMD,4.53000020980835
2011-10-04,AMD,AMD,4.71999979019165
2011-10-05,AMD,AMD,4.829999923706055
2011-10-06,AMD,AMD,4.849999904632568
2011-10-07,AMD,AMD,4.730000019073486
2011-10-10,AMD,AMD,4.840000152587891
2011-10-11,AMD,AMD,4.860000133514404
2011-10-12,AMD,AMD,4.929999828338623
2011-10-13,AMD,AMD,4.96999979019165
2011-10-14,AMD,AMD,4.920000076293945
2011-10-17,AMD,AMD,4.670000076293945
2011-10-18,AMD,AMD,4.829999923706055
2011-10-19,AMD,AMD,4.730000019073486
2011-10-20,AMD,AMD,4.539999961853027
2011-10-21,AMD,AMD,4.71999979019165
2011-10-24,AMD,AMD,5.059999942779541
2011-10-25,AMD,AMD,4.909999847412109
2011-10-26,AMD,AMD,5.099999904632568
2011-10-27,AMD,AMD,5.539999961853027
2011-10-28,AMD,AMD,5.940000057220459
2011-10-31,AMD,AMD,5.829999923706055
2011-11-01,AMD,AMD,5.300000190734863
2011-11-02,AMD,AMD,5.460000038146973
2011-11-03,AMD,AMD,5.730000019073486
2011-11-04,AMD,AMD,5.670000076293945
2011-11-07,AMD,AMD,5.679999828338623
2011-11-08,AMD,AMD,5.75
2011-11-09,AMD,AMD,5.380000114440918
2011-11-10,AMD,AMD,5.659999847412109
2011-11-11,AMD,AMD,5.949999809265137
2011-11-14,AMD,AMD,5.789999961853027
2011-11-15,AMD,AMD,5.760000228881836
2011-11-16,AMD,AMD,5.679999828338623
2011-11-17,AMD,AMD,5.440000057220459
2011-11-18,AMD,AMD,5.46999979019165
2011-11-21,AMD,AMD,5.420000076293945
2011-11-22,AMD,AMD,5.300000190734863
2011-11-23,AMD,AMD,5.050000190734863
2011-11-25,AMD,AMD,4.989999771118164
2011-11-28,AMD,AMD,5.300000190734863
2011-11-29,AMD,AMD,5.320000171661377
2011-11-30,AMD,AMD,5.690000057220459
2011-12-01,AMD,AMD,5.699999809265137
2011-12-02,AMD,AMD,5.650000095367432
2011-12-05,AMD,AMD,5.760000228881836
2011-12-06,AMD,AMD,5.659999847412109
2011-12-07,AMD,AMD,5.71999979019165
2011-12-08,AMD,AMD,5.46999979019165
2011-12-09,AMD,AMD,5.539999961853027
2011-12-12,AMD,AMD,5.300000190734863
2011-12-13,AMD,AMD,5.179999828338623
2011-12-14,AMD,AMD,5.070000171661377
2011-12-15,AMD,AMD,5.039999961853027
2011-12-16,AMD,AMD,5.130000114440918
2011-12-19,AMD,AMD,4.860000133514404
2011-12-20,AMD,AMD,5.190000057220459
2011-12-21,AMD,AMD,5.079999923706055
2011-12-22,AMD,AMD,5.449999809265137
2011-12-23,AMD,AMD,5.409999847412109
2011-12-27,AMD,AMD,5.380000114440918
2011-12-28,AMD,AMD,5.28000020980835
2011-12-29,AMD,AMD,5.340000152587891
2011-12-30,AMD,AMD,5.400000095367432
2012-01-03,AMD,AMD,5.480000019073486
2012-01-04,AMD,AMD,5.460000038146973
2012-01-05,AMD,AMD,5.460000038146973
2012-01-06,AMD,AMD,5.429999828338623
2012-01-09,AMD,AMD,5.590000152587891
2012-01-10,AMD,AMD,5.710000038146973
2012-01-11,AMD,AMD,5.809999942779541
2012-01-12,AMD,AMD,5.820000171661377
2012-01-13,AMD,AMD,5.659999847412109
2012-01-17,AMD,AMD,5.730000019073486
2012-01-18,AMD,AMD,5.96999979019165
2012-01-19,AMD,AMD,6.21999979019165
2012-01-20,AMD,AMD,6.420000076293945
2012-01-23,AMD,AMD,6.519999980926514
2012-01-24,AMD,AMD,6.53000020980835
2012-01-25,AMD,AMD,6.730000019073486
2012-01-26,AMD,AMD,6.769999980926514
2012-01-27,AMD,AMD,6.820000171661377
2012-01-30,AMD,AMD,6.739999771118164
2012-01-31,AMD,AMD,6.710000038146973
2012-02-01,AMD,AMD,6.900000095367432
2012-02-02,AMD,AMD,6.929999828338623
2012-02-03,AMD,AMD,7.079999923706055
2012-02-06,AMD,AMD,6.920000076293945
2012-02-07,AMD,AMD,7.130000114440918
2012-02-08,AMD,AMD,7.25
2012-02-09,AMD,AMD,7.239999771118164
2012-02-10,AMD,AMD,7.050000190734863
2012-02-13,AMD,AMD,7.289999961853027
2012-02-14,AMD,AMD,7.320000171661377
2012-02-15,AMD,AMD,7.300000190734863
2012-02-16,AMD,AMD,7.590000152587891
2012-02-17,AMD,AMD,7.420000076293945
2012-02-21,AMD,AMD,7.28000020980835
2012-02-22,AMD,AMD,7.139999866485596
2012-02-23,AMD,AMD,7.289999961853027
2012-02-24,AMD,AMD,7.460000038146973
2012-02-27,AMD,AMD,7.46999979019165
2012-02-28,AMD,AMD,7.519999980926514
2012-02-29,AMD,AMD,7.349999904632568
2012-03-01,AMD,AMD,7.510000228881836
2012-03-02,AMD,AMD,7.460000038146973
2012-03-05,AMD,AMD,7.070000171661377
2012-03-06,AMD,AMD,6.900000095367432
2012-03-07,AMD,AMD,7.170000076293945
2012-03-08,AMD,AMD,7.46999979019165
2012-03-09,AMD,AMD,7.579999923706055
2012-03-12,AMD,AMD,7.5
2012-03-13,AMD,AMD,7.760000228881836
2012-03-14,AMD,AMD,7.760000228881836
2012-03-15,AMD,AMD,8.25
2012-03-16,AMD,AMD,8.199999809265137
2012-03-19,AMD,AMD,8.180000305175781
2012-03-20,AMD,AMD,8.0600004196167
2012-03-21,AMD,AMD,8.039999961853027
2012-03-22,AMD,AMD,8.029999732971191
2012-03-23,AMD,AMD,8.09000015258789
2012-03-26,AMD,AMD,8.239999771118164
2012-03-27,AMD,AMD,8.1899995803833
2012-03-28,AMD,AMD,8.079999923706055
2012-03-29,AMD,AMD,8.119999885559082
2012-03-30,AMD,AMD,8.020000457763672
2012-04-02,AMD,AMD,8.199999809265137
2012-04-03,AMD,AMD,7.980000019073486
2012-04-04,AMD,AMD,7.809999942779541
2012-04-05,AMD,AMD,7.869999885559082
2012-04-09,AMD,AMD,7.75
2012-04-10,AMD,AMD,7.53000020980835
2012-04-11,AMD,AMD,7.639999866485596
2012-04-12,AMD,AMD,7.920000076293945
2012-04-13,AMD,AMD,7.730000019073486
2012-04-16,AMD,AMD,7.699999809265137
2012-04-17,AMD,AMD,7.940000057220459
2012-04-18,AMD,AMD,7.96999979019165
2012-04-19,AMD,AMD,7.96999979019165
2012-04-20,AMD,AMD,7.760000228881836
2012-04-23,AMD,AMD,7.389999866485596
2012-04-24,AMD,AMD,7.309999942779541
2012-04-25,AMD,AMD,7.389999866485596
2012-04-26,AMD,AMD,7.449999809265137
2012-04-27,AMD,AMD,7.329999923706055
2012-04-30,AMD,AMD,7.360000133514404
2012-05-01,AMD,AMD,7.590000152587891
2012-05-02,AMD,AMD,7.630000114440918
2012-05-03,AMD,AMD,7.409999847412109
2012-05-04,AMD,AMD,7.179999828338623
2012-05-07,AMD,AMD,7.179999828338623
2012-05-08,AMD,AMD,7.03000020980835
2012-05-09,AMD,AMD,6.860000133514404
2012-05-10,AMD,AMD,6.78000020980835
2012-05-11,AMD,AMD,6.78000020980835
2012-05-14,AMD,AMD,6.75
2012-05-15,AMD,AMD,6.599999904632568
2012-05-16,AMD,AMD,6.389999866485596
2012-05-17,AMD,AMD,6.130000114440918
2012-05-18,AMD,AMD,6.010000228881836
2012-05-21,AMD,AMD,6.300000190734863
2012-05-22,AMD,AMD,6.159999847412109
2012-05-23,AMD,AMD,6.079999923706055
2012-05-24,AMD,AMD,6.019999980926514
2012-05-25,AMD,AMD,6.21999979019165
2012-05-29,AMD,AMD,6.460000038146973
2012-05-30,AMD,AMD,6.150000095367432
2012-05-31,AMD,AMD,6.079999923706055
2012-06-01,AMD,AMD,5.730000019073486
2012-06-04,AMD,AMD,5.630000114440918
2012-06-05,AMD,AMD,5.829999923706055
2012-06-06,AMD,AMD,6.019999980926514
2012-06-07,AMD,AMD,5.760000228881836
2012-06-08,AMD,AMD,5.909999847412109
2012-06-11,AMD,AMD,5.690000057220459
2012-06-12,AMD,AMD,5.909999847412109
2012-06-13,AMD,AMD,5.760000228881836
2012-06-14,AMD,AMD,5.760000228881836
2012-06-15,AMD,AMD,5.869999885559082
2012-06-18,AMD,AMD,5.929999828338623
2012-06-19,AMD,AMD,5.809999942779541
2012-06-20,AMD,AMD,6.059999942779541
2012-06-21,AMD,AMD,5.71999979019165
2012-06-22,AMD,AMD,5.730000019073486
2012-06-25,AMD,AMD,5.409999847412109
2012-06-26,AMD,AMD,5.440000057220459
2012-06-27,AMD,AMD,5.5
2012-06-28,AMD,AMD,5.409999847412109
2012-06-29,AMD,AMD,5.730000019073486
2012-07-02,AMD,AMD,5.75
2012-07-03,AMD,AMD,6.03000020980835
2012-07-05,AMD,AMD,5.880000114440918
2012-07-06,AMD,AMD,5.75
2012-07-09,AMD,AMD,5.619999885559082
2012-07-10,AMD,AMD,4.989999771118164
2012-07-11,AMD,AMD,4.889999866485596
2012-07-12,AMD,AMD,4.880000114440918
2012-07-13,AMD,AMD,4.900000095367432
2012-07-16,AMD,AMD,4.829999923706055
2012-07-17,AMD,AMD,4.869999885559082
2012-07-18,AMD,AMD,4.889999866485596
2012-07-19,AMD,AMD,4.860000133514404
2012-07-20,AMD,AMD,4.21999979019165
2012-07-23,AMD,AMD,4.150000095367432
2012-07-24,AMD,AMD,4.059999942779541
2012-07-25,AMD,AMD,4.010000228881836
2012-07-26,AMD,AMD,4.039999961853027
2012-07-27,AMD,AMD,4.090000152587891
2012-07-30,AMD,AMD,4.099999904632568
2012-07-31,AMD,AMD,4.059999942779541
2012-08-01,AMD,AMD,4.050000190734863
2012-08-02,AMD,AMD,3.9700000286102295
2012-08-03,AMD,AMD,4.090000152587891
2012-08-06,AMD,AMD,4.010000228881836
2012-08-07,AMD,AMD,4.019999980926514
2012-08-08,AMD,AMD,4.400000095367432
2012-08-09,AMD,AMD,4.369999885559082
2012-08-10,AMD,AMD,4.340000152587891
2012-08-13,AMD,AMD,4.260000228881836
2012-08-14,AMD,AMD,4.119999885559082
2012-08-15,AMD,AMD,4.190000057220459
2012-08-16,AMD,AMD,4.170000076293945
2012-08-17,AMD,AMD,4.099999904632568
2012-08-20,AMD,AMD,4.090000152587891
2012-08-21,AMD,AMD,4.070000171661377
2012-08-22,AMD,AMD,4.010000228881836
2012-08-23,AMD,AMD,3.9000000953674316
2012-08-24,AMD,AMD,3.940000057220459
2012-08-27,AMD,AMD,3.8499999046325684
2012-08-28,AMD,AMD,3.7899999618530273
2012-08-29,AMD,AMD,3.7699999809265137
2012-08-30,AMD,AMD,3.700000047683716
2012-08-31,AMD,AMD,3.7200000286102295
2012-09-04,AMD,AMD,3.640000104904175
2012-09-05,AMD,AMD,3.509999990463257
2012-09-06,AMD,AMD,3.6600000858306885
2012-09-07,AMD,AMD,3.450000047683716
2012-09-10,AMD,AMD,3.4700000286102295
2012-09-11,AMD,AMD,3.75
2012-09-12,AMD,AMD,3.890000104904175
2012-09-13,AMD,AMD,3.9200000762939453
2012-09-14,AMD,AMD,3.9000000953674316
2012-09-17,AMD,AMD,4.010000228881836
2012-09-18,AMD,AMD,3.619999885559082
2012-09-19,AMD,AMD,3.6600000858306885
2012-09-20,AMD,AMD,3.5899999141693115
2012-09-21,AMD,AMD,3.5999999046325684
2012-09-24,AMD,AMD,3.4600000381469727
2012-09-25,AMD,AMD,3.2799999713897705
2012-09-26,AMD,AMD,3.319999933242798
2012-09-27,AMD,AMD,3.430000066757202
2012-09-28,AMD,AMD,3.369999885559082
2012-10-01,AMD,AMD,3.2799999713897705
2012-10-02,AMD,AMD,3.2699999809265137
2012-10-03,AMD,AMD,3.119999885559082
2012-10-04,AMD,AMD,3.2200000286102295
2012-10-05,AMD,AMD,3.2200000286102295
2012-10-08,AMD,AMD,3.190000057220459
2012-10-09,AMD,AMD,3.25
2012-10-10,AMD,AMD,3.1500000953674316
2012-10-11,AMD,AMD,3.200000047683716
2012-10-12,AMD,AMD,2.740000009536743
2012-10-15,AMD,AMD,2.75
2012-10-16,AMD,AMD,2.680000066757202
2012-10-17,AMD,AMD,2.7699999809265137
2012-10-18,AMD,AMD,2.619999885559082
2012-10-19,AMD,AMD,2.180000066757202
2012-10-22,AMD,AMD,2.0999999046325684
2012-10-23,AMD,AMD,2.140000104904175
2012-10-24,AMD,AMD,2.0799999237060547
2012-10-25,AMD,AMD,2.119999885559082
2012-10-26,AMD,AMD,2.069999933242798
2012-10-31,AMD,AMD,2.049999952316284
2012-11-01,AMD,AMD,2.140000104904175
2012-11-02,AMD,AMD,2.0999999046325684
2012-11-05,AMD,AMD,2.109999895095825
2012-11-06,AMD,AMD,2.069999933242798
2012-11-07,AMD,AMD,2.009999990463257
2012-11-08,AMD,AMD,1.9800000190734863
2012-11-09,AMD,AMD,2.0299999713897705
2012-11-12,AMD,AMD,1.9900000095367432
2012-11-13,AMD,AMD,2.0899999141693115
2012-11-14,AMD,AMD,1.9299999475479126
2012-11-15,AMD,AMD,1.8700000047683716
2012-11-16,AMD,AMD,1.8600000143051147
2012-11-19,AMD,AMD,1.9199999570846558
2012-11-20,AMD,AMD,1.8799999952316284
2012-11-21,AMD,AMD,1.8700000047683716
2012-11-23,AMD,AMD,1.9500000476837158
2012-11-26,AMD,AMD,1.8700000047683716
2012-11-27,AMD,AMD,1.8799999952316284
2012-11-28,AMD,AMD,1.9600000381469727
2012-11-29,AMD,AMD,2.0399999618530273
2012-11-30,AMD,AMD,2.200000047683716
2012-12-03,AMD,AMD,2.359999895095825
2012-12-04,AMD,AMD,2.259999990463257
2012-12-05,AMD,AMD,2.2899999618530273
2012-12-06,AMD,AMD,2.3399999141693115
2012-12-07,AMD,AMD,2.359999895095825
2012-12-10,AMD,AMD,2.319999933242798
2012-12-11,AMD,AMD,2.3299999237060547
2012-12-12,AMD,AMD,2.369999885559082
2012-12-13,AMD,AMD,2.4100000858306885
2012-12-14,AMD,AMD,2.390000104904175
2012-12-17,AMD,AMD,2.4600000381469727
2012-12-18,AMD,AMD,2.5199999809265137
2012-12-19,AMD,AMD,2.5199999809265137
2012-12-20,AMD,AMD,2.4000000953674316
2012-12-21,AMD,AMD,2.5899999141693115
2012-12-24,AMD,AMD,2.4800000190734863
2012-12-26,AMD,AMD,2.430000066757202
2012-12-27,AMD,AMD,2.390000104904175
2012-12-28,AMD,AMD,2.2799999713897705
2012-12-31,AMD,AMD,2.4000000953674316
2013-01-02,AMD,AMD,2.5299999713897705
2013-01-03,AMD,AMD,2.490000009536743
2013-01-04,AMD,AMD,2.5899999141693115
2013-01-07,AMD,AMD,2.6700000762939453
2013-01-08,AMD,AMD,2.6700000762939453
2013-01-09,AMD,AMD,2.630000114440918
2013-01-10,AMD,AMD,2.619999885559082
2013-01-11,AMD,AMD,2.6700000762939453
2013-01-14,AMD,AMD,2.640000104904175
2013-01-15,AMD,AMD,2.680000066757202
2013-01-16,AMD,AMD,2.7200000286102295
2013-01-17,AMD,AMD,2.740000009536743
2013-01-18,AMD,AMD,2.4600000381469727
2013-01-22,AMD,AMD,2.450000047683716
2013-01-23,AMD,AMD,2.7300000190734863
2013-01-24,AMD,AMD,2.7899999618530273
2013-01-25,AMD,AMD,2.8499999046325684
2013-01-28,AMD,AMD,2.819999933242798
2013-01-29,AMD,AMD,2.740000009536743
2013-01-30,AMD,AMD,2.6500000953674316
2013-01-31,AMD,AMD,2.5999999046325684
2013-02-01,AMD,AMD,2.5999999046325684
2013-02-04,AMD,AMD,2.5199999809265137
2013-02-05,AMD,AMD,2.5999999046325684
2013-02-06,AMD,AMD,2.5999999046325684
2013-02-07,AMD,AMD,2.569999933242798
2013-02-08,AMD,AMD,2.5899999141693115
2013-02-11,AMD,AMD,2.6700000762939453
2013-02-12,AMD,AMD,2.7699999809265137
2013-02-13,AMD,AMD,2.75
2013-02-14,AMD,AMD,2.75
2013-02-15,AMD,AMD,2.7100000381469727
2013-02-19,AMD,AMD,2.819999933242798
2013-02-20,AMD,AMD,2.700000047683716
2013-02-21,AMD,AMD,2.5999999046325684
2013-02-22,AMD,AMD,2.609999895095825
2013-02-25,AMD,AMD,2.5299999713897705
2013-02-26,AMD,AMD,2.4600000381469727
2013-02-27,AMD,AMD,2.5299999713897705
2013-02-28,AMD,AMD,2.490000009536743
2013-03-01,AMD,AMD,2.4200000762939453
2013-03-04,AMD,AMD,2.4000000953674316
2013-03-05,AMD,AMD,2.430000066757202
2013-03-06,AMD,AMD,2.430000066757202
2013-03-07,AMD,AMD,2.549999952316284
2013-03-08,AMD,AMD,2.559999942779541
2013-03-11,AMD,AMD,2.5899999141693115
2013-03-12,AMD,AMD,2.609999895095825
2013-03-13,AMD,AMD,2.5999999046325684
2013-03-14,AMD,AMD,2.630000114440918
2013-03-15,AMD,AMD,2.5999999046325684
2013-03-18,AMD,AMD,2.6500000953674316
2013-03-19,AMD,AMD,2.6700000762939453
2013-03-20,AMD,AMD,2.75
2013-03-21,AMD,AMD,2.640000104904175
2013-03-22,AMD,AMD,2.5399999618530273
2013-03-25,AMD,AMD,2.509999990463257
2013-03-26,AMD,AMD,2.5399999618530273
2013-03-27,AMD,AMD,2.549999952316284
2013-03-28,AMD,AMD,2.549999952316284
2013-04-01,AMD,AMD,2.440000057220459
2013-04-02,AMD,AMD,2.390000104904175
2013-04-03,AMD,AMD,2.319999933242798
2013-04-04,AMD,AMD,2.3299999237060547
2013-04-05,AMD,AMD,2.2899999618530273
2013-04-08,AMD,AMD,2.5899999141693115
2013-04-09,AMD,AMD,2.630000114440918
2013-04-10,AMD,AMD,2.609999895095825
2013-04-11,AMD,AMD,2.5199999809265137
2013-04-12,AMD,AMD,2.4800000190734863
2013-04-15,AMD,AMD,2.4000000953674316
2013-04-16,AMD,AMD,2.440000057220459
2013-04-17,AMD,AMD,2.4000000953674316
2013-04-18,AMD,AMD,2.509999990463257
2013-04-19,AMD,AMD,2.4700000286102295
2013-04-22,AMD,AMD,2.4600000381469727
2013-04-23,AMD,AMD,2.5299999713897705
2013-04-24,AMD,AMD,2.609999895095825
2013-04-25,AMD,AMD,2.680000066757202
2013-04-26,AMD,AMD,2.640000104904175
2013-04-29,AMD,AMD,2.680000066757202
2013-04-30,AMD,AMD,2.819999933242798
2013-05-01,AMD,AMD,3.2200000286102295
2013-05-02,AMD,AMD,3.4100000858306885
2013-05-03,AMD,AMD,3.5999999046325684
2013-05-06,AMD,AMD,3.609999895095825
2013-05-07,AMD,AMD,3.5399999618530273
2013-05-08,AMD,AMD,3.8299999237060547
2013-05-09,AMD,AMD,3.859999895095825
2013-05-10,AMD,AMD,3.950000047683716
2013-05-13,AMD,AMD,4.170000076293945
2013-05-14,AMD,AMD,4.260000228881836
2013-05-15,AMD,AMD,4.380000114440918
2013-05-16,AMD,AMD,3.8299999237060547
2013-05-17,AMD,AMD,4.070000171661377
2013-05-20,AMD,AMD,4.099999904632568
2013-05-21,AMD,AMD,4.019999980926514
2013-05-22,AMD,AMD,3.9600000381469727
2013-05-23,AMD,AMD,4.010000228881836
2013-05-24,AMD,AMD,4.050000190734863
2013-05-28,AMD,AMD,4.050000190734863
2013-05-29,AMD,AMD,3.9800000190734863
2013-05-30,AMD,AMD,4.039999961853027
2013-05-31,AMD,AMD,4.0
2013-06-03,AMD,AMD,3.9600000381469727
2013-06-04,AMD,AMD,4.010000228881836
2013-06-05,AMD,AMD,3.9100000858306885
2013-06-06,AMD,AMD,3.940000057220459
2013-06-07,AMD,AMD,3.9100000858306885
2013-06-10,AMD,AMD,4.059999942779541
2013-06-11,AMD,AMD,3.9600000381469727
2013-06-12,AMD,AMD,3.9000000953674316
2013-06-13,AMD,AMD,3.950000047683716
2013-06-14,AMD,AMD,3.940000057220459
2013-06-17,AMD,AMD,4.050000190734863
2013-06-18,AMD,AMD,4.090000152587891
2013-06-19,AMD,AMD,4.070000171661377
2013-06-20,AMD,AMD,3.869999885559082
2013-06-21,AMD,AMD,4.0
2013-06-24,AMD,AMD,4.050000190734863
2013-06-25,AMD,AMD,4.150000095367432
2013-06-26,AMD,AMD,4.139999866485596
2013-06-27,AMD,AMD,4.079999923706055
2013-06-28,AMD,AMD,4.079999923706055
2013-07-01,AMD,AMD,4.099999904632568
2013-07-02,AMD,AMD,3.9700000286102295
2013-07-03,AMD,AMD,4.059999942779541
2013-07-05,AMD,AMD,4.070000171661377
2013-07-08,AMD,AMD,4.0
2013-07-09,AMD,AMD,4.050000190734863
2013-07-10,AMD,AMD,3.9800000190734863
2013-07-11,AMD,AMD,4.449999809265137
2013-07-12,AMD,AMD,4.320000171661377
2013-07-15,AMD,AMD,4.400000095367432
2013-07-16,AMD,AMD,4.429999828338623
2013-07-17,AMD,AMD,4.380000114440918
2013-07-18,AMD,AMD,4.639999866485596
2013-07-19,AMD,AMD,4.03000020980835
2013-07-22,AMD,AMD,3.9000000953674316
2013-07-23,AMD,AMD,3.6600000858306885
2013-07-24,AMD,AMD,3.630000114440918
2013-07-25,AMD,AMD,3.700000047683716
2013-07-26,AMD,AMD,3.819999933242798
2013-07-29,AMD,AMD,3.75
2013-07-30,AMD,AMD,3.819999933242798
2013-07-31,AMD,AMD,3.7699999809265137
2013-08-01,AMD,AMD,3.809999942779541
2013-08-02,AMD,AMD,3.799999952316284
2013-08-05,AMD,AMD,3.819999933242798
2013-08-06,AMD,AMD,3.7200000286102295
2013-08-07,AMD,AMD,3.690000057220459
2013-08-08,AMD,AMD,3.7100000381469727
2013-08-09,AMD,AMD,3.6500000953674316
2013-08-12,AMD,AMD,3.6500000953674316
2013-08-13,AMD,AMD,3.690000057220459
2013-08-14,AMD,AMD,3.819999933242798
2013-08-15,AMD,AMD,3.690000057220459
2013-08-16,AMD,AMD,3.6600000858306885
2013-08-19,AMD,AMD,3.5999999046325684
2013-08-20,AMD,AMD,3.630000114440918
2013-08-21,AMD,AMD,3.609999895095825
2013-08-22,AMD,AMD,3.630000114440918
2013-08-23,AMD,AMD,3.6500000953674316
2013-08-26,AMD,AMD,3.5799999237060547
2013-08-27,AMD,AMD,3.390000104904175
2013-08-28,AMD,AMD,3.4200000762939453
2013-08-29,AMD,AMD,3.380000114440918
2013-08-30,AMD,AMD,3.2699999809265137
2013-09-03,AMD,AMD,3.2699999809265137
2013-09-04,AMD,AMD,3.309999942779541
2013-09-05,AMD,AMD,3.4100000858306885
2013-09-06,AMD,AMD,3.569999933242798
2013-09-09,AMD,AMD,3.690000057220459
2013-09-10,AMD,AMD,3.869999885559082
2013-09-11,AMD,AMD,3.819999933242798
2013-09-12,AMD,AMD,3.75
2013-09-13,AMD,AMD,3.8299999237060547
2013-09-16,AMD,AMD,3.819999933242798
2013-09-17,AMD,AMD,3.8499999046325684
2013-09-18,AMD,AMD,3.930000066757202
2013-09-19,AMD,AMD,3.950000047683716
2013-09-20,AMD,AMD,3.8299999237060547
2013-09-23,AMD,AMD,3.7899999618530273
2013-09-24,AMD,AMD,3.799999952316284
2013-09-25,AMD,AMD,3.9100000858306885
2013-09-26,AMD,AMD,3.890000104904175
2013-09-27,AMD,AMD,3.859999895095825
2013-09-30,AMD,AMD,3.809999942779541
2013-10-01,AMD,AMD,3.859999895095825
2013-10-02,AMD,AMD,3.9000000953674316
2013-10-03,AMD,AMD,3.9000000953674316
2013-10-04,AMD,AMD,3.9100000858306885
2013-10-07,AMD,AMD,3.859999895095825
2013-10-08,AMD,AMD,3.7200000286102295
2013-10-09,AMD,AMD,3.6500000953674316
2013-10-10,AMD,AMD,3.7899999618530273
2013-10-11,AMD,AMD,3.8299999237060547
2013-10-14,AMD,AMD,3.9700000286102295
2013-10-15,AMD,AMD,4.019999980926514
2013-10-16,AMD,AMD,4.090000152587891
2013-10-17,AMD,AMD,4.090000152587891
2013-10-18,AMD,AMD,3.5299999713897705
2013-10-21,AMD,AMD,3.369999885559082
2013-10-22,AMD,AMD,3.180000066757202
2013-10-23,AMD,AMD,3.140000104904175
2013-10-24,AMD,AMD,3.2300000190734863
2013-10-25,AMD,AMD,3.3399999141693115
2013-10-28,AMD,AMD,3.319999933242798
2013-10-29,AMD,AMD,3.3299999237060547
2013-10-30,AMD,AMD,3.299999952316284
2013-10-31,AMD,AMD,3.3399999141693115
2013-11-01,AMD,AMD,3.309999942779541
2013-11-04,AMD,AMD,3.319999933242798
2013-11-05,AMD,AMD,3.3299999237060547
2013-11-06,AMD,AMD,3.319999933242798
2013-11-07,AMD,AMD,3.2799999713897705
2013-11-08,AMD,AMD,3.2699999809265137
2013-11-11,AMD,AMD,3.3399999141693115
2013-11-12,AMD,AMD,3.440000057220459
2013-11-13,AMD,AMD,3.5399999618530273
2013-11-14,AMD,AMD,3.5199999809265137
2013-11-15,AMD,AMD,3.5
2013-11-18,AMD,AMD,3.4700000286102295
2013-11-19,AMD,AMD,3.4200000762939453
2013-11-20,AMD,AMD,3.4200000762939453
2013-11-21,AMD,AMD,3.369999885559082
2013-11-22,AMD,AMD,3.3399999141693115
2013-11-25,AMD,AMD,3.390000104904175
2013-11-26,AMD,AMD,3.450000047683716
2013-11-27,AMD,AMD,3.559999942779541
2013-11-29,AMD,AMD,3.640000104904175
2013-12-02,AMD,AMD,3.6600000858306885
2013-12-03,AMD,AMD,3.619999885559082
2013-12-04,AMD,AMD,3.569999933242798
2013-12-05,AMD,AMD,3.640000104904175
2013-12-06,AMD,AMD,3.6600000858306885
2013-12-09,AMD,AMD,3.630000114440918
2013-12-10,AMD,AMD,3.7200000286102295
2013-12-11,AMD,AMD,3.680000066757202
2013-12-12,AMD,AMD,3.690000057220459
2013-12-13,AMD,AMD,3.690000057220459
2013-12-16,AMD,AMD,3.5899999141693115
2013-12-17,AMD,AMD,3.6500000953674316
2013-12-18,AMD,AMD,3.6500000953674316
2013-12-19,AMD,AMD,3.6500000953674316
2013-12-20,AMD,AMD,3.690000057220459
2013-12-23,AMD,AMD,3.75
2013-12-24,AMD,AMD,3.7699999809265137
2013-12-26,AMD,AMD,3.799999952316284
2013-12-27,AMD,AMD,3.7799999713897705
2013-12-30,AMD,AMD,3.8499999046325684
2013-12-31,AMD,AMD,3.869999885559082
2014-01-02,AMD,AMD,3.950000047683716
2014-01-03,AMD,AMD,4.0
2014-01-06,AMD,AMD,4.130000114440918
2014-01-07,AMD,AMD,4.179999828338623
2014-01-08,AMD,AMD,4.179999828338623
2014-01-09,AMD,AMD,4.090000152587891
2014-01-10,AMD,AMD,4.170000076293945
2014-01-13,AMD,AMD,4.130000114440918
2014-01-14,AMD,AMD,4.300000190734863
2014-01-15,AMD,AMD,4.46999979019165
2014-01-16,AMD,AMD,4.380000114440918
2014-01-17,AMD,AMD,4.179999828338623
2014-01-21,AMD,AMD,4.170000076293945
2014-01-22,AMD,AMD,3.6700000762939453
2014-01-23,AMD,AMD,3.619999885559082
2014-01-24,AMD,AMD,3.4700000286102295
2014-01-27,AMD,AMD,3.4100000858306885
2014-01-28,AMD,AMD,3.5399999618530273
2014-01-29,AMD,AMD,3.4800000190734863
2014-01-30,AMD,AMD,3.4800000190734863
2014-01-31,AMD,AMD,3.430000066757202
2014-02-03,AMD,AMD,3.3299999237060547
2014-02-04,AMD,AMD,3.369999885559082
2014-02-05,AMD,AMD,3.309999942779541
2014-02-06,AMD,AMD,3.4100000858306885
2014-02-07,AMD,AMD,3.4700000286102295
2014-02-10,AMD,AMD,3.630000114440918
2014-02-11,AMD,AMD,3.700000047683716
2014-02-12,AMD,AMD,3.690000057220459
2014-02-13,AMD,AMD,3.700000047683716
2014-02-14,AMD,AMD,3.690000057220459
2014-02-18,AMD,AMD,3.700000047683716
2014-02-19,AMD,AMD,3.7200000286102295
2014-02-20,AMD,AMD,3.690000057220459
2014-02-21,AMD,AMD,3.690000057220459
2014-02-24,AMD,AMD,3.7100000381469727
2014-02-25,AMD,AMD,3.690000057220459
2014-02-26,AMD,AMD,3.700000047683716
2014-02-27,AMD,AMD,3.7100000381469727
2014-02-28,AMD,AMD,3.7100000381469727
2014-03-03,AMD,AMD,3.6700000762939453
2014-03-04,AMD,AMD,3.700000047683716
2014-03-05,AMD,AMD,3.7100000381469727
2014-03-06,AMD,AMD,3.7300000190734863
2014-03-07,AMD,AMD,3.950000047683716
2014-03-10,AMD,AMD,3.809999942779541
2014-03-11,AMD,AMD,3.8499999046325684
2014-03-12,AMD,AMD,3.9100000858306885
2014-03-13,AMD,AMD,3.859999895095825
2014-03-14,AMD,AMD,3.8499999046325684
2014-03-17,AMD,AMD,3.799999952316284
2014-03-18,AMD,AMD,3.890000104904175
2014-03-19,AMD,AMD,3.9800000190734863
2014-03-20,AMD,AMD,4.050000190734863
2014-03-21,AMD,AMD,4.039999961853027
2014-03-24,AMD,AMD,4.050000190734863
2014-03-25,AMD,AMD,4.050000190734863
2014-03-26,AMD,AMD,4.050000190734863
2014-03-27,AMD,AMD,3.9100000858306885
2014-03-28,AMD,AMD,3.880000114440918
2014-03-31,AMD,AMD,4.010000228881836
2014-04-01,AMD,AMD,4.070000171661377
2014-04-02,AMD,AMD,4.059999942779541
2014-04-03,AMD,AMD,4.0
2014-04-04,AMD,AMD,4.010000228881836
2014-04-07,AMD,AMD,3.880000114440918
2014-04-08,AMD,AMD,3.990000009536743
2014-04-09,AMD,AMD,3.9800000190734863
2014-04-10,AMD,AMD,3.8499999046325684
2014-04-11,AMD,AMD,3.6500000953674316
2014-04-14,AMD,AMD,3.7100000381469727
2014-04-15,AMD,AMD,3.7899999618530273
2014-04-16,AMD,AMD,3.759999990463257
2014-04-17,AMD,AMD,3.690000057220459
2014-04-21,AMD,AMD,4.119999885559082
2014-04-22,AMD,AMD,4.300000190734863
2014-04-23,AMD,AMD,4.25
2014-04-24,AMD,AMD,4.28000020980835
2014-04-25,AMD,AMD,4.050000190734863
2014-04-28,AMD,AMD,3.9600000381469727
2014-04-29,AMD,AMD,4.03000020980835
2014-04-30,AMD,AMD,4.090000152587891
2014-05-01,AMD,AMD,4.199999809265137
2014-05-02,AMD,AMD,4.119999885559082
2014-05-05,AMD,AMD,4.090000152587891
2014-05-06,AMD,AMD,4.010000228881836
2014-05-07,AMD,AMD,3.9700000286102295
2014-05-08,AMD,AMD,3.930000066757202
2014-05-09,AMD,AMD,3.869999885559082
2014-05-12,AMD,AMD,3.9700000286102295
2014-05-13,AMD,AMD,4.03000020980835
2014-05-14,AMD,AMD,3.9800000190734863
2014-05-15,AMD,AMD,3.9600000381469727
2014-05-16,AMD,AMD,4.019999980926514
2014-05-19,AMD,AMD,4.090000152587891
2014-05-20,AMD,AMD,4.050000190734863
2014-05-21,AMD,AMD,4.099999904632568
2014-05-22,AMD,AMD,4.010000228881836
2014-05-23,AMD,AMD,4.019999980926514
2014-05-27,AMD,AMD,4.039999961853027
2014-05-28,AMD,AMD,4.0
2014-05-29,AMD,AMD,4.03000020980835
2014-05-30,AMD,AMD,4.0
2014-06-02,AMD,AMD,3.9700000286102295
2014-06-03,AMD,AMD,3.940000057220459
2014-06-04,AMD,AMD,4.039999961853027
2014-06-05,AMD,AMD,4.079999923706055
2014-06-06,AMD,AMD,4.059999942779541
2014-06-09,AMD,AMD,4.070000171661377
2014-06-10,AMD,AMD,4.199999809265137
2014-06-11,AMD,AMD,4.289999961853027
2014-06-12,AMD,AMD,4.289999961853027
2014-06-13,AMD,AMD,4.28000020980835
2014-06-16,AMD,AMD,4.440000057220459
2014-06-17,AMD,AMD,4.46999979019165
2014-06-18,AMD,AMD,4.400000095367432
2014-06-19,AMD,AMD,4.360000133514404
2014-06-20,AMD,AMD,4.099999904632568
2014-06-23,AMD,AMD,4.010000228881836
2014-06-24,AMD,AMD,3.940000057220459
2014-06-25,AMD,AMD,3.9600000381469727
2014-06-26,AMD,AMD,4.03000020980835
2014-06-27,AMD,AMD,4.110000133514404
2014-06-30,AMD,AMD,4.190000057220459
2014-07-01,AMD,AMD,4.21999979019165
2014-07-02,AMD,AMD,4.340000152587891
2014-07-03,AMD,AMD,4.239999771118164
2014-07-07,AMD,AMD,4.260000228881836
2014-07-08,AMD,AMD,4.21999979019165
2014-07-09,AMD,AMD,4.230000019073486
2014-07-10,AMD,AMD,4.289999961853027
2014-07-11,AMD,AMD,4.369999885559082
2014-07-14,AMD,AMD,4.639999866485596
2014-07-15,AMD,AMD,4.53000020980835
2014-07-16,AMD,AMD,4.659999847412109
2014-07-17,AMD,AMD,4.570000171661377
2014-07-18,AMD,AMD,3.8299999237060547
2014-07-21,AMD,AMD,3.7799999713897705
2014-07-22,AMD,AMD,3.799999952316284
2014-07-23,AMD,AMD,3.759999990463257
2014-07-24,AMD,AMD,3.7300000190734863
2014-07-25,AMD,AMD,3.759999990463257
2014-07-28,AMD,AMD,3.7300000190734863
2014-07-29,AMD,AMD,3.7899999618530273
2014-07-30,AMD,AMD,3.819999933242798
2014-07-31,AMD,AMD,3.9100000858306885
2014-08-01,AMD,AMD,3.9700000286102295
2014-08-04,AMD,AMD,4.0
2014-08-05,AMD,AMD,4.079999923706055
2014-08-06,AMD,AMD,4.119999885559082
2014-08-07,AMD,AMD,4.099999904632568
2014-08-08,AMD,AMD,4.119999885559082
2014-08-11,AMD,AMD,4.139999866485596
2014-08-12,AMD,AMD,4.079999923706055
2014-08-13,AMD,AMD,4.110000133514404
2014-08-14,AMD,AMD,4.079999923706055
2014-08-15,AMD,AMD,4.130000114440918
2014-08-18,AMD,AMD,4.210000038146973
2014-08-19,AMD,AMD,4.269999980926514
2014-08-20,AMD,AMD,4.28000020980835
2014-08-21,AMD,AMD,4.239999771118164
2014-08-22,AMD,AMD,4.25
2014-08-25,AMD,AMD,4.179999828338623
2014-08-26,AMD,AMD,4.190000057220459
2014-08-27,AMD,AMD,4.159999847412109
2014-08-28,AMD,AMD,4.139999866485596
2014-08-29,AMD,AMD,4.170000076293945
2014-09-02,AMD,AMD,4.159999847412109
2014-09-03,AMD,AMD,4.190000057220459
2014-09-04,AMD,AMD,4.150000095367432
2014-09-05,AMD,AMD,4.150000095367432
2014-09-08,AMD,AMD,4.130000114440918
2014-09-09,AMD,AMD,4.079999923706055
2014-09-10,AMD,AMD,4.079999923706055
2014-09-11,AMD,AMD,4.079999923706055
2014-09-12,AMD,AMD,3.9600000381469727
2014-09-15,AMD,AMD,3.9100000858306885
2014-09-16,AMD,AMD,3.809999942779541
2014-09-17,AMD,AMD,3.819999933242798
2014-09-18,AMD,AMD,3.880000114440918
2014-09-19,AMD,AMD,3.809999942779541
2014-09-22,AMD,AMD,3.759999990463257
2014-09-23,AMD,AMD,3.690000057220459
2014-09-24,AMD,AMD,3.700000047683716
2014-09-25,AMD,AMD,3.630000114440918
2014-09-26,AMD,AMD,3.5999999046325684
2014-09-29,AMD,AMD,3.549999952316284
2014-09-30,AMD,AMD,3.4100000858306885
2014-10-01,AMD,AMD,3.3499999046325684
2014-10-02,AMD,AMD,3.390000104904175
2014-10-03,AMD,AMD,3.4000000953674316
2014-10-06,AMD,AMD,3.359999895095825
2014-10-07,AMD,AMD,3.2799999713897705
2014-10-08,AMD,AMD,3.2799999713897705
2014-10-09,AMD,AMD,2.950000047683716
2014-10-10,AMD,AMD,2.7200000286102295
2014-10-13,AMD,AMD,2.740000009536743
2014-10-14,AMD,AMD,2.619999885559082
2014-10-15,AMD,AMD,2.609999895095825
2014-10-16,AMD,AMD,2.640000104904175
2014-10-17,AMD,AMD,2.7200000286102295
2014-10-20,AMD,AMD,2.6700000762939453
2014-10-21,AMD,AMD,2.7699999809265137
2014-10-22,AMD,AMD,2.640000104904175
2014-10-23,AMD,AMD,2.690000057220459
2014-10-24,AMD,AMD,2.680000066757202
2014-10-27,AMD,AMD,2.6600000858306885
2014-10-28,AMD,AMD,2.7200000286102295
2014-10-29,AMD,AMD,2.7699999809265137
2014-10-30,AMD,AMD,2.75
2014-10-31,AMD,AMD,2.799999952316284
2014-11-03,AMD,AMD,2.869999885559082
2014-11-04,AMD,AMD,2.8299999237060547
2014-11-05,AMD,AMD,2.799999952316284
2014-11-06,AMD,AMD,2.759999990463257
2014-11-07,AMD,AMD,2.7799999713897705
2014-11-10,AMD,AMD,2.759999990463257
2014-11-11,AMD,AMD,2.7300000190734863
2014-11-12,AMD,AMD,2.7100000381469727
2014-11-13,AMD,AMD,2.6600000858306885
2014-11-14,AMD,AMD,2.609999895095825
2014-11-17,AMD,AMD,2.6700000762939453
2014-11-18,AMD,AMD,2.6500000953674316
2014-11-19,AMD,AMD,2.630000114440918
2014-11-20,AMD,AMD,2.690000057220459
2014-11-21,AMD,AMD,2.7699999809265137
2014-11-24,AMD,AMD,2.8299999237060547
2014-11-25,AMD,AMD,2.8299999237060547
2014-11-26,AMD,AMD,2.8399999141693115
2014-11-28,AMD,AMD,2.7899999618530273
2014-12-01,AMD,AMD,2.6700000762939453
2014-12-02,AMD,AMD,2.680000066757202
2014-12-03,AMD,AMD,2.740000009536743
2014-12-04,AMD,AMD,2.690000057220459
2014-12-05,AMD,AMD,2.6600000858306885
2014-12-08,AMD,AMD,2.5799999237060547
2014-12-09,AMD,AMD,2.5899999141693115
2014-12-10,AMD,AMD,2.4800000190734863
2014-12-11,AMD,AMD,2.490000009536743
2014-12-12,AMD,AMD,2.5199999809265137
2014-12-15,AMD,AMD,2.4700000286102295
2014-12-16,AMD,AMD,2.5
2014-12-17,AMD,AMD,2.549999952316284
2014-12-18,AMD,AMD,2.549999952316284
2014-12-19,AMD,AMD,2.569999933242798
2014-12-22,AMD,AMD,2.6600000858306885
2014-12-23,AMD,AMD,2.6700000762939453
2014-12-24,AMD,AMD,2.6500000953674316
2014-12-26,AMD,AMD,2.6500000953674316
2014-12-29,AMD,AMD,2.6600000858306885
2014-12-30,AMD,AMD,2.630000114440918
2014-12-31,AMD,AMD,2.6700000762939453
2015-01-02,AMD,AMD,2.6700000762939453
2015-01-05,AMD,AMD,2.6600000858306885
2015-01-06,AMD,AMD,2.630000114440918
2015-01-07,AMD,AMD,2.5799999237060547
2015-01-08,AMD,AMD,2.609999895095825
2015-01-09,AMD,AMD,2.630000114440918
2015-01-12,AMD,AMD,2.630000114440918
2015-01-13,AMD,AMD,2.6600000858306885
2015-01-14,AMD,AMD,2.630000114440918
2015-01-15,AMD,AMD,2.5199999809265137
2015-01-16,AMD,AMD,2.390000104904175
2015-01-20,AMD,AMD,2.240000009536743
2015-01-21,AMD,AMD,2.450000047683716
2015-01-22,AMD,AMD,2.4700000286102295
2015-01-23,AMD,AMD,2.450000047683716
2015-01-26,AMD,AMD,2.609999895095825
2015-01-27,AMD,AMD,2.700000047683716
2015-01-28,AMD,AMD,2.630000114440918
2015-01-29,AMD,AMD,2.609999895095825
2015-01-30,AMD,AMD,2.569999933242798
2015-02-02,AMD,AMD,2.6700000762939453
2015-02-03,AMD,AMD,2.759999990463257
2015-02-04,AMD,AMD,2.8499999046325684
2015-02-05,AMD,AMD,3.309999942779541
2015-02-06,AMD,AMD,3.0299999713897705
2015-02-09,AMD,AMD,3.0399999618530273
2015-02-10,AMD,AMD,3.0399999618530273
2015-02-11,AMD,AMD,3.069999933242798
2015-02-12,AMD,AMD,3.119999885559082
2015-02-13,AMD,AMD,3.1500000953674316
2015-02-17,AMD,AMD,3.109999895095825
2015-02-18,AMD,AMD,3.0799999237060547
2015-02-19,AMD,AMD,3.059999942779541
2015-02-20,AMD,AMD,3.059999942779541
2015-02-23,AMD,AMD,3.059999942779541
2015-02-24,AMD,AMD,3.109999895095825
2015-02-25,AMD,AMD,3.0999999046325684
2015-02-26,AMD,AMD,3.0799999237060547
2015-02-27,AMD,AMD,3.109999895095825
2015-03-02,AMD,AMD,3.2100000381469727
2015-03-03,AMD,AMD,3.140000104904175
2015-03-04,AMD,AMD,3.049999952316284
2015-03-05,AMD,AMD,2.9800000190734863
2015-03-06,AMD,AMD,2.9200000762939453
2015-03-09,AMD,AMD,2.930000066757202
2015-03-10,AMD,AMD,2.9200000762939453
2015-03-11,AMD,AMD,2.8399999141693115
2015-03-12,AMD,AMD,2.759999990463257
2015-03-13,AMD,AMD,2.75
2015-03-16,AMD,AMD,2.759999990463257
2015-03-17,AMD,AMD,2.7699999809265137
2015-03-18,AMD,AMD,2.75
2015-03-19,AMD,AMD,2.740000009536743
2015-03-20,AMD,AMD,2.799999952316284
2015-03-23,AMD,AMD,2.8399999141693115
2015-03-24,AMD,AMD,2.7899999618530273
2015-03-25,AMD,AMD,2.630000114440918
2015-03-26,AMD,AMD,2.6500000953674316
2015-03-27,AMD,AMD,2.7200000286102295
2015-03-30,AMD,AMD,2.700000047683716
2015-03-31,AMD,AMD,2.680000066757202
2015-04-01,AMD,AMD,2.690000057220459
2015-04-02,AMD,AMD,2.690000057220459
2015-04-06,AMD,AMD,2.700000047683716
2015-04-07,AMD,AMD,2.700000047683716
2015-04-08,AMD,AMD,2.7100000381469727
2015-04-09,AMD,AMD,2.7200000286102295
2015-04-10,AMD,AMD,2.759999990463257
2015-04-13,AMD,AMD,2.7799999713897705
2015-04-14,AMD,AMD,2.6700000762939453
2015-04-15,AMD,AMD,2.700000047683716
2015-04-16,AMD,AMD,2.869999885559082
2015-04-17,AMD,AMD,2.5799999237060547
2015-04-20,AMD,AMD,2.490000009536743
2015-04-21,AMD,AMD,2.3499999046325684
2015-04-22,AMD,AMD,2.2799999713897705
2015-04-23,AMD,AMD,2.3299999237060547
2015-04-24,AMD,AMD,2.299999952316284
2015-04-27,AMD,AMD,2.3399999141693115
2015-04-28,AMD,AMD,2.309999942779541
2015-04-29,AMD,AMD,2.2799999713897705
2015-04-30,AMD,AMD,2.259999990463257
2015-05-01,AMD,AMD,2.309999942779541
2015-05-04,AMD,AMD,2.309999942779541
2015-05-05,AMD,AMD,2.2799999713897705
2015-05-06,AMD,AMD,2.2899999618530273
2015-05-07,AMD,AMD,2.319999933242798
2015-05-08,AMD,AMD,2.309999942779541
2015-05-11,AMD,AMD,2.319999933242798
2015-05-12,AMD,AMD,2.3499999046325684
2015-05-13,AMD,AMD,2.369999885559082
2015-05-14,AMD,AMD,2.3299999237060547
2015-05-15,AMD,AMD,2.319999933242798
2015-05-18,AMD,AMD,2.3499999046325684
2015-05-19,AMD,AMD,2.2799999713897705
2015-05-20,AMD,AMD,2.319999933242798
2015-05-21,AMD,AMD,2.2799999713897705
2015-05-22,AMD,AMD,2.2799999713897705
2015-05-26,AMD,AMD,2.2200000286102295
2015-05-27,AMD,AMD,2.2799999713897705
2015-05-28,AMD,AMD,2.2699999809265137
2015-05-29,AMD,AMD,2.2799999713897705
2015-06-01,AMD,AMD,2.25
2015-06-02,AMD,AMD,2.299999952316284
2015-06-03,AMD,AMD,2.2799999713897705
2015-06-04,AMD,AMD,2.3299999237060547
2015-06-05,AMD,AMD,2.3299999237060547
2015-06-08,AMD,AMD,2.309999942779541
2015-06-09,AMD,AMD,2.2899999618530273
2015-06-10,AMD,AMD,2.319999933242798
2015-06-11,AMD,AMD,2.319999933242798
2015-06-12,AMD,AMD,2.309999942779541
2015-06-15,AMD,AMD,2.319999933242798
2015-06-16,AMD,AMD,2.3499999046325684
2015-06-17,AMD,AMD,2.4700000286102295
2015-06-18,AMD,AMD,2.5199999809265137
2015-06-19,AMD,AMD,2.5799999237060547
2015-06-22,AMD,AMD,2.619999885559082
2015-06-23,AMD,AMD,2.609999895095825
2015-06-24,AMD,AMD,2.619999885559082
2015-06-25,AMD,AMD,2.5799999237060547
2015-06-26,AMD,AMD,2.4700000286102295
2015-06-29,AMD,AMD,2.3399999141693115
2015-06-30,AMD,AMD,2.4000000953674316
2015-07-01,AMD,AMD,2.4200000762939453
2015-07-02,AMD,AMD,2.5299999713897705
2015-07-06,AMD,AMD,2.4700000286102295
2015-07-07,AMD,AMD,2.0899999141693115
2015-07-08,AMD,AMD,2.009999990463257
2015-07-09,AMD,AMD,1.9800000190734863
2015-07-10,AMD,AMD,1.9600000381469727
2015-07-13,AMD,AMD,1.9600000381469727
2015-07-14,AMD,AMD,2.049999952316284
2015-07-15,AMD,AMD,1.9600000381469727
2015-07-16,AMD,AMD,1.8700000047683716
2015-07-17,AMD,AMD,1.7899999618530273
2015-07-20,AMD,AMD,1.7999999523162842
2015-07-21,AMD,AMD,1.7999999523162842
2015-07-22,AMD,AMD,1.7899999618530273
2015-07-23,AMD,AMD,1.7599999904632568
2015-07-24,AMD,AMD,1.6699999570846558
2015-07-27,AMD,AMD,1.6200000047683716
2015-07-28,AMD,AMD,1.7699999809265137
2015-07-29,AMD,AMD,1.9600000381469727
2015-07-30,AMD,AMD,1.9299999475479126
2015-07-31,AMD,AMD,1.9299999475479126
2015-08-03,AMD,AMD,2.200000047683716
2015-08-04,AMD,AMD,2.130000114440918
2015-08-05,AMD,AMD,2.1600000858306885
2015-08-06,AMD,AMD,2.109999895095825
2015-08-07,AMD,AMD,2.0899999141693115
2015-08-10,AMD,AMD,1.9299999475479126
2015-08-11,AMD,AMD,1.899999976158142
2015-08-12,AMD,AMD,1.899999976158142
2015-08-13,AMD,AMD,1.7899999618530273
2015-08-14,AMD,AMD,1.840000033378601
2015-08-17,AMD,AMD,1.7999999523162842
2015-08-18,AMD,AMD,1.7999999523162842
2015-08-19,AMD,AMD,1.7999999523162842
2015-08-20,AMD,AMD,1.7000000476837158
2015-08-21,AMD,AMD,1.7799999713897705
2015-08-24,AMD,AMD,1.75
2015-08-25,AMD,AMD,1.659999966621399
2015-08-26,AMD,AMD,1.7200000286102295
2015-08-27,AMD,AMD,1.7799999713897705
2015-08-28,AMD,AMD,1.850000023841858
2015-08-31,AMD,AMD,1.809999942779541
2015-09-01,AMD,AMD,1.7100000381469727
2015-09-02,AMD,AMD,1.7699999809265137
2015-09-03,AMD,AMD,1.7899999618530273
2015-09-04,AMD,AMD,1.8200000524520874
2015-09-08,AMD,AMD,1.8799999952316284
2015-09-09,AMD,AMD,1.850000023841858
2015-09-10,AMD,AMD,1.840000033378601
2015-09-11,AMD,AMD,2.009999990463257
2015-09-14,AMD,AMD,1.8200000524520874
2015-09-15,AMD,AMD,1.8600000143051147
2015-09-16,AMD,AMD,1.8899999856948853
2015-09-17,AMD,AMD,1.8899999856948853
2015-09-18,AMD,AMD,1.8700000047683716
2015-09-21,AMD,AMD,1.809999942779541
2015-09-22,AMD,AMD,1.7300000190734863
2015-09-23,AMD,AMD,1.7000000476837158
2015-09-24,AMD,AMD,1.7200000286102295
2015-09-25,AMD,AMD,1.7100000381469727
2015-09-28,AMD,AMD,1.659999966621399
2015-09-29,AMD,AMD,1.6699999570846558
2015-09-30,AMD,AMD,1.7200000286102295
2015-10-01,AMD,AMD,1.7400000095367432
2015-10-02,AMD,AMD,1.8300000429153442
2015-10-05,AMD,AMD,1.7999999523162842
2015-10-06,AMD,AMD,1.8300000429153442
2015-10-07,AMD,AMD,1.8600000143051147
2015-10-08,AMD,AMD,1.9299999475479126
2015-10-09,AMD,AMD,1.9600000381469727
2015-10-12,AMD,AMD,1.8700000047683716
2015-10-13,AMD,AMD,1.9199999570846558
2015-10-14,AMD,AMD,1.9500000476837158
2015-10-15,AMD,AMD,1.9700000286102295
2015-10-16,AMD,AMD,1.940000057220459
2015-10-19,AMD,AMD,2.009999990463257
2015-10-20,AMD,AMD,2.0199999809265137
2015-10-21,AMD,AMD,2.0999999046325684
2015-10-22,AMD,AMD,2.140000104904175
2015-10-23,AMD,AMD,2.2100000381469727
2015-10-26,AMD,AMD,2.1500000953674316
2015-10-27,AMD,AMD,2.1500000953674316
2015-10-28,AMD,AMD,2.180000066757202
2015-10-29,AMD,AMD,2.130000114440918
2015-10-30,AMD,AMD,2.119999885559082
2015-11-02,AMD,AMD,2.190000057220459
2015-11-03,AMD,AMD,2.2799999713897705
2015-11-04,AMD,AMD,2.200000047683716
2015-11-05,AMD,AMD,2.200000047683716
2015-11-06,AMD,AMD,2.1500000953674316
2015-11-09,AMD,AMD,2.109999895095825
2015-11-10,AMD,AMD,2.0199999809265137
2015-11-11,AMD,AMD,2.069999933242798
2015-11-12,AMD,AMD,2.0
2015-11-13,AMD,AMD,1.9900000095367432
2015-11-16,AMD,AMD,1.9900000095367432
2015-11-17,AMD,AMD,1.9800000190734863
2015-11-18,AMD,AMD,2.119999885559082
2015-11-19,AMD,AMD,2.140000104904175
2015-11-20,AMD,AMD,2.2200000286102295
2015-11-23,AMD,AMD,2.2200000286102295
2015-11-24,AMD,AMD,2.3399999141693115
2015-11-25,AMD,AMD,2.380000114440918
2015-11-27,AMD,AMD,2.3299999237060547
2015-11-30,AMD,AMD,2.359999895095825
2015-12-01,AMD,AMD,2.3399999141693115
2015-12-02,AMD,AMD,2.2699999809265137
2015-12-03,AMD,AMD,2.2300000190734863
2015-12-04,AMD,AMD,2.2799999713897705
2015-12-07,AMD,AMD,2.359999895095825
2015-12-08,AMD,AMD,2.390000104904175
2015-12-09,AMD,AMD,2.3499999046325684
2015-12-10,AMD,AMD,2.450000047683716
2015-12-11,AMD,AMD,2.359999895095825
2015-12-14,AMD,AMD,2.3399999141693115
2015-12-15,AMD,AMD,2.359999895095825
2015-12-16,AMD,AMD,2.5399999618530273
2015-12-17,AMD,AMD,2.559999942779541
2015-12-18,AMD,AMD,2.450000047683716
2015-12-21,AMD,AMD,2.5299999713897705
2015-12-22,AMD,AMD,2.7699999809265137
2015-12-23,AMD,AMD,2.8299999237060547
2015-12-24,AMD,AMD,2.9200000762939453
2015-12-28,AMD,AMD,3.0
2015-12-29,AMD,AMD,3.0
2015-12-30,AMD,AMD,2.9800000190734863
2015-12-31,AMD,AMD,2.869999885559082
2016-01-04,AMD,AMD,2.7699999809265137
2016-01-05,AMD,AMD,2.75
2016-01-06,AMD,AMD,2.509999990463257
2016-01-07,AMD,AMD,2.2799999713897705
2016-01-08,AMD,AMD,2.140000104904175
2016-01-11,AMD,AMD,2.3399999141693115
2016-01-12,AMD,AMD,2.390000104904175
2016-01-13,AMD,AMD,2.25
2016-01-14,AMD,AMD,2.2100000381469727
2016-01-15,AMD,AMD,2.0299999713897705
2016-01-19,AMD,AMD,1.9500000476837158
2016-01-20,AMD,AMD,1.7999999523162842
2016-01-21,AMD,AMD,2.0899999141693115
2016-01-22,AMD,AMD,2.0199999809265137
2016-01-25,AMD,AMD,2.119999885559082
2016-01-26,AMD,AMD,2.069999933242798
2016-01-27,AMD,AMD,2.130000114440918
2016-01-28,AMD,AMD,2.0799999237060547
2016-01-29,AMD,AMD,2.200000047683716
2016-02-01,AMD,AMD,2.140000104904175
2016-02-02,AMD,AMD,1.9900000095367432
2016-02-03,AMD,AMD,2.069999933242798
2016-02-04,AMD,AMD,2.0899999141693115
2016-02-05,AMD,AMD,1.9800000190734863
2016-02-08,AMD,AMD,1.9299999475479126
2016-02-09,AMD,AMD,1.899999976158142
2016-02-10,AMD,AMD,1.840000033378601
2016-02-11,AMD,AMD,1.8600000143051147
2016-02-12,AMD,AMD,1.8300000429153442
2016-02-16,AMD,AMD,1.8300000429153442
2016-02-17,AMD,AMD,1.899999976158142
2016-02-18,AMD,AMD,1.909999966621399
2016-02-19,AMD,AMD,1.909999966621399
2016-02-22,AMD,AMD,2.009999990463257
2016-02-23,AMD,AMD,1.9700000286102295
2016-02-24,AMD,AMD,2.0199999809265137
2016-02-25,AMD,AMD,2.0299999713897705
2016-02-26,AMD,AMD,2.069999933242798
2016-02-29,AMD,AMD,2.140000104904175
2016-03-01,AMD,AMD,2.180000066757202
2016-03-02,AMD,AMD,2.319999933242798
2016-03-03,AMD,AMD,2.4600000381469727
2016-03-04,AMD,AMD,2.369999885559082
2016-03-07,AMD,AMD,2.4700000286102295
2016-03-08,AMD,AMD,2.299999952316284
2016-03-09,AMD,AMD,2.259999990463257
2016-03-10,AMD,AMD,2.259999990463257
2016-03-11,AMD,AMD,2.5199999809265137
2016-03-14,AMD,AMD,2.7200000286102295
2016-03-15,AMD,AMD,2.490000009536743
2016-03-16,AMD,AMD,2.630000114440918
2016-03-17,AMD,AMD,2.799999952316284
2016-03-18,AMD,AMD,2.930000066757202
2016-03-21,AMD,AMD,2.799999952316284
2016-03-22,AMD,AMD,2.7899999618530273
2016-03-23,AMD,AMD,2.680000066757202
2016-03-24,AMD,AMD,2.7899999618530273
2016-03-28,AMD,AMD,2.7799999713897705
2016-03-29,AMD,AMD,2.859999895095825
2016-03-30,AMD,AMD,2.859999895095825
2016-03-31,AMD,AMD,2.8499999046325684
2016-04-01,AMD,AMD,2.8299999237060547
2016-04-04,AMD,AMD,2.8299999237060547
2016-04-05,AMD,AMD,2.759999990463257
2016-04-06,AMD,AMD,2.799999952316284
2016-04-07,AMD,AMD,2.640000104904175
2016-04-08,AMD,AMD,2.740000009536743
2016-04-11,AMD,AMD,2.759999990463257
2016-04-12,AMD,AMD,2.809999942779541
2016-04-13,AMD,AMD,2.799999952316284
2016-04-14,AMD,AMD,2.7200000286102295
2016-04-15,AMD,AMD,2.700000047683716
2016-04-18,AMD,AMD,2.759999990463257
2016-04-19,AMD,AMD,2.619999885559082
2016-04-20,AMD,AMD,2.700000047683716
2016-04-21,AMD,AMD,2.619999885559082
2016-04-22,AMD,AMD,3.990000009536743
2016-04-25,AMD,AMD,3.450000047683716
2016-04-26,AMD,AMD,3.6600000858306885
2016-04-27,AMD,AMD,3.7300000190734863
2016-04-28,AMD,AMD,3.609999895095825
2016-04-29,AMD,AMD,3.549999952316284
2016-05-02,AMD,AMD,3.740000009536743
2016-05-03,AMD,AMD,3.5999999046325684
2016-05-04,AMD,AMD,3.5999999046325684
2016-05-05,AMD,AMD,3.6600000858306885
2016-05-06,AMD,AMD,3.680000066757202
2016-05-09,AMD,AMD,3.6500000953674316
2016-05-10,AMD,AMD,3.640000104904175
2016-05-11,AMD,AMD,3.6500000953674316
2016-05-12,AMD,AMD,3.5899999141693115
2016-05-13,AMD,AMD,3.6700000762939453
2016-05-16,AMD,AMD,3.7899999618530273
2016-05-17,AMD,AMD,3.7899999618530273
2016-05-18,AMD,AMD,3.8399999141693115
2016-05-19,AMD,AMD,3.7699999809265137
2016-05-20,AMD,AMD,3.869999885559082
2016-05-23,AMD,AMD,4.039999961853027
2016-05-24,AMD,AMD,4.199999809265137
2016-05-25,AMD,AMD,4.179999828338623
2016-05-26,AMD,AMD,4.349999904632568
2016-05-27,AMD,AMD,4.599999904632568
2016-05-31,AMD,AMD,4.570000171661377
2016-06-01,AMD,AMD,4.429999828338623
2016-06-02,AMD,AMD,4.239999771118164
2016-06-03,AMD,AMD,4.159999847412109
2016-06-06,AMD,AMD,4.46999979019165
2016-06-07,AMD,AMD,4.510000228881836
2016-06-08,AMD,AMD,4.460000038146973
2016-06-09,AMD,AMD,4.519999980926514
2016-06-10,AMD,AMD,4.320000171661377
2016-06-13,AMD,AMD,4.400000095367432
2016-06-14,AMD,AMD,4.389999866485596
2016-06-15,AMD,AMD,4.420000076293945
2016-06-16,AMD,AMD,4.75
2016-06-17,AMD,AMD,5.260000228881836
2016-06-20,AMD,AMD,5.099999904632568
2016-06-21,AMD,AMD,5.449999809265137
2016-06-22,AMD,AMD,5.019999980926514
2016-06-23,AMD,AMD,5.210000038146973
2016-06-24,AMD,AMD,4.880000114440918
2016-06-27,AMD,AMD,4.71999979019165
2016-06-28,AMD,AMD,5.119999885559082
2016-06-29,AMD,AMD,5.130000114440918
2016-06-30,AMD,AMD,5.139999866485596
2016-07-01,AMD,AMD,5.070000171661377
2016-07-05,AMD,AMD,4.960000038146973
2016-07-06,AMD,AMD,5.039999961853027
2016-07-07,AMD,AMD,5.019999980926514
2016-07-08,AMD,AMD,5.099999904632568
2016-07-11,AMD,AMD,5.010000228881836
2016-07-12,AMD,AMD,5.139999866485596
2016-07-13,AMD,AMD,5.090000152587891
2016-07-14,AMD,AMD,5.170000076293945
2016-07-15,AMD,AMD,5.139999866485596
2016-07-18,AMD,AMD,5.510000228881836
2016-07-19,AMD,AMD,5.409999847412109
2016-07-20,AMD,AMD,5.409999847412109
2016-07-21,AMD,AMD,5.21999979019165
2016-07-22,AMD,AMD,5.840000152587891
2016-07-25,AMD,AMD,6.699999809265137
2016-07-26,AMD,AMD,6.980000019073486
2016-07-27,AMD,AMD,6.849999904632568
2016-07-28,AMD,AMD,6.820000171661377
2016-07-29,AMD,AMD,6.860000133514404
2016-08-01,AMD,AMD,6.639999866485596
2016-08-02,AMD,AMD,6.260000228881836
2016-08-03,AMD,AMD,6.300000190734863
2016-08-04,AMD,AMD,6.46999979019165
2016-08-05,AMD,AMD,6.610000133514404
2016-08-08,AMD,AMD,6.679999828338623
2016-08-09,AMD,AMD,6.599999904632568
2016-08-10,AMD,AMD,6.489999771118164
2016-08-11,AMD,AMD,6.579999923706055
2016-08-12,AMD,AMD,6.730000019073486
2016-08-15,AMD,AMD,6.949999809265137
2016-08-16,AMD,AMD,6.78000020980835
2016-08-17,AMD,AMD,6.679999828338623
2016-08-18,AMD,AMD,7.039999961853027
2016-08-19,AMD,AMD,7.619999885559082
2016-08-22,AMD,AMD,7.579999923706055
2016-08-23,AMD,AMD,7.670000076293945
2016-08-24,AMD,AMD,7.429999828338623
2016-08-25,AMD,AMD,7.46999979019165
2016-08-26,AMD,AMD,7.670000076293945
2016-08-29,AMD,AMD,7.590000152587891
2016-08-30,AMD,AMD,7.489999771118164
2016-08-31,AMD,AMD,7.400000095367432
2016-09-01,AMD,AMD,7.349999904632568
2016-09-02,AMD,AMD,7.510000228881836
2016-09-06,AMD,AMD,7.340000152587891
2016-09-07,AMD,AMD,6.840000152587891
2016-09-08,AMD,AMD,6.230000019073486
2016-09-09,AMD,AMD,5.900000095367432
2016-09-12,AMD,AMD,5.940000057220459
2016-09-13,AMD,AMD,5.739999771118164
2016-09-14,AMD,AMD,6.039999961853027
2016-09-15,AMD,AMD,6.019999980926514
2016-09-16,AMD,AMD,6.050000190734863
2016-09-19,AMD,AMD,6.159999847412109
2016-09-20,AMD,AMD,6.170000076293945
2016-09-21,AMD,AMD,6.289999961853027
2016-09-22,AMD,AMD,6.369999885559082
2016-09-23,AMD,AMD,6.550000190734863
2016-09-26,AMD,AMD,6.320000171661377
2016-09-27,AMD,AMD,6.539999961853027
2016-09-28,AMD,AMD,6.590000152587891
2016-09-29,AMD,AMD,6.670000076293945
2016-09-30,AMD,AMD,6.909999847412109
2016-10-03,AMD,AMD,6.949999809265137
2016-10-04,AMD,AMD,6.96999979019165
2016-10-05,AMD,AMD,6.78000020980835
2016-10-06,AMD,AMD,6.960000038146973
2016-10-07,AMD,AMD,6.75
2016-10-10,AMD,AMD,6.840000152587891
2016-10-11,AMD,AMD,6.5
2016-10-12,AMD,AMD,6.619999885559082
2016-10-13,AMD,AMD,6.489999771118164
2016-10-14,AMD,AMD,6.75
2016-10-17,AMD,AMD,6.670000076293945
2016-10-18,AMD,AMD,6.730000019073486
2016-10-19,AMD,AMD,6.769999980926514
2016-10-20,AMD,AMD,6.960000038146973
2016-10-21,AMD,AMD,6.519999980926514
2016-10-24,AMD,AMD,7.010000228881836
2016-10-25,AMD,AMD,7.5
2016-10-26,AMD,AMD,7.289999961853027
2016-10-27,AMD,AMD,7.110000133514404
2016-10-28,AMD,AMD,7.199999809265137
2016-10-31,AMD,AMD,7.230000019073486
2016-11-01,AMD,AMD,7.090000152587891
2016-11-02,AMD,AMD,6.760000228881836
2016-11-03,AMD,AMD,6.699999809265137
2016-11-04,AMD,AMD,6.559999942779541
2016-11-07,AMD,AMD,6.960000038146973
2016-11-08,AMD,AMD,7.0
2016-11-09,AMD,AMD,6.940000057220459
2016-11-10,AMD,AMD,6.300000190734863
2016-11-11,AMD,AMD,6.690000057220459
2016-11-14,AMD,AMD,6.789999961853027
2016-11-15,AMD,AMD,6.96999979019165
2016-11-16,AMD,AMD,7.670000076293945
2016-11-17,AMD,AMD,8.460000038146973
2016-11-18,AMD,AMD,8.710000038146973
2016-11-21,AMD,AMD,8.9399995803833
2016-11-22,AMD,AMD,8.6899995803833
2016-11-23,AMD,AMD,8.800000190734863
2016-11-25,AMD,AMD,8.770000457763672
2016-11-28,AMD,AMD,8.829999923706055
2016-11-29,AMD,AMD,8.930000305175781
2016-11-30,AMD,AMD,8.90999984741211
2016-12-01,AMD,AMD,8.390000343322754
2016-12-02,AMD,AMD,8.529999732971191
2016-12-05,AMD,AMD,8.680000305175781
2016-12-06,AMD,AMD,9.449999809265137
2016-12-07,AMD,AMD,9.5600004196167
2016-12-08,AMD,AMD,10.34000015258789
2016-12-09,AMD,AMD,10.34000015258789
2016-12-12,AMD,AMD,10.680000305175781
2016-12-13,AMD,AMD,10.539999961853027
2016-12-14,AMD,AMD,10.550000190734863
2016-12-15,AMD,AMD,10.859999656677246
2016-12-16,AMD,AMD,10.65999984741211
2016-12-19,AMD,AMD,10.949999809265137
2016-12-20,AMD,AMD,11.510000228881836
2016-12-21,AMD,AMD,11.470000267028809
2016-12-22,AMD,AMD,11.600000381469727
2016-12-23,AMD,AMD,11.579999923706055
2016-12-27,AMD,AMD,12.069999694824219
2016-12-28,AMD,AMD,11.550000190734863
2016-12-29,AMD,AMD,11.59000015258789
2016-12-30,AMD,AMD,11.34000015258789
2017-01-03,AMD,AMD,11.430000305175781
2017-01-04,AMD,AMD,11.430000305175781
2017-01-05,AMD,AMD,11.239999771118164
2017-01-06,AMD,AMD,11.319999694824219
2017-01-09,AMD,AMD,11.489999771118164
2017-01-10,AMD,AMD,11.4399995803833
2017-01-11,AMD,AMD,11.199999809265137
2017-01-12,AMD,AMD,10.760000228881836
2017-01-13,AMD,AMD,10.579999923706055
2017-01-17,AMD,AMD,9.819999694824219
2017-01-18,AMD,AMD,9.880000114440918
2017-01-19,AMD,AMD,9.770000457763672
2017-01-20,AMD,AMD,9.75
2017-01-23,AMD,AMD,9.90999984741211
2017-01-24,AMD,AMD,10.4399995803833
2017-01-25,AMD,AMD,10.350000381469727
2017-01-26,AMD,AMD,10.520000457763672
2017-01-27,AMD,AMD,10.670000076293945
2017-01-30,AMD,AMD,10.609999656677246
2017-01-31,AMD,AMD,10.369999885559082
2017-02-01,AMD,AMD,12.0600004196167
2017-02-02,AMD,AMD,12.279999732971191
2017-02-03,AMD,AMD,12.239999771118164
2017-02-06,AMD,AMD,13.630000114440918
2017-02-07,AMD,AMD,13.289999961853027
2017-02-08,AMD,AMD,13.5600004196167
2017-02-09,AMD,AMD,13.420000076293945
2017-02-10,AMD,AMD,13.579999923706055
2017-02-13,AMD,AMD,13.489999771118164
2017-02-14,AMD,AMD,13.260000228881836
2017-02-15,AMD,AMD,13.300000190734863
2017-02-16,AMD,AMD,12.970000267028809
2017-02-17,AMD,AMD,13.130000114440918
2017-02-21,AMD,AMD,14.0
2017-02-22,AMD,AMD,14.279999732971191
2017-02-23,AMD,AMD,14.319999694824219
2017-02-24,AMD,AMD,14.119999885559082
2017-02-27,AMD,AMD,15.199999809265137
2017-02-28,AMD,AMD,14.460000038146973
2017-03-01,AMD,AMD,14.960000038146973
2017-03-02,AMD,AMD,13.899999618530273
2017-03-03,AMD,AMD,13.029999732971191
2017-03-06,AMD,AMD,13.039999961853027
2017-03-07,AMD,AMD,13.050000190734863
2017-03-08,AMD,AMD,13.220000267028809
2017-03-09,AMD,AMD,13.329999923706055
2017-03-10,AMD,AMD,13.90999984741211
2017-03-13,AMD,AMD,14.279999732971191
2017-03-14,AMD,AMD,14.100000381469727
2017-03-15,AMD,AMD,13.979999542236328
2017-03-16,AMD,AMD,13.649999618530273
2017-03-17,AMD,AMD,13.489999771118164
2017-03-20,AMD,AMD,14.399999618530273
2017-03-21,AMD,AMD,13.819999694824219
2017-03-22,AMD,AMD,14.100000381469727
2017-03-23,AMD,AMD,13.789999961853027
2017-03-24,AMD,AMD,13.699999809265137
2017-03-27,AMD,AMD,13.699999809265137
2017-03-28,AMD,AMD,13.6899995803833
2017-03-29,AMD,AMD,13.710000038146973
2017-03-30,AMD,AMD,14.050000190734863
2017-03-31,AMD,AMD,14.550000190734863
2017-04-03,AMD,AMD,14.640000343322754
2017-04-04,AMD,AMD,14.15999984741211
2017-04-05,AMD,AMD,14.170000076293945
2017-04-06,AMD,AMD,13.270000457763672
2017-04-07,AMD,AMD,13.520000457763672
2017-04-10,AMD,AMD,13.100000381469727
2017-04-11,AMD,AMD,13.100000381469727
2017-04-12,AMD,AMD,12.760000228881836
2017-04-13,AMD,AMD,12.3100004196167
2017-04-17,AMD,AMD,12.789999961853027
2017-04-18,AMD,AMD,12.949999809265137
2017-04-19,AMD,AMD,12.84000015258789
2017-04-20,AMD,AMD,13.109999656677246
2017-04-21,AMD,AMD,13.0
2017-04-24,AMD,AMD,13.130000114440918
2017-04-25,AMD,AMD,13.489999771118164
2017-04-26,AMD,AMD,13.40999984741211
2017-04-27,AMD,AMD,13.619999885559082
2017-04-28,AMD,AMD,13.300000190734863
2017-05-01,AMD,AMD,13.619999885559082
2017-05-02,AMD,AMD,10.319999694824219
2017-05-03,AMD,AMD,10.390000343322754
2017-05-04,AMD,AMD,10.100000381469727
2017-05-05,AMD,AMD,10.1899995803833
2017-05-08,AMD,AMD,10.039999961853027
2017-05-09,AMD,AMD,10.180000305175781
2017-05-10,AMD,AMD,10.789999961853027
2017-05-11,AMD,AMD,11.069999694824219
2017-05-12,AMD,AMD,11.260000228881836
2017-05-15,AMD,AMD,11.420000076293945
2017-05-16,AMD,AMD,12.75
2017-05-17,AMD,AMD,11.199999809265137
2017-05-18,AMD,AMD,11.279999732971191
2017-05-19,AMD,AMD,11.40999984741211
2017-05-22,AMD,AMD,11.039999961853027
2017-05-23,AMD,AMD,10.890000343322754
2017-05-24,AMD,AMD,10.890000343322754
2017-05-25,AMD,AMD,10.979999542236328
2017-05-26,AMD,AMD,11.0
2017-05-30,AMD,AMD,11.119999885559082
2017-05-31,AMD,AMD,11.1899995803833
2017-06-01,AMD,AMD,10.930000305175781
2017-06-02,AMD,AMD,10.899999618530273
2017-06-05,AMD,AMD,11.239999771118164
2017-06-06,AMD,AMD,12.029999732971191
2017-06-07,AMD,AMD,12.380000114440918
2017-06-08,AMD,AMD,12.899999618530273
2017-06-09,AMD,AMD,12.279999732971191
2017-06-12,AMD,AMD,12.09000015258789
2017-06-13,AMD,AMD,11.960000038146973
2017-06-14,AMD,AMD,11.770000457763672
2017-06-15,AMD,AMD,11.5
2017-06-16,AMD,AMD,11.4399995803833
2017-06-19,AMD,AMD,11.930000305175781
2017-06-20,AMD,AMD,12.640000343322754
2017-06-21,AMD,AMD,13.979999542236328
2017-06-22,AMD,AMD,14.380000114440918
2017-06-23,AMD,AMD,14.170000076293945
2017-06-26,AMD,AMD,14.079999923706055
2017-06-27,AMD,AMD,13.399999618530273
2017-06-28,AMD,AMD,13.229999542236328
2017-06-29,AMD,AMD,12.600000381469727
2017-06-30,AMD,AMD,12.479999542236328
2017-07-03,AMD,AMD,12.149999618530273
2017-07-05,AMD,AMD,13.1899995803833
2017-07-06,AMD,AMD,13.020000457763672
2017-07-07,AMD,AMD,13.359999656677246
2017-07-10,AMD,AMD,13.8100004196167
2017-07-11,AMD,AMD,13.890000343322754
2017-07-12,AMD,AMD,14.289999961853027
2017-07-13,AMD,AMD,13.529999732971191
2017-07-14,AMD,AMD,13.920000076293945
2017-07-17,AMD,AMD,13.800000190734863
2017-07-18,AMD,AMD,13.479999542236328
2017-07-19,AMD,AMD,13.550000190734863
2017-07-20,AMD,AMD,13.800000190734863
2017-07-21,AMD,AMD,13.880000114440918
2017-07-24,AMD,AMD,14.15999984741211
2017-07-25,AMD,AMD,14.109999656677246
2017-07-26,AMD,AMD,14.760000228881836
2017-07-27,AMD,AMD,14.119999885559082
2017-07-28,AMD,AMD,13.949999809265137
2017-07-31,AMD,AMD,13.609999656677246
2017-08-01,AMD,AMD,13.710000038146973
2017-08-02,AMD,AMD,13.369999885559082
2017-08-03,AMD,AMD,13.239999771118164
2017-08-04,AMD,AMD,13.119999885559082
2017-08-07,AMD,AMD,13.430000305175781
2017-08-08,AMD,AMD,13.109999656677246
2017-08-09,AMD,AMD,12.829999923706055
2017-08-10,AMD,AMD,12.119999885559082
2017-08-11,AMD,AMD,12.229999542236328
2017-08-14,AMD,AMD,12.760000228881836
2017-08-15,AMD,AMD,13.020000457763672
2017-08-16,AMD,AMD,12.630000114440918
2017-08-17,AMD,AMD,12.34000015258789
2017-08-18,AMD,AMD,12.369999885559082
2017-08-21,AMD,AMD,12.050000190734863
2017-08-22,AMD,AMD,12.170000076293945
2017-08-23,AMD,AMD,12.479999542236328
2017-08-24,AMD,AMD,12.5
2017-08-25,AMD,AMD,12.430000305175781
2017-08-28,AMD,AMD,12.229999542236328
2017-08-29,AMD,AMD,12.149999618530273
2017-08-30,AMD,AMD,12.670000076293945
2017-08-31,AMD,AMD,13.0
2017-09-01,AMD,AMD,13.1899995803833
2017-09-05,AMD,AMD,12.920000076293945
2017-09-06,AMD,AMD,12.859999656677246
2017-09-07,AMD,AMD,12.630000114440918
2017-09-08,AMD,AMD,12.25
2017-09-11,AMD,AMD,12.550000190734863
2017-09-12,AMD,AMD,12.300000190734863
2017-09-13,AMD,AMD,12.220000267028809
2017-09-14,AMD,AMD,12.260000228881836
2017-09-15,AMD,AMD,12.520000457763672
2017-09-18,AMD,AMD,13.079999923706055
2017-09-19,AMD,AMD,13.119999885559082
2017-09-20,AMD,AMD,13.739999771118164
2017-09-21,AMD,AMD,13.40999984741211
2017-09-22,AMD,AMD,13.300000190734863
2017-09-25,AMD,AMD,12.609999656677246
2017-09-26,AMD,AMD,12.449999809265137
2017-09-27,AMD,AMD,12.739999771118164
2017-09-28,AMD,AMD,12.739999771118164
2017-09-29,AMD,AMD,12.75
2017-10-02,AMD,AMD,12.710000038146973
2017-10-03,AMD,AMD,13.420000076293945
2017-10-04,AMD,AMD,13.3100004196167
2017-10-05,AMD,AMD,13.34000015258789
2017-10-06,AMD,AMD,13.229999542236328
2017-10-09,AMD,AMD,13.470000267028809
2017-10-10,AMD,AMD,13.699999809265137
2017-10-11,AMD,AMD,13.880000114440918
2017-10-12,AMD,AMD,14.199999809265137
2017-10-13,AMD,AMD,14.220000267028809
2017-10-16,AMD,AMD,14.260000228881836
2017-10-17,AMD,AMD,14.15999984741211
2017-10-18,AMD,AMD,14.069999694824219
2017-10-19,AMD,AMD,13.949999809265137
2017-10-20,AMD,AMD,13.8100004196167
2017-10-23,AMD,AMD,14.100000381469727
2017-10-24,AMD,AMD,14.25
2017-10-25,AMD,AMD,12.329999923706055
2017-10-26,AMD,AMD,12.010000228881836
2017-10-27,AMD,AMD,11.84000015258789
2017-10-30,AMD,AMD,10.890000343322754
2017-10-31,AMD,AMD,10.989999771118164
2017-11-01,AMD,AMD,10.800000190734863
2017-11-02,AMD,AMD,10.850000381469727
2017-11-03,AMD,AMD,11.119999885559082
2017-11-06,AMD,AMD,11.930000305175781
2017-11-07,AMD,AMD,12.050000190734863
2017-11-08,AMD,AMD,11.710000038146973
2017-11-09,AMD,AMD,11.119999885559082
2017-11-10,AMD,AMD,11.260000228881836
2017-11-13,AMD,AMD,11.09000015258789
2017-11-14,AMD,AMD,11.119999885559082
2017-11-15,AMD,AMD,11.069999694824219
2017-11-16,AMD,AMD,11.25
2017-11-17,AMD,AMD,11.380000114440918
2017-11-20,AMD,AMD,11.34000015258789
2017-11-21,AMD,AMD,11.399999618530273
2017-11-22,AMD,AMD,11.369999885559082
2017-11-24,AMD,AMD,11.380000114440918
2017-11-27,AMD,AMD,11.550000190734863
2017-11-28,AMD,AMD,11.170000076293945
2017-11-29,AMD,AMD,10.829999923706055
2017-11-30,AMD,AMD,10.890000343322754
2017-12-01,AMD,AMD,10.729999542236328
2017-12-04,AMD,AMD,10.029999732971191
2017-12-05,AMD,AMD,9.90999984741211
2017-12-06,AMD,AMD,10.0
2017-12-07,AMD,AMD,10.039999961853027
2017-12-08,AMD,AMD,9.9399995803833
2017-12-11,AMD,AMD,10.15999984741211
2017-12-12,AMD,AMD,9.899999618530273
2017-12-13,AMD,AMD,10.109999656677246
2017-12-14,AMD,AMD,10.130000114440918
2017-12-15,AMD,AMD,10.289999961853027
2017-12-18,AMD,AMD,10.979999542236328
2017-12-19,AMD,AMD,10.949999809265137
2017-12-20,AMD,AMD,10.979999542236328
2017-12-21,AMD,AMD,10.890000343322754
2017-12-22,AMD,AMD,10.539999961853027
2017-12-26,AMD,AMD,10.460000038146973
2017-12-27,AMD,AMD,10.529999732971191
2017-12-28,AMD,AMD,10.550000190734863
2017-12-29,AMD,AMD,10.279999732971191
2018-01-02,AMD,AMD,10.979999542236328
2018-01-03,AMD,AMD,11.550000190734863
2018-01-04,AMD,AMD,12.119999885559082
2018-01-05,AMD,AMD,11.880000114440918
2018-01-08,AMD,AMD,12.279999732971191
2018-01-09,AMD,AMD,11.819999694824219
2018-01-10,AMD,AMD,11.960000038146973
2018-01-11,AMD,AMD,12.140000343322754
2018-01-12,AMD,AMD,12.020000457763672
2018-01-16,AMD,AMD,11.90999984741211
2018-01-17,AMD,AMD,12.180000305175781
2018-01-18,AMD,AMD,12.470000267028809
2018-01-19,AMD,AMD,12.59000015258789
2018-01-22,AMD,AMD,12.649999618530273
2018-01-23,AMD,AMD,12.9399995803833
2018-01-24,AMD,AMD,12.710000038146973
2018-01-25,AMD,AMD,12.40999984741211
2018-01-26,AMD,AMD,12.949999809265137
2018-01-29,AMD,AMD,13.319999694824219
2018-01-30,AMD,AMD,12.869999885559082
2018-01-31,AMD,AMD,13.739999771118164
2018-02-01,AMD,AMD,13.25
2018-02-02,AMD,AMD,12.449999809265137
2018-02-05,AMD,AMD,11.569999694824219
2018-02-06,AMD,AMD,11.649999618530273
2018-02-07,AMD,AMD,11.600000381469727
2018-02-08,AMD,AMD,11.220000267028809
2018-02-09,AMD,AMD,11.3100004196167
2018-02-12,AMD,AMD,11.680000305175781
2018-02-13,AMD,AMD,11.779999732971191
2018-02-14,AMD,AMD,12.199999809265137
2018-02-15,AMD,AMD,12.1899995803833
2018-02-16,AMD,AMD,11.819999694824219
2018-02-20,AMD,AMD,12.020000457763672
2018-02-21,AMD,AMD,11.720000267028809
2018-02-22,AMD,AMD,11.84000015258789
2018-02-23,AMD,AMD,12.069999694824219
2018-02-26,AMD,AMD,12.420000076293945
2018-02-27,AMD,AMD,12.529999732971191
2018-02-28,AMD,AMD,12.109999656677246
2018-03-01,AMD,AMD,11.899999618530273
2018-03-02,AMD,AMD,11.8100004196167
2018-03-05,AMD,AMD,11.90999984741211
2018-03-06,AMD,AMD,11.760000228881836
2018-03-07,AMD,AMD,12.239999771118164
2018-03-08,AMD,AMD,11.970000267028809
2018-03-09,AMD,AMD,11.699999809265137
2018-03-12,AMD,AMD,11.520000457763672
2018-03-13,AMD,AMD,11.640000343322754
2018-03-14,AMD,AMD,11.359999656677246
2018-03-15,AMD,AMD,11.460000038146973
2018-03-16,AMD,AMD,11.470000267028809
2018-03-19,AMD,AMD,11.430000305175781
2018-03-20,AMD,AMD,11.109999656677246
2018-03-21,AMD,AMD,11.260000228881836
2018-03-22,AMD,AMD,10.90999984741211
2018-03-23,AMD,AMD,10.630000114440918
2018-03-26,AMD,AMD,10.4399995803833
2018-03-27,AMD,AMD,10.0
2018-03-28,AMD,AMD,9.8100004196167
2018-03-29,AMD,AMD,10.050000190734863
2018-04-02,AMD,AMD,9.529999732971191
2018-04-03,AMD,AMD,9.550000190734863
2018-04-04,AMD,AMD,9.770000457763672
2018-04-05,AMD,AMD,10.020000457763672
2018-04-06,AMD,AMD,9.609999656677246
2018-04-09,AMD,AMD,9.529999732971191
2018-04-10,AMD,AMD,9.979999542236328
2018-04-11,AMD,AMD,9.819999694824219
2018-04-12,AMD,AMD,10.079999923706055
2018-04-13,AMD,AMD,9.930000305175781
2018-04-16,AMD,AMD,10.09000015258789
2018-04-17,AMD,AMD,10.520000457763672
2018-04-18,AMD,AMD,10.359999656677246
2018-04-19,AMD,AMD,10.109999656677246
2018-04-20,AMD,AMD,9.989999771118164
2018-04-23,AMD,AMD,10.039999961853027
2018-04-24,AMD,AMD,10.09000015258789
2018-04-25,AMD,AMD,9.710000038146973
2018-04-26,AMD,AMD,11.039999961853027
2018-04-27,AMD,AMD,11.109999656677246
2018-04-30,AMD,AMD,10.880000114440918
2018-05-01,AMD,AMD,11.130000114440918
2018-05-02,AMD,AMD,10.970000267028809
2018-05-03,AMD,AMD,10.930000305175781
2018-05-04,AMD,AMD,11.279999732971191
2018-05-07,AMD,AMD,11.59000015258789
2018-05-08,AMD,AMD,11.609999656677246
2018-05-09,AMD,AMD,11.949999809265137
2018-05-10,AMD,AMD,12.130000114440918
2018-05-11,AMD,AMD,11.949999809265137
2018-05-14,AMD,AMD,12.229999542236328
2018-05-15,AMD,AMD,12.449999809265137
2018-05-16,AMD,AMD,12.819999694824219
2018-05-17,AMD,AMD,12.819999694824219
2018-05-18,AMD,AMD,13.0
2018-05-21,AMD,AMD,12.989999771118164
2018-05-22,AMD,AMD,12.979999542236328
2018-05-23,AMD,AMD,13.100000381469727
2018-05-24,AMD,AMD,13.40999984741211
2018-05-25,AMD,AMD,13.539999961853027
2018-05-29,AMD,AMD,13.359999656677246
2018-05-30,AMD,AMD,13.819999694824219
2018-05-31,AMD,AMD,13.729999542236328
2018-06-01,AMD,AMD,14.399999618530273
2018-06-04,AMD,AMD,14.850000381469727
2018-06-05,AMD,AMD,14.850000381469727
2018-06-06,AMD,AMD,15.670000076293945
2018-06-07,AMD,AMD,14.890000343322754
2018-06-08,AMD,AMD,15.25
2018-06-11,AMD,AMD,15.729999542236328
2018-06-12,AMD,AMD,15.850000381469727
2018-06-13,AMD,AMD,16.31999969482422
2018-06-14,AMD,AMD,16.25
2018-06-15,AMD,AMD,16.34000015258789
2018-06-18,AMD,AMD,17.110000610351562
2018-06-19,AMD,AMD,16.690000534057617
2018-06-20,AMD,AMD,16.520000457763672
2018-06-21,AMD,AMD,15.649999618530273
2018-06-22,AMD,AMD,15.800000190734863
2018-06-25,AMD,AMD,15.109999656677246
2018-06-26,AMD,AMD,15.5
2018-06-27,AMD,AMD,14.970000267028809
2018-06-28,AMD,AMD,15.3100004196167
2018-06-29,AMD,AMD,14.989999771118164
2018-07-02,AMD,AMD,15.15999984741211
2018-07-03,AMD,AMD,15.0
2018-07-05,AMD,AMD,15.5
2018-07-06,AMD,AMD,16.360000610351562
2018-07-09,AMD,AMD,16.610000610351562
2018-07-10,AMD,AMD,16.549999237060547
2018-07-11,AMD,AMD,16.270000457763672
2018-07-12,AMD,AMD,16.559999465942383
2018-07-13,AMD,AMD,16.270000457763672
2018-07-16,AMD,AMD,16.579999923706055
2018-07-17,AMD,AMD,16.8700008392334
2018-07-18,AMD,AMD,16.850000381469727
2018-07-19,AMD,AMD,16.709999084472656
2018-07-20,AMD,AMD,16.5
2018-07-23,AMD,AMD,16.65999984741211
2018-07-24,AMD,AMD,16.190000534057617
2018-07-25,AMD,AMD,16.049999237060547
2018-07-26,AMD,AMD,18.350000381469727
2018-07-27,AMD,AMD,18.940000534057617
2018-07-30,AMD,AMD,19.420000076293945
2018-07-31,AMD,AMD,18.329999923706055
2018-08-01,AMD,AMD,18.479999542236328
2018-08-02,AMD,AMD,18.790000915527344
2018-08-03,AMD,AMD,18.489999771118164
2018-08-06,AMD,AMD,19.43000030517578
2018-08-07,AMD,AMD,19.559999465942383
2018-08-08,AMD,AMD,19.579999923706055
2018-08-09,AMD,AMD,19.100000381469727
2018-08-10,AMD,AMD,19.059999465942383
2018-08-13,AMD,AMD,19.729999542236328
2018-08-14,AMD,AMD,20.020000457763672
2018-08-15,AMD,AMD,19.700000762939453
2018-08-16,AMD,AMD,19.329999923706055
2018-08-17,AMD,AMD,19.770000457763672
2018-08-20,AMD,AMD,19.979999542236328
2018-08-21,AMD,AMD,20.399999618530273
2018-08-22,AMD,AMD,20.899999618530273
2018-08-23,AMD,AMD,22.290000915527344
2018-08-24,AMD,AMD,23.979999542236328
2018-08-27,AMD,AMD,25.260000228881836
2018-08-28,AMD,AMD,25.049999237060547
2018-08-29,AMD,AMD,25.200000762939453
2018-08-30,AMD,AMD,24.889999389648438
2018-08-31,AMD,AMD,25.170000076293945
2018-09-04,AMD,AMD,28.059999465942383
2018-09-05,AMD,AMD,28.510000228881836
2018-09-06,AMD,AMD,27.84000015258789
2018-09-07,AMD,AMD,27.3799991607666
2018-09-10,AMD,AMD,29.889999389648438
2018-09-11,AMD,AMD,30.100000381469727
2018-09-12,AMD,AMD,32.209999084472656
2018-09-13,AMD,AMD,30.479999542236328
2018-09-14,AMD,AMD,32.720001220703125
2018-09-17,AMD,AMD,32.43000030517578
2018-09-18,AMD,AMD,31.93000030517578
2018-09-19,AMD,AMD,31.209999084472656
2018-09-20,AMD,AMD,31.18000030517578
2018-09-21,AMD,AMD,31.020000457763672
2018-09-24,AMD,AMD,32.61000061035156
2018-09-25,AMD,AMD,32.56999969482422
2018-09-26,AMD,AMD,32.189998626708984
2018-09-27,AMD,AMD,32.59000015258789
2018-09-28,AMD,AMD,30.889999389648438
2018-10-01,AMD,AMD,31.420000076293945
2018-10-02,AMD,AMD,29.020000457763672
2018-10-03,AMD,AMD,28.43000030517578
2018-10-04,AMD,AMD,27.780000686645508
2018-10-05,AMD,AMD,27.350000381469727
2018-10-08,AMD,AMD,26.459999084472656
2018-10-09,AMD,AMD,27.239999771118164
2018-10-10,AMD,AMD,25.0
2018-10-11,AMD,AMD,25.299999237060547
2018-10-12,AMD,AMD,26.34000015258789
2018-10-15,AMD,AMD,26.260000228881836
2018-10-16,AMD,AMD,28.18000030517578
2018-10-17,AMD,AMD,27.299999237060547
2018-10-18,AMD,AMD,26.6200008392334
2018-10-19,AMD,AMD,23.65999984741211
2018-10-22,AMD,AMD,25.030000686645508
2018-10-23,AMD,AMD,25.09000015258789
2018-10-24,AMD,AMD,22.790000915527344
2018-10-25,AMD,AMD,19.270000457763672
2018-10-26,AMD,AMD,17.6299991607666
2018-10-29,AMD,AMD,16.850000381469727
2018-10-30,AMD,AMD,17.200000762939453
2018-10-31,AMD,AMD,18.209999084472656
2018-11-01,AMD,AMD,20.219999313354492
2018-11-02,AMD,AMD,20.229999542236328
2018-11-05,AMD,AMD,19.899999618530273
2018-11-06,AMD,AMD,20.68000030517578
2018-11-07,AMD,AMD,21.84000015258789
2018-11-08,AMD,AMD,21.200000762939453
2018-11-09,AMD,AMD,21.030000686645508
2018-11-12,AMD,AMD,19.030000686645508
2018-11-13,AMD,AMD,19.610000610351562
2018-11-14,AMD,AMD,20.809999465942383
2018-11-15,AMD,AMD,21.489999771118164
2018-11-16,AMD,AMD,20.65999984741211
2018-11-19,AMD,AMD,19.110000610351562
2018-11-20,AMD,AMD,19.209999084472656
2018-11-21,AMD,AMD,18.729999542236328
2018-11-23,AMD,AMD,19.3799991607666
2018-11-26,AMD,AMD,20.079999923706055
2018-11-27,AMD,AMD,21.049999237060547
2018-11-28,AMD,AMD,21.34000015258789
2018-11-29,AMD,AMD,21.43000030517578
2018-11-30,AMD,AMD,21.299999237060547
2018-12-03,AMD,AMD,23.709999084472656
2018-12-04,AMD,AMD,21.1200008392334
2018-12-06,AMD,AMD,21.299999237060547
2018-12-07,AMD,AMD,19.459999084472656
2018-12-10,AMD,AMD,19.989999771118164
2018-12-11,AMD,AMD,19.979999542236328
2018-12-12,AMD,AMD,20.479999542236328
2018-12-13,AMD,AMD,19.860000610351562
2018-12-14,AMD,AMD,19.899999618530273
2018-12-17,AMD,AMD,18.829999923706055
2018-12-18,AMD,AMD,19.5
2018-12-19,AMD,AMD,18.15999984741211
2018-12-20,AMD,AMD,17.940000534057617
2018-12-21,AMD,AMD,16.93000030517578
2018-12-24,AMD,AMD,16.649999618530273
2018-12-26,AMD,AMD,17.899999618530273
2018-12-27,AMD,AMD,17.489999771118164
2018-12-28,AMD,AMD,17.81999969482422
2018-12-31,AMD,AMD,18.459999084472656
2019-01-02,AMD,AMD,18.829999923706055
2019-01-03,AMD,AMD,17.049999237060547
2019-01-04,AMD,AMD,19.0
2019-01-07,AMD,AMD,20.56999969482422
2019-01-08,AMD,AMD,20.75
2019-01-09,AMD,AMD,20.190000534057617
2019-01-10,AMD,AMD,19.739999771118164
2019-01-11,AMD,AMD,20.270000457763672
2019-01-14,AMD,AMD,20.229999542236328
2019-01-15,AMD,AMD,20.3799991607666
2019-01-16,AMD,AMD,19.729999542236328
2019-01-17,AMD,AMD,20.25
2019-01-18,AMD,AMD,20.770000457763672
2019-01-22,AMD,AMD,19.760000228881836
2019-01-23,AMD,AMD,19.799999237060547
2019-01-24,AMD,AMD,20.850000381469727
2019-01-25,AMD,AMD,21.93000030517578
2019-01-28,AMD,AMD,20.18000030517578
2019-01-29,AMD,AMD,19.25
2019-01-30,AMD,AMD,23.09000015258789
2019-01-31,AMD,AMD,24.40999984741211
2019-02-01,AMD,AMD,24.510000228881836
2019-02-04,AMD,AMD,24.1299991607666
2019-02-05,AMD,AMD,23.309999465942383
2019-02-06,AMD,AMD,23.260000228881836
2019-02-07,AMD,AMD,22.670000076293945
2019-02-08,AMD,AMD,23.049999237060547
2019-02-11,AMD,AMD,22.959999084472656
2019-02-12,AMD,AMD,22.81999969482422
2019-02-13,AMD,AMD,22.850000381469727
2019-02-14,AMD,AMD,23.1299991607666
2019-02-15,AMD,AMD,23.68000030517578
2019-02-19,AMD,AMD,23.950000762939453
2019-02-20,AMD,AMD,23.950000762939453
2019-02-21,AMD,AMD,23.920000076293945
2019-02-22,AMD,AMD,24.360000610351562
2019-02-25,AMD,AMD,24.709999084472656
2019-02-26,AMD,AMD,24.209999084472656
2019-02-27,AMD,AMD,23.479999542236328
2019-02-28,AMD,AMD,23.530000686645508
2019-03-01,AMD,AMD,23.68000030517578
2019-03-04,AMD,AMD,23.3700008392334
2019-03-05,AMD,AMD,23.5
2019-03-06,AMD,AMD,22.40999984741211
2019-03-07,AMD,AMD,22.079999923706055
2019-03-08,AMD,AMD,22.010000228881836
2019-03-11,AMD,AMD,22.959999084472656
2019-03-12,AMD,AMD,23.489999771118164
2019-03-13,AMD,AMD,23.3799991607666
2019-03-14,AMD,AMD,22.81999969482422
2019-03-15,AMD,AMD,23.290000915527344
2019-03-18,AMD,AMD,23.25
2019-03-19,AMD,AMD,26.0
2019-03-20,AMD,AMD,25.700000762939453
2019-03-21,AMD,AMD,27.889999389648438
2019-03-22,AMD,AMD,26.3700008392334
2019-03-25,AMD,AMD,25.969999313354492
2019-03-26,AMD,AMD,25.690000534057617
2019-03-27,AMD,AMD,24.889999389648438
2019-03-28,AMD,AMD,25.059999465942383
2019-03-29,AMD,AMD,25.520000457763672
2019-04-01,AMD,AMD,26.360000610351562
2019-04-02,AMD,AMD,26.75
2019-04-03,AMD,AMD,29.020000457763672
2019-04-04,AMD,AMD,29.09000015258789
2019-04-05,AMD,AMD,28.979999542236328
2019-04-08,AMD,AMD,28.530000686645508
2019-04-09,AMD,AMD,27.239999771118164
2019-04-10,AMD,AMD,27.829999923706055
2019-04-11,AMD,AMD,27.790000915527344
2019-04-12,AMD,AMD,27.850000381469727
2019-04-15,AMD,AMD,27.329999923706055
2019-04-16,AMD,AMD,27.93000030517578
2019-04-17,AMD,AMD,27.489999771118164
2019-04-18,AMD,AMD,27.68000030517578
2019-04-22,AMD,AMD,28.18000030517578
2019-04-23,AMD,AMD,27.969999313354492
2019-04-24,AMD,AMD,28.459999084472656
2019-04-25,AMD,AMD,27.65999984741211
2019-04-26,AMD,AMD,27.8799991607666
2019-04-29,AMD,AMD,27.690000534057617
2019-04-30,AMD,AMD,27.6299991607666
2019-05-01,AMD,AMD,26.809999465942383
2019-05-02,AMD,AMD,28.290000915527344
2019-05-03,AMD,AMD,28.219999313354492
2019-05-06,AMD,AMD,27.420000076293945
2019-05-07,AMD,AMD,26.65999984741211
2019-05-08,AMD,AMD,27.09000015258789
2019-05-09,AMD,AMD,27.209999084472656
2019-05-10,AMD,AMD,27.959999084472656
2019-05-13,AMD,AMD,26.239999771118164
2019-05-14,AMD,AMD,27.31999969482422
2019-05-15,AMD,AMD,27.579999923706055
2019-05-16,AMD,AMD,28.010000228881836
2019-05-17,AMD,AMD,27.5
2019-05-20,AMD,AMD,26.68000030517578
2019-05-21,AMD,AMD,27.350000381469727
2019-05-22,AMD,AMD,27.40999984741211
2019-05-23,AMD,AMD,26.360000610351562
2019-05-24,AMD,AMD,26.440000534057617
2019-05-28,AMD,AMD,29.049999237060547
2019-05-29,AMD,AMD,28.09000015258789
2019-05-30,AMD,AMD,28.030000686645508
2019-05-31,AMD,AMD,27.40999984741211
2019-06-03,AMD,AMD,27.579999923706055
2019-06-04,AMD,AMD,29.56999969482422
2019-06-05,AMD,AMD,29.5
2019-06-06,AMD,AMD,31.81999969482422
2019-06-07,AMD,AMD,32.40999984741211
2019-06-10,AMD,AMD,33.22999954223633
2019-06-11,AMD,AMD,32.40999984741211
2019-06-12,AMD,AMD,32.18000030517578
2019-06-13,AMD,AMD,31.389999389648438
2019-06-14,AMD,AMD,30.360000610351562
2019-06-17,AMD,AMD,29.200000762939453
2019-06-18,AMD,AMD,30.450000762939453
2019-06-19,AMD,AMD,30.5
2019-06-20,AMD,AMD,30.010000228881836
2019-06-21,AMD,AMD,29.100000381469727
2019-06-24,AMD,AMD,29.260000228881836
2019-06-25,AMD,AMD,28.860000610351562
2019-06-26,AMD,AMD,29.920000076293945
2019-06-27,AMD,AMD,30.739999771118164
2019-06-28,AMD,AMD,30.3700008392334
2019-07-01,AMD,AMD,31.200000762939453
2019-07-02,AMD,AMD,31.239999771118164
2019-07-03,AMD,AMD,31.190000534057617
2019-07-05,AMD,AMD,31.5
2019-07-08,AMD,AMD,32.040000915527344
2019-07-09,AMD,AMD,33.150001525878906
2019-07-10,AMD,AMD,33.790000915527344
2019-07-11,AMD,AMD,33.060001373291016
2019-07-12,AMD,AMD,33.209999084472656
2019-07-15,AMD,AMD,34.38999938964844
2019-07-16,AMD,AMD,33.849998474121094
2019-07-17,AMD,AMD,33.599998474121094
2019-07-18,AMD,AMD,33.0
2019-07-19,AMD,AMD,32.5099983215332
2019-07-22,AMD,AMD,32.849998474121094
2019-07-23,AMD,AMD,33.4900016784668
2019-07-24,AMD,AMD,34.11000061035156
2019-07-25,AMD,AMD,33.66999816894531
2019-07-26,AMD,AMD,34.02000045776367
2019-07-29,AMD,AMD,33.47999954223633
2019-07-30,AMD,AMD,33.869998931884766
2019-07-31,AMD,AMD,30.450000762939453
2019-08-01,AMD,AMD,29.860000610351562
2019-08-02,AMD,AMD,29.440000534057617
2019-08-05,AMD,AMD,27.989999771118164
2019-08-06,AMD,AMD,28.860000610351562
2019-08-07,AMD,AMD,29.190000534057617
2019-08-08,AMD,AMD,33.91999816894531
2019-08-09,AMD,AMD,34.189998626708984
2019-08-12,AMD,AMD,32.43000030517578
2019-08-13,AMD,AMD,32.11000061035156
2019-08-14,AMD,AMD,30.239999771118164
2019-08-15,AMD,AMD,29.670000076293945
2019-08-16,AMD,AMD,31.18000030517578
2019-08-19,AMD,AMD,31.479999542236328
2019-08-20,AMD,AMD,30.719999313354492
2019-08-21,AMD,AMD,31.700000762939453
2019-08-22,AMD,AMD,31.899999618530273
2019-08-23,AMD,AMD,29.540000915527344
2019-08-26,AMD,AMD,30.280000686645508
2019-08-27,AMD,AMD,30.200000762939453
2019-08-28,AMD,AMD,30.780000686645508
2019-08-29,AMD,AMD,31.450000762939453
2019-08-30,AMD,AMD,31.450000762939453
2019-09-03,AMD,AMD,30.899999618530273
2019-09-04,AMD,AMD,30.950000762939453
2019-09-05,AMD,AMD,31.5
2019-09-06,AMD,AMD,30.559999465942383
2019-09-09,AMD,AMD,30.5
2019-09-10,AMD,AMD,30.229999542236328
2019-09-11,AMD,AMD,29.760000228881836
2019-09-12,AMD,AMD,30.209999084472656
2019-09-13,AMD,AMD,30.690000534057617
2019-09-16,AMD,AMD,30.829999923706055
2019-09-17,AMD,AMD,30.989999771118164
2019-09-18,AMD,AMD,30.420000076293945
2019-09-19,AMD,AMD,30.290000915527344
2019-09-20,AMD,AMD,30.049999237060547
2019-09-23,AMD,AMD,30.639999389648438
2019-09-24,AMD,AMD,29.520000457763672
2019-09-25,AMD,AMD,29.540000915527344
2019-09-26,AMD,AMD,29.469999313354492
2019-09-27,AMD,AMD,28.719999313354492
2019-09-30,AMD,AMD,28.989999771118164
2019-10-01,AMD,AMD,28.760000228881836
2019-10-02,AMD,AMD,28.309999465942383
2019-10-03,AMD,AMD,28.68000030517578
2019-10-04,AMD,AMD,29.010000228881836
2019-10-07,AMD,AMD,28.93000030517578
2019-10-08,AMD,AMD,28.229999542236328
2019-10-09,AMD,AMD,28.459999084472656
2019-10-10,AMD,AMD,28.3799991607666
2019-10-11,AMD,AMD,29.75
2019-10-14,AMD,AMD,30.530000686645508
2019-10-15,AMD,AMD,30.719999313354492
2019-10-16,AMD,AMD,30.809999465942383
2019-10-17,AMD,AMD,31.139999389648438
2019-10-18,AMD,AMD,30.969999313354492
2019-10-21,AMD,AMD,32.029998779296875
2019-10-22,AMD,AMD,31.510000228881836
2019-10-23,AMD,AMD,31.360000610351562
2019-10-24,AMD,AMD,31.719999313354492
2019-10-25,AMD,AMD,32.709999084472656
2019-10-28,AMD,AMD,33.689998626708984
2019-10-29,AMD,AMD,33.029998779296875
2019-10-30,AMD,AMD,33.130001068115234
2019-10-31,AMD,AMD,33.93000030517578
2019-11-01,AMD,AMD,34.88999938964844
2019-11-04,AMD,AMD,36.290000915527344
2019-11-05,AMD,AMD,36.150001525878906
2019-11-06,AMD,AMD,35.93000030517578
2019-11-07,AMD,AMD,36.279998779296875
2019-11-08,AMD,AMD,36.290000915527344
2019-11-11,AMD,AMD,36.310001373291016
2019-11-12,AMD,AMD,36.709999084472656
2019-11-13,AMD,AMD,37.52000045776367
2019-11-14,AMD,AMD,38.349998474121094
2019-11-15,AMD,AMD,38.560001373291016
2019-11-18,AMD,AMD,39.880001068115234
2019-11-19,AMD,AMD,41.290000915527344
2019-11-20,AMD,AMD,40.97999954223633
2019-11-21,AMD,AMD,39.52000045776367
2019-11-22,AMD,AMD,39.150001525878906
2019-11-25,AMD,AMD,39.790000915527344
2019-11-26,AMD,AMD,38.9900016784668
2019-11-27,AMD,AMD,39.40999984741211
2019-11-29,AMD,AMD,39.150001525878906
2019-12-02,AMD,AMD,38.72999954223633
2019-12-03,AMD,AMD,38.900001525878906
2019-12-04,AMD,AMD,39.689998626708984
2019-12-05,AMD,AMD,39.619998931884766
2019-12-06,AMD,AMD,39.630001068115234
2019-12-09,AMD,AMD,38.93000030517578
2019-12-10,AMD,AMD,39.439998626708984
2019-12-11,AMD,AMD,39.470001220703125
2019-12-12,AMD,AMD,42.59000015258789
2019-12-13,AMD,AMD,41.150001525878906
2019-12-16,AMD,AMD,42.349998474121094
2019-12-17,AMD,AMD,42.77000045776367
2019-12-18,AMD,AMD,42.29999923706055
2019-12-19,AMD,AMD,42.83000183105469
2019-12-20,AMD,AMD,44.150001525878906
2019-12-23,AMD,AMD,45.459999084472656
2019-12-24,AMD,AMD,46.540000915527344
2019-12-26,AMD,AMD,46.630001068115234
2019-12-27,AMD,AMD,46.18000030517578
2019-12-30,AMD,AMD,45.52000045776367
2019-12-31,AMD,AMD,45.86000061035156
2020-01-02,AMD,AMD,49.099998474121094
2020-01-03,AMD,AMD,48.599998474121094
2020-01-06,AMD,AMD,48.38999938964844
2020-01-07,AMD,AMD,48.25
2020-01-08,AMD,AMD,47.83000183105469
2020-01-09,AMD,AMD,48.970001220703125
2020-01-10,AMD,AMD,48.16999816894531
2020-01-13,AMD,AMD,48.75
2020-01-14,AMD,AMD,48.209999084472656
2020-01-15,AMD,AMD,48.54999923706055
2020-01-16,AMD,AMD,49.77000045776367
2020-01-17,AMD,AMD,50.93000030517578
2020-01-21,AMD,AMD,51.04999923706055
2020-01-22,AMD,AMD,51.43000030517578
2020-01-23,AMD,AMD,51.709999084472656
2020-01-24,AMD,AMD,50.349998474121094
2020-01-27,AMD,AMD,49.2599983215332
2020-01-28,AMD,AMD,50.529998779296875
2020-01-29,AMD,AMD,47.5099983215332
2020-01-30,AMD,AMD,48.779998779296875
2020-01-31,AMD,AMD,47.0
2020-02-03,AMD,AMD,48.02000045776367
2020-02-04,AMD,AMD,49.45000076293945
2020-02-05,AMD,AMD,49.84000015258789
2020-02-06,AMD,AMD,49.31999969482422
2020-02-07,AMD,AMD,49.72999954223633
2020-02-10,AMD,AMD,52.2599983215332
2020-02-11,AMD,AMD,53.79999923706055
2020-02-12,AMD,AMD,53.88999938964844
2020-02-13,AMD,AMD,54.529998779296875
2020-02-14,AMD,AMD,55.310001373291016
2020-02-18,AMD,AMD,56.88999938964844
2020-02-19,AMD,AMD,58.900001525878906
2020-02-20,AMD,AMD,57.27000045776367
2020-02-21,AMD,AMD,53.279998779296875
2020-02-24,AMD,AMD,49.119998931884766
2020-02-25,AMD,AMD,47.56999969482422
2020-02-26,AMD,AMD,47.4900016784668
2020-02-27,AMD,AMD,44.0099983215332
2020-02-28,AMD,AMD,45.47999954223633
2020-03-02,AMD,AMD,47.459999084472656
2020-03-03,AMD,AMD,46.75
2020-03-04,AMD,AMD,50.11000061035156
2020-03-05,AMD,AMD,48.11000061035156
2020-03-06,AMD,AMD,48.59000015258789
2020-03-09,AMD,AMD,43.27000045776367
2020-03-10,AMD,AMD,45.380001068115234
2020-03-11,AMD,AMD,45.70000076293945
2020-03-12,AMD,AMD,39.0099983215332
2020-03-13,AMD,AMD,43.900001525878906
2020-03-16,AMD,AMD,38.709999084472656
2020-03-17,AMD,AMD,41.880001068115234
2020-03-18,AMD,AMD,39.119998931884766
2020-03-19,AMD,AMD,39.81999969482422
2020-03-20,AMD,AMD,39.61000061035156
2020-03-23,AMD,AMD,41.63999938964844
2020-03-24,AMD,AMD,46.220001220703125
2020-03-25,AMD,AMD,44.630001068115234
2020-03-26,AMD,AMD,47.5
2020-03-27,AMD,AMD,46.58000183105469
2020-03-30,AMD,AMD,47.86000061035156
2020-03-31,AMD,AMD,45.47999954223633
2020-04-01,AMD,AMD,43.65999984741211
2020-04-02,AMD,AMD,44.4900016784668
2020-04-03,AMD,AMD,42.59000015258789
2020-04-06,AMD,AMD,47.52000045776367
2020-04-07,AMD,AMD,47.560001373291016
2020-04-08,AMD,AMD,48.790000915527344
2020-04-09,AMD,AMD,48.380001068115234
2020-04-13,AMD,AMD,50.939998626708984
2020-04-14,AMD,AMD,54.93000030517578
2020-04-15,AMD,AMD,54.9900016784668
2020-04-16,AMD,AMD,56.95000076293945
2020-04-17,AMD,AMD,56.599998474121094
2020-04-20,AMD,AMD,56.970001220703125
2020-04-21,AMD,AMD,52.91999816894531
2020-04-22,AMD,AMD,55.91999816894531
2020-04-23,AMD,AMD,55.900001525878906
2020-04-24,AMD,AMD,56.18000030517578
2020-04-27,AMD,AMD,56.4900016784668
2020-04-28,AMD,AMD,55.5099983215332
2020-04-29,AMD,AMD,53.65999984741211
2020-04-30,AMD,AMD,52.38999938964844
2020-05-01,AMD,AMD,49.880001068115234
2020-05-04,AMD,AMD,52.560001373291016
2020-05-05,AMD,AMD,52.189998626708984
2020-05-06,AMD,AMD,52.15999984741211
2020-05-07,AMD,AMD,51.95000076293945
2020-05-08,AMD,AMD,53.189998626708984
2020-05-11,AMD,AMD,55.7400016784668
2020-05-12,AMD,AMD,53.7599983215332
2020-05-13,AMD,AMD,52.18000030517578
2020-05-14,AMD,AMD,54.5099983215332
2020-05-15,AMD,AMD,54.20000076293945
2020-05-18,AMD,AMD,54.59000015258789
2020-05-19,AMD,AMD,55.470001220703125
2020-05-20,AMD,AMD,56.38999938964844
2020-05-21,AMD,AMD,54.650001525878906
2020-05-22,AMD,AMD,55.16999816894531
2020-05-26,AMD,AMD,53.189998626708984
2020-05-27,AMD,AMD,52.7400016784668
2020-05-28,AMD,AMD,51.7400016784668
2020-05-29,AMD,AMD,53.79999923706055
2020-06-01,AMD,AMD,53.630001068115234
2020-06-02,AMD,AMD,53.540000915527344
2020-06-03,AMD,AMD,52.72999954223633
2020-06-04,AMD,AMD,52.630001068115234
2020-06-05,AMD,AMD,53.099998474121094
2020-06-08,AMD,AMD,52.970001220703125
2020-06-09,AMD,AMD,56.38999938964844
2020-06-10,AMD,AMD,57.439998626708984
2020-06-11,AMD,AMD,52.83000183105469
2020-06-12,AMD,AMD,53.5
2020-06-15,AMD,AMD,54.68000030517578
2020-06-16,AMD,AMD,54.459999084472656
2020-06-17,AMD,AMD,54.54999923706055
2020-06-18,AMD,AMD,54.040000915527344
2020-06-19,AMD,AMD,54.22999954223633
2020-06-22,AMD,AMD,54.7599983215332
2020-06-23,AMD,AMD,53.9900016784668
2020-06-24,AMD,AMD,52.38999938964844
2020-06-25,AMD,AMD,51.93000030517578
2020-06-26,AMD,AMD,50.099998474121094
2020-06-29,AMD,AMD,50.279998779296875
2020-06-30,AMD,AMD,52.61000061035156
2020-07-01,AMD,AMD,52.58000183105469
2020-07-02,AMD,AMD,52.34000015258789
2020-07-06,AMD,AMD,53.400001525878906
2020-07-07,AMD,AMD,52.93000030517578
2020-07-08,AMD,AMD,53.43000030517578
2020-07-09,AMD,AMD,57.2599983215332
2020-07-10,AMD,AMD,55.880001068115234
2020-07-13,AMD,AMD,53.59000015258789
2020-07-14,AMD,AMD,54.720001220703125
2020-07-15,AMD,AMD,55.34000015258789
2020-07-16,AMD,AMD,54.91999816894531
2020-07-17,AMD,AMD,55.040000915527344
2020-07-20,AMD,AMD,57.459999084472656
2020-07-21,AMD,AMD,57.0
2020-07-22,AMD,AMD,61.790000915527344
2020-07-23,AMD,AMD,59.56999969482422
2020-07-24,AMD,AMD,69.4000015258789
2020-07-27,AMD,AMD,68.97000122070312
2020-07-28,AMD,AMD,67.61000061035156
2020-07-29,AMD,AMD,76.08999633789062
2020-07-30,AMD,AMD,78.19999694824219
2020-07-31,AMD,AMD,77.43000030517578
2020-08-03,AMD,AMD,77.66999816894531
2020-08-04,AMD,AMD,85.04000091552734
2020-08-05,AMD,AMD,85.30999755859375
2020-08-06,AMD,AMD,86.70999908447266
2020-08-07,AMD,AMD,84.8499984741211
2020-08-10,AMD,AMD,82.23999786376953
2020-08-11,AMD,AMD,76.87999725341797
2020-08-12,AMD,AMD,82.61000061035156
2020-08-13,AMD,AMD,81.83999633789062
2020-08-14,AMD,AMD,81.30000305175781
2020-08-17,AMD,AMD,82.41999816894531
2020-08-18,AMD,AMD,81.66000366210938
2020-08-19,AMD,AMD,81.08999633789062
2020-08-20,AMD,AMD,82.7699966430664
2020-08-21,AMD,AMD,83.80999755859375
2020-08-24,AMD,AMD,83.08000183105469
2020-08-25,AMD,AMD,86.3499984741211
2020-08-26,AMD,AMD,86.0199966430664
2020-08-27,AMD,AMD,83.80000305175781
2020-08-28,AMD,AMD,85.55000305175781
2020-08-31,AMD,AMD,90.81999969482422
2020-09-01,AMD,AMD,92.18000030517578
2020-09-02,AMD,AMD,90.22000122070312
2020-09-03,AMD,AMD,82.54000091552734
2020-09-04,AMD,AMD,82.01000213623047
2020-09-08,AMD,AMD,78.69000244140625
2020-09-09,AMD,AMD,81.91000366210938
2020-09-10,AMD,AMD,78.9800033569336
2020-09-11,AMD,AMD,76.33999633789062
2020-09-14,AMD,AMD,77.9000015258789
2020-09-15,AMD,AMD,78.93000030517578
2020-09-16,AMD,AMD,76.66000366210938
2020-09-17,AMD,AMD,76.55000305175781
2020-09-18,AMD,AMD,74.93000030517578
2020-09-21,AMD,AMD,77.94000244140625
2020-09-22,AMD,AMD,77.69999694824219
2020-09-23,AMD,AMD,74.7300033569336
2020-09-24,AMD,AMD,75.81999969482422
2020-09-25,AMD,AMD,78.05999755859375
2020-09-28,AMD,AMD,79.4800033569336
2020-09-29,AMD,AMD,81.7699966430664
2020-09-30,AMD,AMD,81.98999786376953
2020-10-01,AMD,AMD,84.86000061035156
2020-10-02,AMD,AMD,81.80000305175781
2020-10-05,AMD,AMD,86.1500015258789
2020-10-06,AMD,AMD,84.4800033569336
2020-10-07,AMD,AMD,86.69000244140625
2020-10-08,AMD,AMD,86.51000213623047
2020-10-09,AMD,AMD,83.0999984741211
2020-10-12,AMD,AMD,84.29000091552734
2020-10-13,AMD,AMD,85.27999877929688
2020-10-14,AMD,AMD,84.20999908447266
2020-10-15,AMD,AMD,83.12999725341797
2020-10-16,AMD,AMD,83.16999816894531
2020-10-19,AMD,AMD,82.0
2020-10-20,AMD,AMD,81.55999755859375
2020-10-21,AMD,AMD,79.19999694824219
2020-10-22,AMD,AMD,79.41999816894531
2020-10-23,AMD,AMD,81.95999908447266
2020-10-26,AMD,AMD,82.2300033569336
2020-10-27,AMD,AMD,78.87999725341797
2020-10-28,AMD,AMD,76.4000015258789
2020-10-29,AMD,AMD,78.0199966430664
2020-10-30,AMD,AMD,75.29000091552734
2020-11-02,AMD,AMD,74.69999694824219
2020-11-03,AMD,AMD,76.58000183105469
2020-11-04,AMD,AMD,81.3499984741211
2020-11-05,AMD,AMD,83.0
2020-11-06,AMD,AMD,85.87999725341797
2020-11-09,AMD,AMD,83.12000274658203
2020-11-10,AMD,AMD,77.98999786376953
2020-11-11,AMD,AMD,81.27999877929688
2020-11-12,AMD,AMD,81.83999633789062
2020-11-13,AMD,AMD,81.43000030517578
2020-11-16,AMD,AMD,83.7300033569336
2020-11-17,AMD,AMD,83.36000061035156
2020-11-18,AMD,AMD,82.54000091552734
2020-11-19,AMD,AMD,85.54000091552734
2020-11-20,AMD,AMD,84.63999938964844
2020-11-23,AMD,AMD,85.30999755859375
2020-11-24,AMD,AMD,85.06999969482422
2020-11-25,AMD,AMD,86.70999908447266
2020-11-27,AMD,AMD,87.19000244140625
2020-11-30,AMD,AMD,92.66000366210938
2020-12-01,AMD,AMD,92.62999725341797
2020-12-02,AMD,AMD,93.73999786376953
2020-12-03,AMD,AMD,92.30999755859375
2020-12-04,AMD,AMD,94.04000091552734
2020-12-07,AMD,AMD,94.06999969482422
2020-12-08,AMD,AMD,92.91999816894531
2020-12-09,AMD,AMD,89.83000183105469
2020-12-10,AMD,AMD,91.66000366210938
2020-12-11,AMD,AMD,91.6500015258789
2020-12-14,AMD,AMD,94.77999877929688
2020-12-15,AMD,AMD,97.12000274658203
2020-12-16,AMD,AMD,96.8499984741211
2020-12-17,AMD,AMD,96.83999633789062
2020-12-18,AMD,AMD,95.91999816894531
2020-12-21,AMD,AMD,93.2300033569336
2020-12-22,AMD,AMD,93.16000366210938
2020-12-23,AMD,AMD,91.55000305175781
2020-12-24,AMD,AMD,91.80999755859375
2020-12-28,AMD,AMD,91.5999984741211
2020-12-29,AMD,AMD,90.62000274658203
2020-12-30,AMD,AMD,92.29000091552734
2020-12-31,AMD,AMD,91.70999908447266
2021-01-04,AMD,AMD,92.30000305175781
2021-01-05,AMD,AMD,92.7699966430664
2021-01-06,AMD,AMD,90.33000183105469
2021-01-07,AMD,AMD,95.16000366210938
2021-01-08,AMD,AMD,94.58000183105469
2021-01-11,AMD,AMD,97.25
2021-01-12,AMD,AMD,95.36000061035156
2021-01-13,AMD,AMD,91.77999877929688
2021-01-14,AMD,AMD,90.79000091552734
2021-01-15,AMD,AMD,88.20999908447266
2021-01-19,AMD,AMD,89.44999694824219
2021-01-20,AMD,AMD,88.75
2021-01-21,AMD,AMD,91.52999877929688
2021-01-22,AMD,AMD,92.79000091552734
2021-01-25,AMD,AMD,94.12999725341797
2021-01-26,AMD,AMD,94.70999908447266
2021-01-27,AMD,AMD,88.83999633789062
2021-01-28,AMD,AMD,87.5199966430664
2021-01-29,AMD,AMD,85.63999938964844
2021-02-01,AMD,AMD,87.66000366210938
2021-02-02,AMD,AMD,88.86000061035156
2021-02-03,AMD,AMD,87.88999938964844
2021-02-04,AMD,AMD,87.83999633789062
2021-02-05,AMD,AMD,87.9000015258789
2021-02-08,AMD,AMD,91.47000122070312
2021-02-09,AMD,AMD,90.91000366210938
2021-02-10,AMD,AMD,92.3499984741211
2021-02-11,AMD,AMD,92.66000366210938
2021-02-12,AMD,AMD,93.7699966430664
2021-02-16,AMD,AMD,91.45999908447266
2021-02-17,AMD,AMD,89.94000244140625
2021-02-18,AMD,AMD,88.63999938964844
2021-02-19,AMD,AMD,89.58000183105469
2021-02-22,AMD,AMD,85.37000274658203
2021-02-23,AMD,AMD,84.73999786376953
2021-02-24,AMD,AMD,86.94000244140625
2021-02-25,AMD,AMD,82.41999816894531
2021-02-26,AMD,AMD,84.51000213623047
2021-03-01,AMD,AMD,86.38999938964844
2021-03-02,AMD,AMD,84.12999725341797
2021-03-03,AMD,AMD,80.86000061035156
2021-03-04,AMD,AMD,77.75
2021-03-05,AMD,AMD,78.5199966430664
2021-03-08,AMD,AMD,73.95999908447266
2021-03-09,AMD,AMD,78.52999877929688
2021-03-10,AMD,AMD,77.5199966430664
2021-03-11,AMD,AMD,81.2300033569336
2021-03-12,AMD,AMD,81.05000305175781
2021-03-15,AMD,AMD,82.5
2021-03-16,AMD,AMD,82.75
2021-03-17,AMD,AMD,82.62999725341797
2021-03-18,AMD,AMD,78.12000274658203
2021-03-19,AMD,AMD,79.05999755859375
2021-03-22,AMD,AMD,80.30000305175781
2021-03-23,AMD,AMD,78.37999725341797
2021-03-24,AMD,AMD,76.4800033569336
2021-03-25,AMD,AMD,76.22000122070312
2021-03-26,AMD,AMD,77.41000366210938
2021-03-29,AMD,AMD,77.13999938964844
2021-03-30,AMD,AMD,76.0
2021-03-31,AMD,AMD,78.5
2021-04-01,AMD,AMD,81.08999633789062
2021-04-05,AMD,AMD,81.43000030517578
2021-04-06,AMD,AMD,81.44000244140625
2021-04-07,AMD,AMD,82.19999694824219
2021-04-08,AMD,AMD,83.3499984741211
2021-04-09,AMD,AMD,82.76000213623047
2021-04-12,AMD,AMD,78.58000183105469
2021-04-13,AMD,AMD,80.19000244140625
2021-04-14,AMD,AMD,78.55000305175781
2021-04-15,AMD,AMD,83.01000213623047
2021-04-16,AMD,AMD,82.1500015258789
2021-04-19,AMD,AMD,81.11000061035156
2021-04-20,AMD,AMD,79.2699966430664
2021-04-21,AMD,AMD,81.61000061035156
2021-04-22,AMD,AMD,79.05999755859375
2021-04-23,AMD,AMD,82.76000213623047
2021-04-26,AMD,AMD,85.41000366210938
2021-04-27,AMD,AMD,85.20999908447266
2021-04-28,AMD,AMD,84.0199966430664
2021-04-29,AMD,AMD,83.91000366210938
2021-04-30,AMD,AMD,81.62000274658203
2021-05-03,AMD,AMD,78.55000305175781
2021-05-04,AMD,AMD,78.61000061035156
2021-05-05,AMD,AMD,77.83000183105469
2021-05-06,AMD,AMD,77.88999938964844
2021-05-07,AMD,AMD,78.80999755859375
2021-05-10,AMD,AMD,75.98999786376953
2021-05-11,AMD,AMD,76.83000183105469
2021-05-12,AMD,AMD,74.63999938964844
2021-05-13,AMD,AMD,73.08999633789062
2021-05-14,AMD,AMD,74.58999633789062
2021-05-17,AMD,AMD,74.6500015258789
2021-05-18,AMD,AMD,74.44000244140625
2021-05-19,AMD,AMD,76.2300033569336
2021-05-20,AMD,AMD,78.05999755859375
2021-05-21,AMD,AMD,77.16999816894531
2021-05-24,AMD,AMD,77.44000244140625
2021-05-25,AMD,AMD,77.86000061035156
2021-05-26,AMD,AMD,78.33999633789062
2021-05-27,AMD,AMD,78.41999816894531
2021-05-28,AMD,AMD,80.08000183105469
2021-06-01,AMD,AMD,80.80999755859375
2021-06-02,AMD,AMD,81.97000122070312
2021-06-03,AMD,AMD,80.27999877929688
2021-06-04,AMD,AMD,81.58000183105469
2021-06-07,AMD,AMD,81.3499984741211
2021-06-08,AMD,AMD,80.88999938964844
2021-06-09,AMD,AMD,79.95999908447266
2021-06-10,AMD,AMD,81.55999755859375
2021-06-11,AMD,AMD,81.30999755859375
2021-06-14,AMD,AMD,81.55000305175781
2021-06-15,AMD,AMD,80.47000122070312
2021-06-16,AMD,AMD,80.11000061035156
2021-06-17,AMD,AMD,84.55999755859375
2021-06-18,AMD,AMD,84.6500015258789
2021-06-21,AMD,AMD,82.58999633789062
2021-06-22,AMD,AMD,83.58000183105469
2021-06-23,AMD,AMD,83.81999969482422
2021-06-24,AMD,AMD,86.0999984741211
2021-06-25,AMD,AMD,85.62000274658203
2021-06-28,AMD,AMD,87.08000183105469
2021-06-29,AMD,AMD,89.5199966430664
2021-06-30,AMD,AMD,93.93000030517578
2021-07-01,AMD,AMD,93.30999755859375
2021-07-02,AMD,AMD,94.69999694824219
2021-07-06,AMD,AMD,94.47000122070312
2021-07-07,AMD,AMD,90.54000091552734
2021-07-08,AMD,AMD,89.73999786376953
2021-07-09,AMD,AMD,90.9000015258789
2021-07-12,AMD,AMD,90.80999755859375
2021-07-13,AMD,AMD,90.26000213623047
2021-07-14,AMD,AMD,89.05000305175781
2021-07-15,AMD,AMD,86.93000030517578
2021-07-16,AMD,AMD,85.88999938964844
2021-07-19,AMD,AMD,86.58000183105469
2021-07-20,AMD,AMD,87.11000061035156
2021-07-21,AMD,AMD,89.41000366210938
2021-07-22,AMD,AMD,91.20999908447266
2021-07-23,AMD,AMD,92.1500015258789
2021-07-26,AMD,AMD,91.81999969482422
2021-07-27,AMD,AMD,91.02999877929688
2021-07-28,AMD,AMD,97.93000030517578
2021-07-29,AMD,AMD,102.94999694824219
2021-07-30,AMD,AMD,106.19000244140625
2021-08-02,AMD,AMD,108.62999725341797
2021-08-03,AMD,AMD,112.55999755859375
2021-08-04,AMD,AMD,118.7699966430664
2021-08-05,AMD,AMD,112.3499984741211
2021-08-06,AMD,AMD,110.11000061035156
2021-08-09,AMD,AMD,107.58000183105469
2021-08-10,AMD,AMD,106.4800033569336
2021-08-11,AMD,AMD,107.68000030517578
2021-08-12,AMD,AMD,106.5
2021-08-13,AMD,AMD,110.55000305175781
2021-08-16,AMD,AMD,107.4800033569336
2021-08-17,AMD,AMD,107.55999755859375
2021-08-18,AMD,AMD,103.44000244140625
2021-08-19,AMD,AMD,103.69999694824219
2021-08-20,AMD,AMD,104.6500015258789
2021-08-23,AMD,AMD,108.7699966430664
2021-08-24,AMD,AMD,107.6500015258789
2021-08-25,AMD,AMD,108.30000305175781
2021-08-26,AMD,AMD,107.2699966430664
2021-08-27,AMD,AMD,111.4000015258789
2021-08-30,AMD,AMD,111.31999969482422
2021-08-31,AMD,AMD,110.72000122070312
2021-09-01,AMD,AMD,109.98999786376953
2021-09-02,AMD,AMD,109.19999694824219
2021-09-03,AMD,AMD,109.91999816894531
2021-09-07,AMD,AMD,109.1500015258789
2021-09-08,AMD,AMD,106.16999816894531
2021-09-09,AMD,AMD,106.1500015258789
2021-09-10,AMD,AMD,105.19999694824219
2021-09-13,AMD,AMD,104.80000305175781
2021-09-14,AMD,AMD,105.7300033569336
2021-09-15,AMD,AMD,105.5999984741211
2021-09-16,AMD,AMD,106.22000122070312
2021-09-17,AMD,AMD,103.87999725341797
2021-09-20,AMD,AMD,101.55000305175781
2021-09-21,AMD,AMD,102.81999969482422
2021-09-22,AMD,AMD,104.37999725341797
2021-09-23,AMD,AMD,106.1500015258789
2021-09-24,AMD,AMD,105.80000305175781
2021-09-27,AMD,AMD,108.16000366210938
2021-09-28,AMD,AMD,101.5199966430664
2021-09-29,AMD,AMD,100.3499984741211
2021-09-30,AMD,AMD,102.9000015258789
2021-10-01,AMD,AMD,102.44999694824219
2021-10-04,AMD,AMD,100.33999633789062
2021-10-05,AMD,AMD,101.80999755859375
2021-10-06,AMD,AMD,103.63999938964844
2021-10-07,AMD,AMD,106.44999694824219
2021-10-08,AMD,AMD,105.05999755859375
2021-10-11,AMD,AMD,104.68000030517578
2021-10-12,AMD,AMD,105.04000091552734
2021-10-13,AMD,AMD,109.16000366210938
2021-10-14,AMD,AMD,111.98999786376953
2021-10-15,AMD,AMD,112.12000274658203
2021-10-18,AMD,AMD,116.43000030517578
2021-10-19,AMD,AMD,116.33000183105469
2021-10-20,AMD,AMD,116.38999938964844
2021-10-21,AMD,AMD,119.33000183105469
2021-10-22,AMD,AMD,119.81999969482422
2021-10-25,AMD,AMD,122.36000061035156
2021-10-26,AMD,AMD,122.93000030517578
2021-10-27,AMD,AMD,122.27999877929688
2021-10-28,AMD,AMD,121.16000366210938
2021-10-29,AMD,AMD,120.2300033569336
2021-11-01,AMD,AMD,125.2300033569336
2021-11-02,AMD,AMD,127.62999725341797
2021-11-03,AMD,AMD,130.52999877929688
2021-11-04,AMD,AMD,137.5
2021-11-05,AMD,AMD,136.33999633789062
2021-11-08,AMD,AMD,150.16000366210938
2021-11-09,AMD,AMD,148.9199981689453
2021-11-10,AMD,AMD,139.8699951171875
2021-11-11,AMD,AMD,146.00999450683594
2021-11-12,AMD,AMD,147.88999938964844
2021-11-15,AMD,AMD,146.49000549316406
2021-11-16,AMD,AMD,152.4499969482422
2021-11-17,AMD,AMD,151.33999633789062
2021-11-18,AMD,AMD,155.02000427246094
2021-11-19,AMD,AMD,155.41000366210938
2021-11-22,AMD,AMD,152.52000427246094
2021-11-23,AMD,AMD,149.9199981689453
2021-11-24,AMD,AMD,157.8000030517578
2021-11-26,AMD,AMD,154.80999755859375
2021-11-29,AMD,AMD,161.91000366210938
2021-11-30,AMD,AMD,158.3699951171875
2021-12-01,AMD,AMD,149.11000061035156
2021-12-02,AMD,AMD,150.67999267578125
2021-12-03,AMD,AMD,144.00999450683594
2021-12-06,AMD,AMD,139.05999755859375
2021-12-07,AMD,AMD,144.85000610351562
2021-12-08,AMD,AMD,145.24000549316406
2021-12-09,AMD,AMD,138.10000610351562
2021-12-10,AMD,AMD,138.5500030517578
2021-12-13,AMD,AMD,133.8000030517578
2021-12-14,AMD,AMD,135.60000610351562
2021-12-15,AMD,AMD,146.5
2021-12-16,AMD,AMD,138.63999938964844
2021-12-17,AMD,AMD,137.75
2021-12-20,AMD,AMD,135.8000030517578
2021-12-21,AMD,AMD,144.25
2021-12-22,AMD,AMD,143.8800048828125
2021-12-23,AMD,AMD,146.13999938964844
2021-12-27,AMD,AMD,154.36000061035156
2021-12-28,AMD,AMD,153.14999389648438
2021-12-29,AMD,AMD,148.25999450683594
2021-12-30,AMD,AMD,145.14999389648438
2021-12-31,AMD,AMD,143.89999389648438
2022-01-03,AMD,AMD,150.24000549316406
2022-01-04,AMD,AMD,144.4199981689453
2022-01-05,AMD,AMD,136.14999389648438
2022-01-06,AMD,AMD,136.22999572753906
2022-01-07,AMD,AMD,132.0
2022-01-10,AMD,AMD,132.0
2022-01-11,AMD,AMD,137.30999755859375
2022-01-12,AMD,AMD,137.47000122070312
2022-01-13,AMD,AMD,132.74000549316406
2022-01-14,AMD,AMD,136.8800048828125
2022-01-18,AMD,AMD,131.92999267578125
2022-01-19,AMD,AMD,128.27000427246094
2022-01-20,AMD,AMD,121.88999938964844
2022-01-21,AMD,AMD,118.80999755859375
2022-01-24,AMD,AMD,116.52999877929688
2022-01-25,AMD,AMD,111.12999725341797
2022-01-26,AMD,AMD,110.70999908447266
2022-01-27,AMD,AMD,102.5999984741211
2022-01-28,AMD,AMD,105.23999786376953
2022-01-31,AMD,AMD,114.25
2022-02-01,AMD,AMD,116.77999877929688
2022-02-02,AMD,AMD,122.76000213623047
2022-02-03,AMD,AMD,120.08000183105469
2022-02-04,AMD,AMD,123.5999984741211
2022-02-07,AMD,AMD,123.66999816894531
2022-02-08,AMD,AMD,128.22999572753906
2022-02-09,AMD,AMD,132.85000610351562
2022-02-10,AMD,AMD,125.7699966430664
2022-02-11,AMD,AMD,113.18000030517578
2022-02-14,AMD,AMD,114.2699966430664
2022-02-15,AMD,AMD,121.47000122070312
2022-02-16,AMD,AMD,117.69000244140625
2022-02-17,AMD,AMD,112.37000274658203
2022-02-18,AMD,AMD,113.83000183105469
2022-02-22,AMD,AMD,115.6500015258789
2022-02-23,AMD,AMD,109.76000213623047
2022-02-24,AMD,AMD,116.61000061035156
2022-02-25,AMD,AMD,121.05999755859375
2022-02-28,AMD,AMD,123.33999633789062
2022-03-01,AMD,AMD,113.83000183105469
2022-03-02,AMD,AMD,118.27999877929688
2022-03-03,AMD,AMD,111.9800033569336
2022-03-04,AMD,AMD,108.41000366210938
2022-03-07,AMD,AMD,102.94999694824219
2022-03-08,AMD,AMD,105.52999877929688
2022-03-09,AMD,AMD,111.05000305175781
2022-03-10,AMD,AMD,106.45999908447266
2022-03-11,AMD,AMD,104.29000091552734
2022-03-14,AMD,AMD,102.25
2022-03-15,AMD,AMD,109.33000183105469
2022-03-16,AMD,AMD,115.37000274658203
2022-03-17,AMD,AMD,111.69000244140625
2022-03-18,AMD,AMD,113.45999908447266
2022-03-21,AMD,AMD,115.91999816894531
2022-03-22,AMD,AMD,114.77999877929688
2022-03-23,AMD,AMD,113.91999816894531
2022-03-24,AMD,AMD,120.52999877929688
2022-03-25,AMD,AMD,119.66999816894531
2022-03-28,AMD,AMD,120.23999786376953
2022-03-29,AMD,AMD,123.2300033569336
2022-03-30,AMD,AMD,119.22000122070312
2022-03-31,AMD,AMD,109.33999633789062
2022-04-01,AMD,AMD,108.19000244140625
2022-04-04,AMD,AMD,110.52999877929688
2022-04-05,AMD,AMD,106.81999969482422
2022-04-06,AMD,AMD,103.66999816894531
2022-04-07,AMD,AMD,103.72000122070312
2022-04-08,AMD,AMD,101.0
2022-04-11,AMD,AMD,97.37000274658203
2022-04-12,AMD,AMD,95.0999984741211
2022-04-13,AMD,AMD,97.73999786376953
2022-04-14,AMD,AMD,93.05999755859375
2022-04-18,AMD,AMD,93.88999938964844
2022-04-19,AMD,AMD,96.93000030517578
2022-04-20,AMD,AMD,94.0199966430664
2022-04-21,AMD,AMD,89.8499984741211
2022-04-22,AMD,AMD,88.13999938964844
2022-04-25,AMD,AMD,90.69000244140625
2022-04-26,AMD,AMD,85.16000366210938
2022-04-27,AMD,AMD,84.91000366210938
2022-04-28,AMD,AMD,89.63999938964844
2022-04-29,AMD,AMD,85.5199966430664
2022-05-02,AMD,AMD,89.83999633789062
2022-05-03,AMD,AMD,91.12999725341797
2022-05-04,AMD,AMD,99.41999816894531
2022-05-05,AMD,AMD,93.87000274658203
2022-05-06,AMD,AMD,95.33999633789062
2022-05-09,AMD,AMD,86.36000061035156
2022-05-10,AMD,AMD,88.7300033569336
2022-05-11,AMD,AMD,87.91999816894531
2022-05-12,AMD,AMD,87.05999755859375
2022-05-13,AMD,AMD,95.12000274658203
2022-05-16,AMD,AMD,94.23999786376953
2022-05-17,AMD,AMD,102.47000122070312
2022-05-18,AMD,AMD,96.27999877929688
2022-05-19,AMD,AMD,96.66999816894531
2022-05-20,AMD,AMD,93.5
2022-05-23,AMD,AMD,95.06999969482422
2022-05-24,AMD,AMD,91.16000366210938
2022-05-25,AMD,AMD,92.6500015258789
2022-05-26,AMD,AMD,98.75
2022-05-27,AMD,AMD,102.26000213623047
2022-05-31,AMD,AMD,101.86000061035156
2022-06-01,AMD,AMD,101.22000122070312
2022-06-02,AMD,AMD,108.58999633789062
2022-06-03,AMD,AMD,106.30000305175781
2022-06-06,AMD,AMD,105.6500015258789
2022-06-07,AMD,AMD,105.27999877929688
2022-06-08,AMD,AMD,101.9000015258789
2022-06-09,AMD,AMD,98.80000305175781
2022-06-10,AMD,AMD,94.81999969482422
2022-06-13,AMD,AMD,86.98999786376953
2022-06-14,AMD,AMD,86.98999786376953
2022-06-15,AMD,AMD,89.30000305175781
2022-06-16,AMD,AMD,82.05000305175781
2022-06-17,AMD,AMD,81.56999969482422
2022-06-21,AMD,AMD,83.79000091552734
2022-06-22,AMD,AMD,83.75
2022-06-23,AMD,AMD,82.43000030517578
2022-06-24,AMD,AMD,87.08000183105469
2022-06-27,AMD,AMD,86.16000366210938
2022-06-28,AMD,AMD,80.77999877929688
2022-06-29,AMD,AMD,77.98999786376953
2022-06-30,AMD,AMD,76.47000122070312
2022-07-01,AMD,AMD,73.66999816894531
2022-07-05,AMD,AMD,75.19999694824219
2022-07-06,AMD,AMD,75.3499984741211
2022-07-07,AMD,AMD,79.30000305175781
2022-07-08,AMD,AMD,79.3499984741211
2022-07-11,AMD,AMD,76.94999694824219
2022-07-12,AMD,AMD,76.36000061035156
2022-07-13,AMD,AMD,77.5199966430664
2022-07-14,AMD,AMD,78.5999984741211
2022-07-15,AMD,AMD,81.11000061035156
2022-07-18,AMD,AMD,81.43000030517578
2022-07-19,AMD,AMD,85.87999725341797
2022-07-20,AMD,AMD,89.43000030517578
2022-07-21,AMD,AMD,91.08999633789062
2022-07-22,AMD,AMD,88.0999984741211
2022-07-25,AMD,AMD,87.54000091552734
2022-07-26,AMD,AMD,85.25
2022-07-27,AMD,AMD,89.81999969482422
2022-07-28,AMD,AMD,91.66999816894531
2022-07-29,AMD,AMD,94.47000122070312
2022-08-01,AMD,AMD,96.77999877929688
2022-08-02,AMD,AMD,99.29000091552734
2022-08-03,AMD,AMD,98.08999633789062
2022-08-04,AMD,AMD,103.91000366210938
2022-08-05,AMD,AMD,102.30999755859375
2022-08-08,AMD,AMD,100.06999969482422
2022-08-09,AMD,AMD,95.54000091552734
2022-08-10,AMD,AMD,99.05000305175781
2022-08-11,AMD,AMD,98.12000274658203
2022-08-12,AMD,AMD,100.83000183105469
2022-08-15,AMD,AMD,101.01000213623047
2022-08-16,AMD,AMD,100.19999694824219
2022-08-17,AMD,AMD,98.2699966430664
2022-08-18,AMD,AMD,100.44000244140625
2022-08-19,AMD,AMD,95.94999694824219
2022-08-22,AMD,AMD,92.83999633789062
2022-08-23,AMD,AMD,92.48999786376953
2022-08-24,AMD,AMD,92.7300033569336
2022-08-25,AMD,AMD,97.18000030517578
2022-08-26,AMD,AMD,91.18000030517578
2022-08-29,AMD,AMD,88.48999786376953
2022-08-30,AMD,AMD,86.94000244140625
2022-08-31,AMD,AMD,84.87000274658203
2022-09-01,AMD,AMD,82.33000183105469
2022-09-02,AMD,AMD,80.23999786376953
2022-09-06,AMD,AMD,78.72000122070312
2022-09-07,AMD,AMD,79.61000061035156
2022-09-08,AMD,AMD,82.77999877929688
2022-09-09,AMD,AMD,85.44999694824219
2022-09-12,AMD,AMD,84.63999938964844
2022-09-13,AMD,AMD,77.02999877929688
2022-09-14,AMD,AMD,77.44999694824219
2022-09-15,AMD,AMD,76.66000366210938
2022-09-16,AMD,AMD,76.51000213623047
2022-09-19,AMD,AMD,76.7699966430664
2022-09-20,AMD,AMD,75.25
2022-09-21,AMD,AMD,74.4800033569336
2022-09-22,AMD,AMD,69.5
2022-09-23,AMD,AMD,67.95999908447266
2022-09-26,AMD,AMD,66.30000305175781
2022-09-27,AMD,AMD,67.16999816894531
2022-09-28,AMD,AMD,68.36000061035156
2022-09-29,AMD,AMD,64.13999938964844
2022-09-30,AMD,AMD,63.36000061035156
2022-10-03,AMD,AMD,66.11000061035156
2022-10-04,AMD,AMD,67.9000015258789
2022-10-05,AMD,AMD,67.94000244140625
2022-10-06,AMD,AMD,67.8499984741211
2022-10-07,AMD,AMD,58.439998626708984
2022-10-10,AMD,AMD,57.810001373291016
2022-10-11,AMD,AMD,57.630001068115234
2022-10-12,AMD,AMD,57.849998474121094
2022-10-13,AMD,AMD,58.939998626708984
2022-10-14,AMD,AMD,55.939998626708984
2022-10-17,AMD,AMD,57.959999084472656
2022-10-18,AMD,AMD,57.91999816894531
2022-10-19,AMD,AMD,57.22999954223633
2022-10-20,AMD,AMD,57.77000045776367
2022-10-21,AMD,AMD,58.81999969482422
2022-10-24,AMD,AMD,58.70000076293945
2022-10-25,AMD,AMD,61.470001220703125
2022-10-26,AMD,AMD,59.72999954223633
2022-10-27,AMD,AMD,58.599998474121094
2022-10-28,AMD,AMD,62.0099983215332
2022-10-31,AMD,AMD,60.060001373291016
2022-11-01,AMD,AMD,59.65999984741211
2022-11-02,AMD,AMD,58.630001068115234
2022-11-03,AMD,AMD,60.11000061035156
2022-11-04,AMD,AMD,62.189998626708984
2022-11-07,AMD,AMD,63.08000183105469
2022-11-08,AMD,AMD,63.849998474121094
2022-11-09,AMD,AMD,59.91999816894531
2022-11-10,AMD,AMD,68.47000122070312
2022-11-11,AMD,AMD,72.37000274658203
2022-11-14,AMD,AMD,73.52999877929688
2022-11-15,AMD,AMD,76.37000274658203
2022-11-16,AMD,AMD,72.69999694824219
2022-11-17,AMD,AMD,73.9000015258789
2022-11-18,AMD,AMD,73.56999969482422
2022-11-21,AMD,AMD,72.45999908447266
2022-11-22,AMD,AMD,75.25
2022-11-23,AMD,AMD,76.4000015258789
2022-11-25,AMD,AMD,75.13999938964844
2022-11-28,AMD,AMD,73.19000244140625
2022-11-29,AMD,AMD,73.38999938964844
2022-11-30,AMD,AMD,77.62999725341797
2022-12-01,AMD,AMD,77.4800033569336
2022-12-02,AMD,AMD,74.9800033569336
2022-12-05,AMD,AMD,73.62000274658203
2022-12-06,AMD,AMD,70.2699966430664
2022-12-07,AMD,AMD,70.13999938964844
2022-12-08,AMD,AMD,70.47000122070312
2022-12-09,AMD,AMD,68.58999633789062
2022-12-12,AMD,AMD,70.66999816894531
2022-12-13,AMD,AMD,71.6500015258789
2022-12-14,AMD,AMD,68.93000030517578
2022-12-15,AMD,AMD,66.52999877929688
2022-12-16,AMD,AMD,65.41000366210938
2022-12-19,AMD,AMD,64.58999633789062
2022-12-20,AMD,AMD,65.05000305175781
2022-12-21,AMD,AMD,67.68000030517578
2022-12-22,AMD,AMD,63.86000061035156
2022-12-23,AMD,AMD,64.5199966430664
2022-12-27,AMD,AMD,63.27000045776367
2022-12-28,AMD,AMD,62.56999969482422
2022-12-29,AMD,AMD,64.81999969482422
2022-12-30,AMD,AMD,64.7699966430664
2023-01-03,AMD,AMD,64.0199966430664
2023-01-04,AMD,AMD,64.66000366210938
2023-01-05,AMD,AMD,62.33000183105469
2023-01-06,AMD,AMD,63.959999084472656
2023-01-09,AMD,AMD,67.23999786376953
2023-01-10,AMD,AMD,68.05000305175781
2023-01-11,AMD,AMD,69.05999755859375
2023-01-12,AMD,AMD,70.80000305175781
2023-01-13,AMD,AMD,71.0
2023-01-17,AMD,AMD,71.58999633789062
2023-01-18,AMD,AMD,70.52999877929688
2023-01-19,AMD,AMD,67.70999908447266
2023-01-20,AMD,AMD,70.06999969482422
2023-01-23,AMD,AMD,76.52999877929688
2023-01-24,AMD,AMD,74.69999694824219
2023-01-25,AMD,AMD,74.91000366210938
2023-01-26,AMD,AMD,75.16000366210938
2023-01-27,AMD,AMD,75.4000015258789
2023-01-30,AMD,AMD,72.44999694824219
2023-01-31,AMD,AMD,75.1500015258789
2023-02-01,AMD,AMD,84.63999938964844
2023-02-02,AMD,AMD,88.30999755859375
2023-02-03,AMD,AMD,86.08999633789062
2023-02-06,AMD,AMD,83.68000030517578
2023-02-07,AMD,AMD,85.91000366210938
2023-02-08,AMD,AMD,84.69000244140625
2023-02-09,AMD,AMD,83.20999908447266
2023-02-10,AMD,AMD,81.4800033569336
2023-02-13,AMD,AMD,83.12999725341797
2023-02-14,AMD,AMD,85.94999694824219
2023-02-15,AMD,AMD,85.18000030517578
2023-02-16,AMD,AMD,80.08000183105469
2023-02-17,AMD,AMD,78.5
2023-02-21,AMD,AMD,76.7699966430664
2023-02-22,AMD,AMD,76.61000061035156
2023-02-23,AMD,AMD,79.75
2023-02-24,AMD,AMD,78.08999633789062
2023-02-27,AMD,AMD,78.7699966430664
2023-02-28,AMD,AMD,78.58000183105469
2023-03-01,AMD,AMD,78.29000091552734
2023-03-02,AMD,AMD,80.44000244140625
2023-03-03,AMD,AMD,81.5199966430664
2023-03-06,AMD,AMD,81.16000366210938
2023-03-07,AMD,AMD,82.11000061035156
2023-03-08,AMD,AMD,85.37000274658203
2023-03-09,AMD,AMD,84.02999877929688
2023-03-10,AMD,AMD,82.66999816894531
2023-03-13,AMD,AMD,82.01000213623047
2023-03-14,AMD,AMD,87.44999694824219
2023-03-15,AMD,AMD,89.68000030517578
2023-03-16,AMD,AMD,96.5999984741211
2023-03-17,AMD,AMD,97.83999633789062
2023-03-20,AMD,AMD,96.80999755859375
2023-03-21,AMD,AMD,95.93000030517578
2023-03-22,AMD,AMD,97.58000183105469
2023-03-23,AMD,AMD,100.27999877929688
2023-03-24,AMD,AMD,97.94999694824219
2023-03-27,AMD,AMD,96.61000061035156
2023-03-28,AMD,AMD,94.55999755859375
2023-03-29,AMD,AMD,96.08999633789062
2023-03-30,AMD,AMD,97.87999725341797
2023-03-31,AMD,AMD,98.01000213623047
2023-04-03,AMD,AMD,96.55999755859375
2023-04-04,AMD,AMD,95.87000274658203
2023-04-05,AMD,AMD,92.55999755859375
2023-04-06,AMD,AMD,92.47000122070312
2023-04-10,AMD,AMD,95.4800033569336
2023-04-11,AMD,AMD,94.02999877929688
2023-04-12,AMD,AMD,92.33000183105469
2023-04-13,AMD,AMD,92.08999633789062
2023-04-14,AMD,AMD,91.75
2023-04-17,AMD,AMD,89.87000274658203
2023-04-18,AMD,AMD,89.77999877929688
2023-04-19,AMD,AMD,89.94000244140625
2023-04-20,AMD,AMD,90.11000061035156
2023-04-21,AMD,AMD,88.43000030517578
2023-04-24,AMD,AMD,87.56999969482422
2023-04-25,AMD,AMD,83.80000305175781
2023-04-26,AMD,AMD,85.94000244140625
2023-04-27,AMD,AMD,87.44000244140625
2023-04-28,AMD,AMD,89.37000274658203
2023-05-01,AMD,AMD,89.69000244140625
2023-05-02,AMD,AMD,89.91000366210938
2023-05-03,AMD,AMD,81.62000274658203
2023-05-04,AMD,AMD,86.61000061035156
2023-05-05,AMD,AMD,89.83999633789062
2023-05-08,AMD,AMD,95.04000091552734
2023-05-09,AMD,AMD,95.05999755859375
2023-05-10,AMD,AMD,97.0199966430664
2023-05-11,AMD,AMD,97.0999984741211
2023-05-12,AMD,AMD,95.26000213623047
2023-05-15,AMD,AMD,97.4000015258789
2023-05-16,AMD,AMD,101.4800033569336
2023-05-17,AMD,AMD,103.75
2023-05-18,AMD,AMD,107.93000030517578
2023-05-19,AMD,AMD,105.81999969482422
2023-05-22,AMD,AMD,108.0
2023-05-23,AMD,AMD,108.12000274658203
2023-05-24,AMD,AMD,108.2699966430664
2023-05-25,AMD,AMD,120.3499984741211
2023-05-26,AMD,AMD,127.02999877929688
2023-05-30,AMD,AMD,125.2699966430664
2023-05-31,AMD,AMD,118.20999908447266
2023-06-01,AMD,AMD,119.47000122070312
2023-06-02,AMD,AMD,117.86000061035156
2023-06-05,AMD,AMD,117.93000030517578
2023-06-06,AMD,AMD,124.2300033569336
2023-06-07,AMD,AMD,117.83000183105469
2023-06-08,AMD,AMD,121.05000305175781
2023-06-09,AMD,AMD,124.91999816894531
2023-06-12,AMD,AMD,129.19000244140625
2023-06-13,AMD,AMD,124.52999877929688
2023-06-14,AMD,AMD,127.33000183105469
2023-06-15,AMD,AMD,124.23999786376953
2023-06-16,AMD,AMD,120.08000183105469
2023-06-20,AMD,AMD,118.93000030517578
2023-06-21,AMD,AMD,112.11000061035156
2023-06-22,AMD,AMD,110.69999694824219
2023-06-23,AMD,AMD,110.01000213623047
2023-06-26,AMD,AMD,107.51000213623047
2023-06-27,AMD,AMD,110.38999938964844
2023-06-28,AMD,AMD,110.16999816894531
2023-06-29,AMD,AMD,111.23999786376953
2023-06-30,AMD,AMD,113.91000366210938
2023-07-03,AMD,AMD,115.81999969482422
2023-07-05,AMD,AMD,113.94999694824219
2023-07-06,AMD,AMD,113.4800033569336
2023-07-07,AMD,AMD,113.16999816894531
2023-07-10,AMD,AMD,113.58000183105469
2023-07-11,AMD,AMD,111.31999969482422
2023-07-12,AMD,AMD,114.58000183105469
2023-07-13,AMD,AMD,115.91999816894531
2023-07-14,AMD,AMD,115.94000244140625
2023-07-17,AMD,AMD,118.31999969482422
2023-07-18,AMD,AMD,117.93000030517578
2023-07-19,AMD,AMD,116.43000030517578
2023-07-20,AMD,AMD,110.25
2023-07-21,AMD,AMD,110.94999694824219
2023-07-24,AMD,AMD,110.61000061035156
2023-07-25,AMD,AMD,113.0
2023-07-26,AMD,AMD,110.08999633789062
2023-07-27,AMD,AMD,111.0999984741211
2023-07-28,AMD,AMD,112.95999908447266
2023-07-31,AMD,AMD,114.4000015258789
2023-08-01,AMD,AMD,117.5999984741211
2023-08-02,AMD,AMD,109.3499984741211
2023-08-03,AMD,AMD,113.1500015258789
2023-08-04,AMD,AMD,115.81999969482422
2023-08-07,AMD,AMD,116.80999755859375
2023-08-08,AMD,AMD,113.2300033569336
2023-08-09,AMD,AMD,110.47000122070312
2023-08-10,AMD,AMD,110.2300033569336
2023-08-11,AMD,AMD,107.56999969482422
2023-08-14,AMD,AMD,111.9800033569336
2023-08-15,AMD,AMD,111.3499984741211
2023-08-16,AMD,AMD,107.19000244140625
2023-08-17,AMD,AMD,104.44000244140625
2023-08-18,AMD,AMD,105.44999694824219
2023-08-21,AMD,AMD,108.22000122070312
2023-08-22,AMD,AMD,105.66000366210938
2023-08-23,AMD,AMD,109.43000030517578
2023-08-24,AMD,AMD,101.80000305175781
2023-08-25,AMD,AMD,102.25
2023-08-28,AMD,AMD,102.61000061035156
2023-08-29,AMD,AMD,105.91999816894531
2023-08-30,AMD,AMD,106.58999633789062
2023-08-31,AMD,AMD,105.72000122070312
2023-09-01,AMD,AMD,109.44999694824219
2023-09-05,AMD,AMD,110.77999877929688
2023-09-06,AMD,AMD,109.27999877929688
2023-09-07,AMD,AMD,106.58999633789062
2023-09-08,AMD,AMD,106.08999633789062
2023-09-11,AMD,AMD,105.31999969482422
2023-09-12,AMD,AMD,105.30999755859375
2023-09-13,AMD,AMD,107.70999908447266
2023-09-14,AMD,AMD,106.62999725341797
2023-09-15,AMD,AMD,101.48999786376953
2023-09-18,AMD,AMD,102.37000274658203
2023-09-19,AMD,AMD,101.61000061035156
2023-09-20,AMD,AMD,100.33999633789062
2023-09-21,AMD,AMD,96.11000061035156
2023-09-22,AMD,AMD,96.19999694824219
2023-09-25,AMD,AMD,97.37999725341797
2023-09-26,AMD,AMD,95.95999908447266
2023-09-27,AMD,AMD,98.06999969482422
2023-09-28,AMD,AMD,102.76000213623047
2023-09-29,AMD,AMD,102.81999969482422
2023-10-02,AMD,AMD,103.2699966430664
2023-10-03,AMD,AMD,100.08000183105469
2023-10-04,AMD,AMD,104.06999969482422
2023-10-05,AMD,AMD,102.91000366210938
2023-10-06,AMD,AMD,107.23999786376953
2023-10-09,AMD,AMD,106.97000122070312
2023-10-10,AMD,AMD,109.01000213623047
2023-10-11,AMD,AMD,108.30999755859375
2023-10-12,AMD,AMD,108.79000091552734
2023-10-13,AMD,AMD,105.08999633789062
2023-10-16,AMD,AMD,106.45999908447266
2023-10-17,AMD,AMD,105.13999938964844
2023-10-18,AMD,AMD,102.16999816894531
2023-10-19,AMD,AMD,102.4000015258789
2023-10-20,AMD,AMD,101.80999755859375
2023-10-23,AMD,AMD,100.01000213623047
2023-10-24,AMD,AMD,101.66999816894531
2023-10-25,AMD,AMD,96.05999755859375
2023-10-26,AMD,AMD,93.66999816894531
2023-10-27,AMD,AMD,96.43000030517578
2023-10-30,AMD,AMD,96.18000030517578
2023-10-31,AMD,AMD,98.5
2023-11-01,AMD,AMD,108.04000091552734
2023-11-02,AMD,AMD,107.83000183105469
2023-11-03,AMD,AMD,112.25
2023-11-06,AMD,AMD,111.75
2023-11-07,AMD,AMD,113.44999694824219
2023-11-08,AMD,AMD,113.58999633789062
2023-11-09,AMD,AMD,113.48999786376953
2023-11-10,AMD,AMD,118.58999633789062
2023-11-13,AMD,AMD,116.79000091552734
2023-11-14,AMD,AMD,119.87999725341797
2023-11-15,AMD,AMD,118.0
2023-11-16,AMD,AMD,119.83000183105469
2023-11-17,AMD,AMD,120.62000274658203
2023-11-20,AMD,AMD,121.52999877929688
2023-11-21,AMD,AMD,119.16000366210938
2023-11-22,AMD,AMD,122.51000213623047
2023-11-24,AMD,AMD,122.30999755859375
2023-11-27,AMD,AMD,122.6500015258789
2023-11-28,AMD,AMD,122.01000213623047
2023-11-29,AMD,AMD,123.8499984741211
2023-11-30,AMD,AMD,121.16000366210938
2023-12-01,AMD,AMD,121.38999938964844
2023-12-04,AMD,AMD,118.56999969482422
2023-12-05,AMD,AMD,118.37999725341797
2023-12-06,AMD,AMD,116.81999969482422
2023-12-07,AMD,AMD,128.3699951171875
2023-12-08,AMD,AMD,128.9199981689453
2023-12-11,AMD,AMD,134.41000366210938
2023-12-12,AMD,AMD,137.61000061035156
2023-12-13,AMD,AMD,138.19000244140625
2023-12-14,AMD,AMD,138.0
2023-12-15,AMD,AMD,139.14999389648438
2023-12-18,AMD,AMD,138.89999389648438
2023-12-19,AMD,AMD,140.14999389648438
2023-12-20,AMD,AMD,135.47000122070312
2023-12-21,AMD,AMD,139.91000366210938
2023-12-22,AMD,AMD,139.60000610351562
2023-12-26,AMD,AMD,143.41000366210938
2023-12-27,AMD,AMD,146.07000732421875
2023-12-28,AMD,AMD,148.75999450683594
2023-12-29,AMD,AMD,147.41000366210938
2024-01-02,AMD,AMD,138.5800018310547
2024-01-03,AMD,AMD,135.32000732421875
2024-01-04,AMD,AMD,136.00999450683594
2024-01-05,AMD,AMD,138.5800018310547
2024-01-08,AMD,AMD,146.17999267578125
2024-01-09,AMD,AMD,149.25999450683594
2024-01-10,AMD,AMD,148.5399932861328
2024-01-11,AMD,AMD,148.02000427246094
2024-01-12,AMD,AMD,146.55999755859375
2024-01-16,AMD,AMD,158.74000549316406
2024-01-17,AMD,AMD,160.1699981689453
2024-01-18,AMD,AMD,162.6699981689453
2024-01-19,AMD,AMD,174.22999572753906
2024-01-22,AMD,AMD,168.17999267578125
2024-01-23,AMD,AMD,168.4199981689453
2024-01-24,AMD,AMD,178.2899932861328
2024-01-25,AMD,AMD,180.3300018310547
2024-01-26,AMD,AMD,177.25
2024-01-29,AMD,AMD,177.8300018310547
2024-01-30,AMD,AMD,172.05999755859375
2024-01-31,AMD,AMD,167.69000244140625
2024-02-01,AMD,AMD,170.47999572753906
2024-02-02,AMD,AMD,177.66000366210938
2024-02-05,AMD,AMD,174.22999572753906
2024-02-06,AMD,AMD,167.8800048828125
2024-02-07,AMD,AMD,170.94000244140625
2024-02-08,AMD,AMD,169.35000610351562
2024-02-09,AMD,AMD,172.47999572753906
2024-02-12,AMD,AMD,171.91000366210938
2024-02-13,AMD,AMD,171.5399932861328
2024-02-14,AMD,AMD,178.6999969482422
2024-02-15,AMD,AMD,176.75999450683594
2024-02-16,AMD,AMD,173.8699951171875
2024-02-20,AMD,AMD,165.69000244140625
2024-02-21,AMD,AMD,164.2899932861328
2024-02-22,AMD,AMD,181.86000061035156
2024-02-23,AMD,AMD,176.52000427246094
2024-02-26,AMD,AMD,176.00999450683594
2024-02-27,AMD,AMD,178.0
2024-02-28,AMD,AMD,176.5399932861328
2024-02-29,AMD,AMD,192.52999877929688
2024-03-01,AMD,AMD,202.63999938964844
2024-03-04,AMD,AMD,205.36000061035156
2024-03-05,AMD,AMD,205.1300048828125
2024-03-06,AMD,AMD,210.6300048828125
2024-03-07,AMD,AMD,211.3800048828125
2024-03-08,AMD,AMD,207.38999938964844
2024-03-11,AMD,AMD,198.38999938964844
2024-03-12,AMD,AMD,202.75999450683594
2024-03-13,AMD,AMD,194.7899932861328
2024-03-14,AMD,AMD,187.05999755859375
2024-03-15,AMD,AMD,191.05999755859375
2024-03-18,AMD,AMD,190.64999389648438
2024-03-19,AMD,AMD,181.4199981689453
2024-03-20,AMD,AMD,179.72999572753906
2024-03-21,AMD,AMD,178.67999267578125
2024-03-22,AMD,AMD,179.64999389648438
2024-03-25,AMD,AMD,178.6300048828125
2024-03-26,AMD,AMD,177.8699951171875
2024-03-27,AMD,AMD,179.58999633789062
2024-03-28,AMD,AMD,180.49000549316406
2024-04-01,AMD,AMD,183.33999633789062
2024-04-02,AMD,AMD,178.6999969482422
2024-04-03,AMD,AMD,180.77000427246094
2024-04-04,AMD,AMD,165.8300018310547
2024-04-05,AMD,AMD,170.4199981689453
2024-04-08,AMD,AMD,169.89999389648438
2024-04-09,AMD,AMD,170.77999877929688
2024-04-10,AMD,AMD,167.13999938964844
2024-04-11,AMD,AMD,170.5
2024-04-12,AMD,AMD,163.27999877929688
2024-04-15,AMD,AMD,160.32000732421875
2024-04-16,AMD,AMD,163.4600067138672
2024-04-17,AMD,AMD,154.02000427246094
2024-04-18,AMD,AMD,155.0800018310547
2024-04-19,AMD,AMD,146.63999938964844
2024-04-22,AMD,AMD,148.63999938964844
2024-04-23,AMD,AMD,152.27000427246094
2024-04-24,AMD,AMD,151.74000549316406
2024-04-25,AMD,AMD,153.75999450683594
2024-04-26,AMD,AMD,157.39999389648438
2024-04-29,AMD,AMD,160.1999969482422
2024-04-30,AMD,AMD,158.3800048828125
2024-05-01,AMD,AMD,144.27000427246094
2024-05-02,AMD,AMD,146.16000366210938
2024-05-03,AMD,AMD,150.60000610351562
2024-05-06,AMD,AMD,155.77999877929688
2024-05-07,AMD,AMD,154.42999267578125
2024-05-08,AMD,AMD,153.6199951171875
2024-05-09,AMD,AMD,152.38999938964844
2024-05-10,AMD,AMD,151.9199981689453
2024-05-13,AMD,AMD,150.55999755859375
2024-05-14,AMD,AMD,153.16000366210938
2024-05-15,AMD,AMD,159.6699981689453
2024-05-16,AMD,AMD,162.6199951171875
2024-05-17,AMD,AMD,164.47000122070312
2024-05-20,AMD,AMD,166.3300018310547
2024-05-21,AMD,AMD,164.66000366210938
2024-05-22,AMD,AMD,165.52000427246094
2024-05-23,AMD,AMD,160.42999267578125
2024-05-24,AMD,AMD,166.36000061035156
2024-05-28,AMD,AMD,171.61000061035156
2024-05-29,AMD,AMD,165.13999938964844
2024-05-30,AMD,AMD,166.75
2024-05-31,AMD,AMD,166.89999389648438
2024-06-03,AMD,AMD,163.5500030517578
2024-06-04,AMD,AMD,159.99000549316406
2024-06-05,AMD,AMD,166.1699981689453
2024-06-06,AMD,AMD,166.77999877929688
2024-06-07,AMD,AMD,167.8699951171875
2024-06-10,AMD,AMD,160.33999633789062
2024-06-11,AMD,AMD,158.9600067138672
2024-06-12,AMD,AMD,160.24000549316406
2024-06-13,AMD,AMD,159.89999389648438
2024-06-14,AMD,AMD,159.6300048828125
2024-06-17,AMD,AMD,158.39999389648438
2024-06-18,AMD,AMD,154.6300048828125
2024-06-20,AMD,AMD,161.77999877929688
2024-06-21,AMD,AMD,161.22999572753906
2024-06-24,AMD,AMD,160.25
2024-06-25,AMD,AMD,160.25
2024-06-26,AMD,AMD,157.5399932861328
2024-06-27,AMD,AMD,159.47000122070312
2024-06-28,AMD,AMD,162.2100067138672
2024-07-01,AMD,AMD,157.69000244140625
2024-07-02,AMD,AMD,164.30999755859375
2024-07-03,AMD,AMD,163.89999389648438
2024-07-05,AMD,AMD,171.89999389648438
2024-07-08,AMD,AMD,178.69000244140625
2024-07-09,AMD,AMD,177.10000610351562
2024-07-10,AMD,AMD,183.9600067138672
2024-07-11,AMD,AMD,181.94000244140625
2024-07-12,AMD,AMD,181.61000061035156
2024-07-15,AMD,AMD,179.8300018310547
2024-07-16,AMD,AMD,177.5500030517578
2024-07-17,AMD,AMD,159.42999267578125
2024-07-18,AMD,AMD,155.77000427246094
2024-07-19,AMD,AMD,151.5800018310547
2024-07-22,AMD,AMD,155.8699951171875
2024-07-23,AMD,AMD,154.0
2024-07-24,AMD,AMD,144.6300048828125
2024-07-25,AMD,AMD,138.32000732421875
2024-07-26,AMD,AMD,139.99000549316406
2024-07-29,AMD,AMD,139.75
2024-07-30,AMD,AMD,138.44000244140625
2024-07-31,AMD,AMD,144.47999572753906
2024-08-01,AMD,AMD,132.5399932861328
2024-08-02,AMD,AMD,132.5
2024-08-05,AMD,AMD,134.82000732421875
2024-08-06,AMD,AMD,130.17999267578125
2024-08-07,AMD,AMD,128.6699981689453
2024-08-08,AMD,AMD,136.32000732421875
2024-08-09,AMD,AMD,134.27000427246094
2024-08-12,AMD,AMD,136.77000427246094
2024-08-13,AMD,AMD,141.1300048828125
2024-08-14,AMD,AMD,140.75
2024-08-15,AMD,AMD,147.36000061035156
2024-08-16,AMD,AMD,148.55999755859375
2024-08-19,AMD,AMD,155.27999877929688
2024-08-20,AMD,AMD,156.39999389648438
2024-08-21,AMD,AMD,157.80999755859375
2024-08-22,AMD,AMD,151.6999969482422
2024-08-23,AMD,AMD,154.97999572753906
2024-08-26,AMD,AMD,149.99000549316406
2024-08-27,AMD,AMD,150.5
2024-08-28,AMD,AMD,146.36000061035156
2024-08-29,AMD,AMD,145.49000549316406
2024-08-30,AMD,AMD,148.55999755859375
2024-09-03,AMD,AMD,136.94000244140625
2024-09-04,AMD,AMD,140.8699951171875
2024-09-05,AMD,AMD,139.44000244140625
2024-09-06,AMD,AMD,134.35000610351562
2024-09-09,AMD,AMD,138.14999389648438
2024-09-10,AMD,AMD,142.83999633789062
2024-09-11,AMD,AMD,149.86000061035156
2024-09-12,AMD,AMD,150.77000427246094
2024-09-13,AMD,AMD,152.30999755859375
2024-09-16,AMD,AMD,152.0800018310547
2024-09-17,AMD,AMD,150.82000732421875
2024-09-18,AMD,AMD,148.2899932861328
2024-09-19,AMD,AMD,156.74000549316406
2024-09-20,AMD,AMD,155.9499969482422
2024-09-23,AMD,AMD,156.75
2024-09-24,AMD,AMD,158.32000732421875
2024-09-25,AMD,AMD,162.02000427246094
2024-09-26,AMD,AMD,167.49000549316406
2024-09-27,AMD,AMD,164.35000610351562
2024-09-30,AMD,AMD,164.0800018310547
2024-10-01,AMD,AMD,159.75
2024-10-02,AMD,AMD,159.77999877929688
2024-10-03,AMD,AMD,162.85000610351562
2024-10-04,AMD,AMD,170.89999389648438
2024-10-07,AMD,AMD,170.97000122070312
2024-10-08,AMD,AMD,172.8000030517578
2024-10-09,AMD,AMD,171.02000427246094
2024-10-10,AMD,AMD,164.17999267578125
2024-10-11,AMD,AMD,167.88999938964844
2024-10-14,AMD,AMD,165.27000427246094
2024-10-15,AMD,AMD,156.63999938964844
2024-10-16,AMD,AMD,156.1300048828125
2024-10-17,AMD,AMD,156.25
2024-10-18,AMD,AMD,155.97000122070312
2024-10-21,AMD,AMD,157.89999389648438
2024-10-22,AMD,AMD,154.08999633789062
2024-10-23,AMD,AMD,152.91000366210938
2024-10-24,AMD,AMD,153.44000244140625
2024-10-25,AMD,AMD,156.22999572753906
2024-10-28,AMD,AMD,159.9199981689453
2024-10-29,AMD,AMD,166.25
2024-10-30,AMD,AMD,148.60000610351562
2024-10-31,AMD,AMD,144.07000732421875
2024-11-01,AMD,AMD,141.86000061035156
2024-11-04,AMD,AMD,140.7100067138672
2024-11-05,AMD,AMD,141.66000366210938
2024-11-06,AMD,AMD,145.10000610351562
2024-11-07,AMD,AMD,149.82000732421875
2024-11-08,AMD,AMD,147.9499969482422
2024-11-11,AMD,AMD,147.35000610351562
2024-11-12,AMD,AMD,143.6300048828125
2024-11-13,AMD,AMD,139.3000030517578
2024-11-14,AMD,AMD,138.83999633789062
2024-11-15,AMD,AMD,134.89999389648438
2024-11-18,AMD,AMD,138.92999267578125
2024-11-19,AMD,AMD,139.38999938964844
2024-11-20,AMD,AMD,137.60000610351562
2024-11-21,AMD,AMD,137.49000549316406
2024-11-22,AMD,AMD,138.35000610351562
2024-11-25,AMD,AMD,141.1300048828125
2024-11-26,AMD,AMD,137.72000122070312
2024-11-27,AMD,AMD,136.24000549316406
2024-11-29,AMD,AMD,137.17999267578125
2024-12-02,AMD,AMD,142.05999755859375
2024-12-03,AMD,AMD,141.97999572753906
2024-12-04,AMD,AMD,143.99000549316406
2024-12-05,AMD,AMD,141.36000061035156
2024-12-06,AMD,AMD,138.58999633789062
2024-12-09,AMD,AMD,130.8699951171875
2024-12-10,AMD,AMD,127.73999786376953
2024-12-11,AMD,AMD,130.14999389648438
2024-12-12,AMD,AMD,130.60000610351562
2024-12-13,AMD,AMD,126.91000366210938
2024-12-16,AMD,AMD,126.69000244140625
2024-12-17,AMD,AMD,125.0199966430664
2024-12-18,AMD,AMD,121.41000366210938
2024-12-19,AMD,AMD,118.87999725341797
2024-12-20,AMD,AMD,119.20999908447266
2024-12-23,AMD,AMD,124.5999984741211
2024-12-24,AMD,AMD,126.29000091552734
2024-12-26,AMD,AMD,125.05999755859375
2024-12-27,AMD,AMD,125.19000244140625
2024-12-30,AMD,AMD,122.44000244140625
2024-12-31,AMD,AMD,120.79000091552734
2025-01-02,AMD,AMD,120.62999725341797
2025-01-03,AMD,AMD,125.37000274658203
2025-01-06,AMD,AMD,129.5500030517578
2025-01-07,AMD,AMD,127.33000183105469
2025-01-08,AMD,AMD,121.83999633789062
2025-01-10,AMD,AMD,116.04000091552734
2025-01-13,AMD,AMD,117.31999969482422
2025-01-14,AMD,AMD,116.08999633789062
2025-01-15,AMD,AMD,119.95999908447266
2025-01-16,AMD,AMD,118.44000244140625
2025-01-17,AMD,AMD,121.45999908447266
2025-01-21,AMD,AMD,122.27999877929688
2025-01-22,AMD,AMD,123.75
2025-01-23,AMD,AMD,123.04000091552734
2025-01-24,AMD,AMD,122.83999633789062
2025-01-27,AMD,AMD,115.01000213623047
2025-01-28,AMD,AMD,114.16999816894531
2025-01-29,AMD,AMD,117.3499984741211
2025-01-30,AMD,AMD,118.86000061035156
2025-01-31,AMD,AMD,115.94999694824219
2025-02-03,AMD,AMD,114.2699966430664
2025-02-04,AMD,AMD,119.5
2025-02-05,AMD,AMD,112.01000213623047
2025-02-06,AMD,AMD,110.16000366210938
2025-02-07,AMD,AMD,107.55999755859375
2025-02-10,AMD,AMD,110.4800033569336
2025-02-11,AMD,AMD,111.0999984741211
2025-02-12,AMD,AMD,111.72000122070312
2025-02-13,AMD,AMD,111.80999755859375
2025-02-14,AMD,AMD,113.0999984741211
2025-02-18,AMD,AMD,114.27999877929688
2025-02-19,AMD,AMD,114.69000244140625
2025-02-20,AMD,AMD,114.16999816894531
2025-02-21,AMD,AMD,110.83999633789062
2025-02-24,AMD,AMD,108.11000061035156
2025-02-25,AMD,AMD,103.95999908447266
2025-02-26,AMD,AMD,104.73999786376953
2025-02-27,AMD,AMD,99.51000213623047
2025-02-28,AMD,AMD,99.86000061035156
2025-03-03,AMD,AMD,98.2300033569336
2025-03-04,AMD,AMD,100.75
2025-03-05,AMD,AMD,101.66999816894531
2025-03-06,AMD,AMD,98.8499984741211
2025-03-07,AMD,AMD,100.30999755859375
2025-03-10,AMD,AMD,96.62999725341797
2025-03-11,AMD,AMD,96.76000213623047
2025-03-12,AMD,AMD,100.79000091552734
2025-03-13,AMD,AMD,98.11000061035156
2025-03-14,AMD,AMD,100.97000122070312
2025-03-17,AMD,AMD,104.58999633789062
2025-03-18,AMD,AMD,103.51000213623047
2025-03-19,AMD,AMD,106.2300033569336
2025-03-20,AMD,AMD,107.13999938964844
2025-03-21,AMD,AMD,106.44000244140625
2025-03-24,AMD,AMD,113.8499984741211
2025-03-25,AMD,AMD,114.80999755859375
2025-03-26,AMD,AMD,110.19000244140625
2025-03-27,AMD,AMD,106.6500015258789
2025-03-28,AMD,AMD,103.22000122070312
2025-03-31,AMD,AMD,102.73999786376953
2025-04-01,AMD,AMD,102.77999877929688
2025-04-02,AMD,AMD,102.95999908447266
2025-04-03,AMD,AMD,93.80000305175781
2025-04-04,AMD,AMD,85.76000213623047
2025-04-07,AMD,AMD,83.63999938964844
2025-04-08,AMD,AMD,78.20999908447266
2025-04-09,AMD,AMD,96.83999633789062
2025-04-10,AMD,AMD,88.69999694824219
2025-04-11,AMD,AMD,93.4000015258789
2025-04-14,AMD,AMD,94.5
2025-04-15,AMD,AMD,95.29000091552734
2025-04-16,AMD,AMD,88.29000091552734
2025-04-17,AMD,AMD,87.5
2025-04-21,AMD,AMD,85.55999755859375
2025-04-22,AMD,AMD,86.26000213623047
2025-04-23,AMD,AMD,90.38999938964844
2025-04-24,AMD,AMD,94.47000122070312
2025-04-25,AMD,AMD,96.6500015258789
2025-04-28,AMD,AMD,96.38999938964844
2025-04-29,AMD,AMD,96.05999755859375
2025-04-30,AMD,AMD,97.3499984741211
2025-05-01,AMD,AMD,96.6500015258789
2025-05-02,AMD,AMD,98.80000305175781
2025-05-05,AMD,AMD,100.58999633789062
2025-05-06,AMD,AMD,98.62000274658203
2025-05-07,AMD,AMD,100.36000061035156
2025-05-08,AMD,AMD,101.69999694824219
2025-05-09,AMD,AMD,102.83999633789062
2025-05-12,AMD,AMD,108.12000274658203
2025-05-13,AMD,AMD,112.45999908447266
2025-05-14,AMD,AMD,117.72000122070312
2025-05-15,AMD,AMD,114.98999786376953
2025-05-16,AMD,AMD,117.16999816894531
2025-05-19,AMD,AMD,114.73999786376953
2025-05-20,AMD,AMD,113.51000213623047
2025-05-21,AMD,AMD,112.05999755859375
2025-05-22,AMD,AMD,110.70999908447266
2025-05-23,AMD,AMD,110.30999755859375
2025-05-27,AMD,AMD,114.55999755859375
2025-05-28,AMD,AMD,112.86000061035156
2025-05-29,AMD,AMD,113.02999877929688
2025-05-30,AMD,AMD,110.7300033569336
2025-06-02,AMD,AMD,114.62999725341797
2025-06-03,AMD,AMD,117.30999755859375
2025-06-04,AMD,AMD,118.58000183105469
2025-06-05,AMD,AMD,115.69000244140625
2025-06-06,AMD,AMD,116.19000244140625
2025-06-09,AMD,AMD,121.7300033569336
2025-06-10,AMD,AMD,123.23999786376953
2025-06-11,AMD,AMD,121.13999938964844
2025-06-12,AMD,AMD,118.5
2025-06-13,AMD,AMD,116.16000366210938
2025-06-16,AMD,AMD,126.38999938964844
2025-06-17,AMD,AMD,127.0999984741211
2025-06-18,AMD,AMD,126.79000091552734
2025-06-20,AMD,AMD,128.24000549316406
2025-06-23,AMD,AMD,129.5800018310547
2025-06-24,AMD,AMD,138.42999267578125
2025-06-25,AMD,AMD,143.39999389648438
2025-06-26,AMD,AMD,143.67999267578125
2025-06-27,AMD,AMD,143.80999755859375
2025-06-30,AMD,AMD,141.89999389648438
2025-07-01,AMD,AMD,136.11000061035156
2025-07-02,AMD,AMD,138.52000427246094
2025-07-03,AMD,AMD,137.91000366210938
2025-07-07,AMD,AMD,134.8000030517578
2025-07-08,AMD,AMD,137.82000732421875
2025-07-09,AMD,AMD,138.41000366210938
2025-07-10,AMD,AMD,144.16000366210938
2025-07-11,AMD,AMD,146.4199981689453
2025-07-14,AMD,AMD,146.24000549316406
2025-07-15,AMD,AMD,155.61000061035156
2025-07-16,AMD,AMD,160.0800018310547
2025-07-17,AMD,AMD,160.41000366210938
2025-07-18,AMD,AMD,156.99000549316406
2025-07-21,AMD,AMD,157.0
2025-07-22,AMD,AMD,154.72000122070312
2025-07-23,AMD,AMD,158.64999389648438
2025-07-24,AMD,AMD,162.1199951171875
2025-07-25,AMD,AMD,166.47000122070312
2025-07-28,AMD,AMD,173.66000366210938
2025-07-29,AMD,AMD,177.44000244140625
2025-07-30,AMD,AMD,179.50999450683594
2025-07-31,AMD,AMD,176.30999755859375
2025-08-01,AMD,AMD,171.6999969482422
2025-08-04,AMD,AMD,176.77999877929688
2025-08-05,AMD,AMD,174.30999755859375
2025-08-06,AMD,AMD,163.1199951171875
2025-08-07,AMD,AMD,172.39999389648438
2025-08-08,AMD,AMD,172.75999450683594
2025-08-11,AMD,AMD,172.27999877929688
2025-08-12,AMD,AMD,174.9499969482422
2025-08-13,AMD,AMD,184.4199981689453
2025-08-14,AMD,AMD,180.9499969482422
2025-08-15,AMD,AMD,177.50999450683594
2025-08-18,AMD,AMD,176.13999938964844
2025-08-19,AMD,AMD,166.5500030517578
2025-08-20,AMD,AMD,165.1999969482422
2025-08-21,AMD,AMD,163.7100067138672
2025-08-22,AMD,AMD,167.75999450683594
2025-08-25,AMD,AMD,163.36000061035156
2025-08-26,AMD,AMD,166.6199951171875
2025-08-27,AMD,AMD,167.1300048828125
2025-08-28,AMD,AMD,168.5800018310547
2025-08-29,AMD,AMD,162.6300048828125
2025-09-02,AMD,AMD,162.32000732421875
2025-09-03,AMD,AMD,162.1300048828125
2025-09-04,AMD,AMD,161.7899932861328
2025-09-05,AMD,AMD,151.13999938964844
2025-09-08,AMD,AMD,151.41000366210938
2025-09-09,AMD,AMD,155.82000732421875
2025-09-10,AMD,AMD,159.5399932861328
2025-09-11,AMD,AMD,155.6699981689453
2025-09-12,AMD,AMD,158.57000732421875
2025-09-15,AMD,AMD,161.16000366210938
2025-09-16,AMD,AMD,160.4600067138672
2025-09-17,AMD,AMD,159.16000366210938
2025-09-18,AMD,AMD,157.9199981689453
2025-09-19,AMD,AMD,157.38999938964844
2025-09-22,AMD,AMD,159.7899932861328
2025-09-23,AMD,AMD,160.89999389648438
2025-09-24,AMD,AMD,160.8800048828125
2025-09-25,AMD,AMD,161.27000427246094
2025-09-26,AMD,AMD,159.4600067138672
2025-09-29,AMD,AMD,161.36000061035156
2025-09-30,AMD,AMD,161.7899932861328
2025-10-01,AMD,AMD,164.00999450683594
2025-10-02,AMD,AMD,169.72999572753906
2025-10-03,AMD,AMD,164.6699981689453
2025-10-06,AMD,AMD,203.7100067138672
2025-10-07,AMD,AMD,211.50999450683594
2025-10-08,AMD,AMD,235.55999755859375
2025-10-09,AMD,AMD,232.88999938964844
2025-10-10,AMD,AMD,214.89999389648438
2025-10-13,AMD,AMD,216.4199981689453
2025-10-14,AMD,AMD,218.08999633789062
2025-10-15,AMD,AMD,238.60000610351562
2025-10-16,AMD,AMD,234.55999755859375
2025-10-17,AMD,AMD,233.0800018310547
2025-10-20,AMD,AMD,240.55999755859375
2025-10-21,AMD,AMD,238.02999877929688
2025-10-22,AMD,AMD,230.22999572753906
2025-10-23,AMD,AMD,234.99000549316406
2025-10-24,AMD,AMD,252.9199981689453
2025-10-27,AMD,AMD,259.6700134277344
2025-10-28,AMD,AMD,258.010009765625
2025-10-29,AMD,AMD,264.3299865722656
2025-10-30,AMD,AMD,254.83999633789062
2025-10-31,AMD,AMD,256.1199951171875
2025-11-03,AMD,AMD,259.6499938964844
2025-11-04,AMD,AMD,250.0500030517578
2025-11-05,AMD,AMD,256.3299865722656
2025-11-06,AMD,AMD,237.6999969482422
2025-11-07,AMD,AMD,233.5399932861328
2025-11-10,AMD,AMD,243.97999572753906
2025-11-11,AMD,AMD,237.52000427246094
2025-11-12,AMD,AMD,258.8900146484375
2025-11-13,AMD,AMD,247.9600067138672
2025-11-14,AMD,AMD,246.80999755859375
2025-11-17,AMD,AMD,240.52000427246094
2025-11-18,AMD,AMD,230.2899932861328
2025-11-19,AMD,AMD,223.5500030517578
2025-11-20,AMD,AMD,206.02000427246094
2025-11-21,AMD,AMD,203.77999877929688
2025-11-24,AMD,AMD,215.0500030517578
2025-11-25,AMD,AMD,206.1300048828125
2025-11-26,AMD,AMD,214.24000549316406
2025-11-28,AMD,AMD,217.52999877929688
2025-12-01,AMD,AMD,219.75999450683594
2025-12-02,AMD,AMD,215.24000549316406
2025-12-03,AMD,AMD,217.60000610351562
2025-12-04,AMD,AMD,215.97999572753906
2025-12-05,AMD,AMD,217.97000122070312
2025-12-08,AMD,AMD,221.11000061035156
2025-12-09,AMD,AMD,221.6199951171875
2025-12-10,AMD,AMD,221.4199981689453
2025-12-11,AMD,AMD,221.42999267578125
2025-12-12,AMD,AMD,210.77999877929688
2025-12-15,AMD,AMD,207.5800018310547
2025-12-16,AMD,AMD,209.1699981689453
2025-12-17,AMD,AMD,198.11000061035156
2025-12-18,AMD,AMD,201.05999755859375
2025-12-19,AMD,AMD,213.42999267578125
2025-12-22,AMD,AMD,214.9499969482422
2025-12-23,AMD,AMD,214.89999389648438
2025-12-24,AMD,AMD,215.0399932861328
2025-12-26,AMD,AMD,214.99000549316406
2025-12-29,AMD,AMD,215.61000061035156
2025-12-30,AMD,AMD,215.33999633789062
2025-12-31,AMD,AMD,214.16000366210938
2026-01-02,AMD,AMD,223.47000122070312
2026-01-05,AMD,AMD,221.0800018310547
2026-01-06,AMD,AMD,214.35000610351562
2026-01-07,AMD,AMD,210.02000427246094
2026-01-08,AMD,AMD,204.67999267578125
2026-01-09,AMD,AMD,203.1699981689453
2026-01-12,AMD,AMD,207.69000244140625
2026-01-13,AMD,AMD,220.97000122070312
2026-01-14,AMD,AMD,223.60000610351562
2026-01-15,AMD,AMD,227.9199981689453
2026-01-16,AMD,AMD,231.8300018310547
2026-01-20,AMD,AMD,231.9199981689453
2026-01-21,AMD,AMD,249.8000030517578
2026-01-22,AMD,AMD,253.72999572753906
2026-01-23,AMD,AMD,259.67999267578125
2026-01-26,AMD,AMD,251.30999755859375
2026-01-27,AMD,AMD,252.02999877929688
2026-01-28,AMD,AMD,252.74000549316406
2026-01-29,AMD,AMD,252.17999267578125
2026-01-30,AMD,AMD,236.72999572753906
2026-02-02,AMD,AMD,246.27000427246094
2026-02-03,AMD,AMD,242.11000061035156
2026-02-04,AMD,AMD,200.19000244140625
2026-02-05,AMD,AMD,192.5
2026-02-06,AMD,AMD,208.44000244140625
2026-02-09,AMD,AMD,216.0
2026-02-10,AMD,AMD,213.57000732421875
2026-02-11,AMD,AMD,213.5800018310547
2026-02-12,AMD,AMD,205.94000244140625
2026-02-13,AMD,AMD,207.32000732421875
2026-02-17,AMD,AMD,203.0800018310547
2026-02-18,AMD,AMD,200.1199951171875
2026-02-19,AMD,AMD,203.3699951171875
2026-02-20,AMD,AMD,200.14999389648438
2026-02-23,AMD,AMD,196.60000610351562
2026-02-24,AMD,AMD,213.83999633789062
2026-02-25,AMD,AMD,210.86000061035156
2026-02-26,AMD,AMD,203.67999267578125
2026-02-27,AMD,AMD,200.2100067138672
2026-03-02,AMD,AMD,198.6199951171875
2026-03-03,AMD,AMD,190.9499969482422
2026-03-04,AMD,AMD,202.07000732421875
2026-03-05,AMD,AMD,199.4499969482422
2026-03-06,AMD,AMD,192.42999267578125
2026-03-09,AMD,AMD,202.67999267578125
2026-03-10,AMD,AMD,203.22999572753906
2026-03-11,AMD,AMD,204.8300018310547
2026-03-12,AMD,AMD,197.74000549316406
2026-03-13,AMD,AMD,193.38999938964844
2026-03-16,AMD,AMD,196.5800018310547
2026-03-17,AMD,AMD,196.30999755859375
2026-03-18,AMD,AMD,199.4600067138672
2026-03-19,AMD,AMD,205.27000427246094
2026-03-20,AMD,AMD,201.3300018310547
2026-03-23,AMD,AMD,202.67999267578125
2026-03-24,AMD,AMD,205.3699951171875
2026-03-25,AMD,AMD,220.27000427246094
2026-03-26,AMD,AMD,203.77000427246094
2026-03-27,AMD,AMD,201.99000549316406
2026-03-30,AMD,AMD,196.0399932861328
2026-03-31,AMD,AMD,203.42999267578125
2010-01-04,INTC,INTC,13.519427299499512
2010-01-05,INTC,INTC,13.512954711914062
2010-01-06,INTC,INTC,13.467632293701172
2010-01-07,INTC,INTC,13.338129043579102
2010-01-08,INTC,INTC,13.48704719543457
2010-01-11,INTC,INTC,13.564750671386719
2010-01-12,INTC,INTC,13.344610214233398
2010-01-13,INTC,INTC,13.571224212646484
2010-01-14,INTC,INTC,13.907915115356445
2010-01-15,INTC,INTC,13.467632293701172
2010-01-19,INTC,INTC,13.629501342773438
2010-01-20,INTC,INTC,13.64892292022705
2010-01-21,INTC,INTC,13.49352741241455
2010-01-22,INTC,INTC,12.891366958618164
2010-01-25,INTC,INTC,13.156837463378906
2010-01-26,INTC,INTC,12.949644088745117
2010-01-27,INTC,INTC,13.105035781860352
2010-01-28,INTC,INTC,12.897845268249512
2010-01-29,INTC,INTC,12.561151504516602
2010-02-01,INTC,INTC,12.697126388549805
2010-02-02,INTC,INTC,12.891366958618164
2010-02-03,INTC,INTC,12.844377517700195
2010-02-04,INTC,INTC,12.413619041442871
2010-02-05,INTC,INTC,12.707318305969238
2010-02-08,INTC,INTC,12.629000663757324
2010-02-09,INTC,INTC,12.824793815612793
2010-02-10,INTC,INTC,12.850903511047363
2010-02-11,INTC,INTC,13.092389106750488
2010-02-12,INTC,INTC,13.333874702453613
2010-02-16,INTC,INTC,13.523146629333496
2010-02-17,INTC,INTC,13.483983993530273
2010-02-18,INTC,INTC,13.601468086242676
2010-02-19,INTC,INTC,13.588410377502441
2010-02-22,INTC,INTC,13.621051788330078
2010-02-23,INTC,INTC,13.307764053344727
2010-02-24,INTC,INTC,13.510093688964844
2010-02-25,INTC,INTC,13.464402198791504
2010-02-26,INTC,INTC,13.399140357971191
2010-03-01,INTC,INTC,13.621051788330078
2010-03-02,INTC,INTC,13.510093688964844
2010-03-03,INTC,INTC,13.392610549926758
2010-03-04,INTC,INTC,13.399140357971191
2010-03-05,INTC,INTC,13.568833351135254
2010-03-08,INTC,INTC,13.555781364440918
2010-03-09,INTC,INTC,13.666732788085938
2010-03-10,INTC,INTC,13.829899787902832
2010-03-11,INTC,INTC,13.86905574798584
2010-03-12,INTC,INTC,13.882115364074707
2010-03-15,INTC,INTC,13.81684398651123
2010-03-16,INTC,INTC,14.365078926086426
2010-03-17,INTC,INTC,14.515191078186035
2010-03-18,INTC,INTC,14.489082336425781
2010-03-19,INTC,INTC,14.35202407836914
2010-03-22,INTC,INTC,14.515191078186035
2010-03-23,INTC,INTC,14.7958345413208
2010-03-24,INTC,INTC,14.639195442199707
2010-03-25,INTC,INTC,14.58698558807373
2010-03-26,INTC,INTC,14.515191078186035
2010-03-29,INTC,INTC,14.573932647705078
2010-03-30,INTC,INTC,14.580452919006348
2010-03-31,INTC,INTC,14.547821998596191
2010-04-01,INTC,INTC,14.613090515136719
2010-04-05,INTC,INTC,14.743618965148926
2010-04-06,INTC,INTC,14.619621276855469
2010-04-07,INTC,INTC,14.652252197265625
2010-04-08,INTC,INTC,14.560873031616211
2010-04-09,INTC,INTC,14.717512130737305
2010-04-12,INTC,INTC,14.710988998413086
2010-04-13,INTC,INTC,14.861095428466797
2010-04-14,INTC,INTC,15.350594520568848
2010-04-15,INTC,INTC,15.807459831237793
2010-04-16,INTC,INTC,15.611659049987793
2010-04-19,INTC,INTC,15.663874626159668
2010-04-20,INTC,INTC,15.742197036743164
2010-04-21,INTC,INTC,15.533341407775879
2010-04-22,INTC,INTC,15.657350540161133
2010-04-23,INTC,INTC,15.689985275268555
2010-04-26,INTC,INTC,15.546395301818848
2010-04-27,INTC,INTC,15.239645957946777
2010-04-28,INTC,INTC,15.180903434753418
2010-04-29,INTC,INTC,15.331018447875977
2010-04-30,INTC,INTC,14.906790733337402
2010-05-03,INTC,INTC,15.180903434753418
2010-05-04,INTC,INTC,14.724043846130371
2010-05-05,INTC,INTC,14.571558952331543
2010-05-06,INTC,INTC,14.137758255004883
2010-05-07,INTC,INTC,14.006307601928711
2010-05-10,INTC,INTC,14.821313858032227
2010-05-11,INTC,INTC,14.643855094909668
2010-05-12,INTC,INTC,15.17624568939209
2010-05-13,INTC,INTC,14.78845500946045
2010-05-14,INTC,INTC,14.387524604797363
2010-05-17,INTC,INTC,14.472966194152832
2010-05-18,INTC,INTC,14.085185050964355
2010-05-19,INTC,INTC,14.196916580200195
2010-05-20,INTC,INTC,13.664533615112305
2010-05-21,INTC,INTC,13.743403434753418
2010-05-24,INTC,INTC,13.585660934448242
2010-05-25,INTC,INTC,13.703965187072754
2010-05-26,INTC,INTC,13.605380058288574
2010-05-27,INTC,INTC,14.302080154418945
2010-05-28,INTC,INTC,14.078608512878418
2010-06-01,INTC,INTC,13.920867919921875
2010-06-02,INTC,INTC,14.334938049316406
2010-06-03,INTC,INTC,14.394088745117188
2010-06-04,INTC,INTC,13.769694328308105
2010-06-07,INTC,INTC,13.349039077758789
2010-06-08,INTC,INTC,13.263601303100586
2010-06-09,INTC,INTC,13.099282264709473
2010-06-10,INTC,INTC,13.506783485412598
2010-06-11,INTC,INTC,13.56594467163086
2010-06-14,INTC,INTC,13.73025894165039
2010-06-15,INTC,INTC,14.1180419921875
2010-06-16,INTC,INTC,14.124615669250488
2010-06-17,INTC,INTC,14.14433765411377
2010-06-18,INTC,INTC,14.065465927124023
2010-06-21,INTC,INTC,13.927440643310547
2010-06-22,INTC,INTC,13.789413452148438
2010-06-23,INTC,INTC,13.677678108215332
2010-06-24,INTC,INTC,13.355615615844727
2010-06-25,INTC,INTC,13.165009498596191
2010-06-28,INTC,INTC,13.38190746307373
2010-06-29,INTC,INTC,13.007267951965332
2010-06-30,INTC,INTC,12.783799171447754
2010-07-01,INTC,INTC,12.65234375
2010-07-02,INTC,INTC,12.61948299407959
2010-07-06,INTC,INTC,12.80351734161377
2010-07-07,INTC,INTC,13.23731517791748
2010-07-08,INTC,INTC,13.211020469665527
2010-07-09,INTC,INTC,13.303037643432617
2010-07-12,INTC,INTC,13.519937515258789
2010-07-13,INTC,INTC,13.809134483337402
2010-07-14,INTC,INTC,14.039173126220703
2010-07-15,INTC,INTC,14.137758255004883
2010-07-16,INTC,INTC,13.815704345703125
2010-07-19,INTC,INTC,14.190340995788574
2010-07-20,INTC,INTC,14.229775428771973
2010-07-21,INTC,INTC,13.9734468460083
2010-07-22,INTC,INTC,14.315227508544922
2010-07-23,INTC,INTC,14.256071090698242
2010-07-26,INTC,INTC,14.269213676452637
2010-07-27,INTC,INTC,14.1837739944458
2010-07-28,INTC,INTC,14.019453048706055
2010-07-29,INTC,INTC,13.822275161743164
2010-07-30,INTC,INTC,13.539649963378906
2010-08-02,INTC,INTC,13.90114688873291
2010-08-03,INTC,INTC,13.717121124267578
2010-08-04,INTC,INTC,13.729034423828125
2010-08-05,INTC,INTC,13.689299583435059
2010-08-06,INTC,INTC,13.676051139831543
2010-08-09,INTC,INTC,13.676051139831543
2010-08-10,INTC,INTC,13.126360893249512
2010-08-11,INTC,INTC,12.868073463439941
2010-08-12,INTC,INTC,12.881319046020508
2010-08-13,INTC,INTC,12.682635307312012
2010-08-16,INTC,INTC,12.894563674926758
2010-08-17,INTC,INTC,12.93430233001709
2010-08-18,INTC,INTC,12.974038124084473
2010-08-19,INTC,INTC,12.517065048217773
2010-08-20,INTC,INTC,12.523686408996582
2010-08-23,INTC,INTC,12.384612083435059
2010-08-24,INTC,INTC,12.192543983459473
2010-08-25,INTC,INTC,12.238905906677246
2010-08-26,INTC,INTC,12.040224075317383
2010-08-27,INTC,INTC,12.166053771972656
2010-08-30,INTC,INTC,11.894524574279785
2010-08-31,INTC,INTC,11.702460289001465
2010-09-01,INTC,INTC,12.01373291015625
2010-09-02,INTC,INTC,12.106451988220215
2010-09-03,INTC,INTC,12.205794334411621
2010-09-07,INTC,INTC,12.000489234924316
2010-09-08,INTC,INTC,11.854784965515137
2010-09-09,INTC,INTC,11.921015739440918
2010-09-10,INTC,INTC,11.901145935058594
2010-09-13,INTC,INTC,12.291885375976562
2010-09-14,INTC,INTC,12.411099433898926
2010-09-15,INTC,INTC,12.397852897644043
2010-09-16,INTC,INTC,12.563424110412598
2010-09-17,INTC,INTC,12.457459449768066
2010-09-20,INTC,INTC,12.536933898925781
2010-09-21,INTC,INTC,12.67601490020752
2010-09-22,INTC,INTC,12.589914321899414
2010-09-23,INTC,INTC,12.570043563842773
2010-09-24,INTC,INTC,12.861451148986816
2010-09-27,INTC,INTC,12.742238998413086
2010-09-28,INTC,INTC,12.921059608459473
2010-09-29,INTC,INTC,12.742238998413086
2010-09-30,INTC,INTC,12.715750694274902
2010-10-01,INTC,INTC,12.795221328735352
2010-10-04,INTC,INTC,12.497200012207031
2010-10-05,INTC,INTC,12.682635307312012
2010-10-06,INTC,INTC,12.788596153259277
2010-10-07,INTC,INTC,12.848203659057617
2010-10-08,INTC,INTC,12.927680015563965
2010-10-11,INTC,INTC,12.954169273376465
2010-10-12,INTC,INTC,13.093245506286621
2010-10-13,INTC,INTC,12.742238998413086
2010-10-14,INTC,INTC,12.795221328735352
2010-10-15,INTC,INTC,12.795221328735352
2010-10-18,INTC,INTC,12.709126472473145
2010-10-19,INTC,INTC,12.722369194030762
2010-10-20,INTC,INTC,13.007152557373047
2010-10-21,INTC,INTC,13.086623191833496
2010-10-22,INTC,INTC,13.139606475830078
2010-10-25,INTC,INTC,13.159473419189453
2010-10-26,INTC,INTC,13.272066116333008
2010-10-27,INTC,INTC,13.371408462524414
2010-10-28,INTC,INTC,13.556838989257812
2010-10-29,INTC,INTC,13.278678894042969
2010-11-01,INTC,INTC,13.62307357788086
2010-11-02,INTC,INTC,13.470741271972656
2010-11-03,INTC,INTC,13.669648170471191
2010-11-04,INTC,INTC,13.99670696258545
2010-11-05,INTC,INTC,14.17691707611084
2010-11-08,INTC,INTC,14.170245170593262
2010-11-09,INTC,INTC,14.123520851135254
2010-11-10,INTC,INTC,14.043426513671875
2010-11-11,INTC,INTC,14.156895637512207
2010-11-12,INTC,INTC,14.370491981506348
2010-11-15,INTC,INTC,14.216971397399902
2010-11-16,INTC,INTC,14.063453674316406
2010-11-17,INTC,INTC,14.070127487182617
2010-11-18,INTC,INTC,14.030080795288086
2010-11-19,INTC,INTC,14.110175132751465
2010-11-22,INTC,INTC,14.183594703674316
2010-11-23,INTC,INTC,14.076797485351562
2010-11-24,INTC,INTC,14.277034759521484
2010-11-26,INTC,INTC,14.243670463562012
2010-11-29,INTC,INTC,14.236989974975586
2010-11-30,INTC,INTC,14.123520851135254
2010-12-01,INTC,INTC,14.337111473083496
2010-12-02,INTC,INTC,14.483954429626465
2010-12-03,INTC,INTC,14.477280616760254
2010-12-06,INTC,INTC,14.483954429626465
2010-12-07,INTC,INTC,14.403861045837402
2010-12-08,INTC,INTC,14.564046859741211
2010-12-09,INTC,INTC,14.557372093200684
2010-12-10,INTC,INTC,14.624124526977539
2010-12-13,INTC,INTC,14.350462913513184
2010-12-14,INTC,INTC,14.330434799194336
2010-12-15,INTC,INTC,14.203619003295898
2010-12-16,INTC,INTC,14.216971397399902
2010-12-17,INTC,INTC,14.323760032653809
2010-12-20,INTC,INTC,14.170245170593262
2010-12-21,INTC,INTC,14.083474159240723
2010-12-22,INTC,INTC,13.94330883026123
2010-12-23,INTC,INTC,13.909936904907227
2010-12-27,INTC,INTC,13.909936904907227
2010-12-28,INTC,INTC,13.93663215637207
2010-12-29,INTC,INTC,13.9766845703125
2010-12-30,INTC,INTC,14.030080795288086
2010-12-31,INTC,INTC,14.036752700805664
2011-01-03,INTC,INTC,13.916607856750488
2011-01-04,INTC,INTC,14.116847038269043
2011-01-05,INTC,INTC,13.9766845703125
2011-01-06,INTC,INTC,13.8632173538208
2011-01-07,INTC,INTC,13.789793014526367
2011-01-10,INTC,INTC,13.809821128845215
2011-01-11,INTC,INTC,14.050098419189453
2011-01-12,INTC,INTC,14.216971397399902
2011-01-13,INTC,INTC,14.210297584533691
2011-01-14,INTC,INTC,14.070127487182617
2011-01-18,INTC,INTC,14.070127487182617
2011-01-19,INTC,INTC,14.023409843444824
2011-01-20,INTC,INTC,13.983358383178711
2011-01-21,INTC,INTC,13.896585464477539
2011-01-24,INTC,INTC,14.17691707611084
2011-01-25,INTC,INTC,14.383831024169922
2011-01-26,INTC,INTC,14.517321586608887
2011-01-27,INTC,INTC,14.517321586608887
2011-01-28,INTC,INTC,14.323760032653809
2011-01-31,INTC,INTC,14.323760032653809
2011-02-01,INTC,INTC,14.337111473083496
2011-02-02,INTC,INTC,14.390506744384766
2011-02-03,INTC,INTC,14.519079208374023
2011-02-04,INTC,INTC,14.593119621276855
2011-02-07,INTC,INTC,14.599848747253418
2011-02-08,INTC,INTC,14.566189765930176
2011-02-09,INTC,INTC,14.445030212402344
2011-02-10,INTC,INTC,14.67388916015625
2011-02-11,INTC,INTC,14.646964073181152
2011-02-14,INTC,INTC,14.519079208374023
2011-02-15,INTC,INTC,14.438302993774414
2011-02-16,INTC,INTC,14.640235900878906
2011-02-17,INTC,INTC,14.788320541381836
2011-02-18,INTC,INTC,14.902750015258789
2011-02-22,INTC,INTC,14.680623054504395
2011-02-23,INTC,INTC,14.236368179321289
2011-02-24,INTC,INTC,14.33060073852539
2011-02-25,INTC,INTC,14.714279174804688
2011-02-28,INTC,INTC,14.45175838470459
2011-03-01,INTC,INTC,14.39791488647461
2011-03-02,INTC,INTC,14.465225219726562
2011-03-03,INTC,INTC,14.667162895202637
2011-03-04,INTC,INTC,14.512345314025879
2011-03-07,INTC,INTC,14.276756286621094
2011-03-08,INTC,INTC,14.222902297973633
2011-03-09,INTC,INTC,14.27001953125
2011-03-10,INTC,INTC,13.994049072265625
2011-03-11,INTC,INTC,14.047887802124023
2011-03-14,INTC,INTC,14.027705192565918
2011-03-15,INTC,INTC,13.583441734313965
2011-03-16,INTC,INTC,13.334395408630371
2011-03-17,INTC,INTC,13.394973754882812
2011-03-18,INTC,INTC,13.415165901184082
2011-03-21,INTC,INTC,13.590177536010742
2011-03-22,INTC,INTC,13.563252449035645
2011-03-23,INTC,INTC,13.657491683959961
2011-03-24,INTC,INTC,13.71806812286377
2011-03-25,INTC,INTC,13.711337089538574
2011-03-28,INTC,INTC,13.691142082214355
2011-03-29,INTC,INTC,13.650762557983398
2011-03-30,INTC,INTC,13.771913528442383
2011-03-31,INTC,INTC,13.583441734313965
2011-04-01,INTC,INTC,13.273815155029297
2011-04-04,INTC,INTC,13.118993759155273
2011-04-05,INTC,INTC,13.267083168029785
2011-04-06,INTC,INTC,13.428627014160156
2011-04-07,INTC,INTC,13.482476234436035
2011-04-08,INTC,INTC,13.475747108459473
2011-04-11,INTC,INTC,13.543055534362793
2011-04-12,INTC,INTC,13.300740242004395
2011-04-13,INTC,INTC,13.314196586608887
2011-04-14,INTC,INTC,13.179574966430664
2011-04-15,INTC,INTC,13.29400634765625
2011-04-18,INTC,INTC,13.206502914428711
2011-04-19,INTC,INTC,13.368047714233398
2011-04-20,INTC,INTC,14.411377906799316
2011-04-21,INTC,INTC,14.445030212402344
2011-04-25,INTC,INTC,14.76812744140625
2011-04-26,INTC,INTC,15.131612777709961
2011-04-27,INTC,INTC,15.23257064819336
2011-04-28,INTC,INTC,15.347004890441895
2011-04-29,INTC,INTC,15.582594871520996
2011-05-02,INTC,INTC,15.421051025390625
2011-05-03,INTC,INTC,15.636449813842773
2011-05-04,INTC,INTC,15.942398071289062
2011-05-05,INTC,INTC,16.017030715942383
2011-05-06,INTC,INTC,15.772801399230957
2011-05-09,INTC,INTC,15.44038200378418
2011-05-10,INTC,INTC,15.623549461364746
2011-05-11,INTC,INTC,15.881343841552734
2011-05-12,INTC,INTC,16.084871292114258
2011-05-13,INTC,INTC,15.881343841552734
2011-05-16,INTC,INTC,16.03737449645996
2011-05-17,INTC,INTC,15.976324081420898
2011-05-18,INTC,INTC,16.200191497802734
2011-05-19,INTC,INTC,15.969536781311035
2011-05-20,INTC,INTC,15.752449989318848
2011-05-23,INTC,INTC,15.508225440979004
2011-05-24,INTC,INTC,15.338622093200684
2011-05-25,INTC,INTC,15.386113166809082
2011-05-26,INTC,INTC,15.264005661010742
2011-05-27,INTC,INTC,15.067264556884766
2011-05-31,INTC,INTC,15.27078628540039
2011-06-01,INTC,INTC,14.92480182647705
2011-06-02,INTC,INTC,14.985858917236328
2011-06-03,INTC,INTC,14.741633415222168
2011-06-06,INTC,INTC,14.809478759765625
2011-06-07,INTC,INTC,14.96550178527832
2011-06-08,INTC,INTC,14.802691459655762
2011-06-09,INTC,INTC,14.761988639831543
2011-06-10,INTC,INTC,14.504188537597656
2011-06-13,INTC,INTC,14.510973930358887
2011-06-14,INTC,INTC,14.802691459655762
2011-06-15,INTC,INTC,14.531330108642578
2011-06-16,INTC,INTC,14.531330108642578
2011-06-17,INTC,INTC,14.375298500061035
2011-06-20,INTC,INTC,14.4702787399292
2011-06-21,INTC,INTC,14.687360763549805
2011-06-22,INTC,INTC,14.5177640914917
2011-06-23,INTC,INTC,14.72806453704834
2011-06-24,INTC,INTC,14.382081985473633
2011-06-27,INTC,INTC,14.477059364318848
2011-06-28,INTC,INTC,14.578822135925293
2011-06-29,INTC,INTC,14.510973930358887
2011-06-30,INTC,INTC,15.033346176147461
2011-07-01,INTC,INTC,15.284355163574219
2011-07-05,INTC,INTC,15.22330379486084
2011-07-06,INTC,INTC,15.433600425720215
2011-07-07,INTC,INTC,15.759232521057129
2011-07-08,INTC,INTC,15.664258003234863
2011-07-11,INTC,INTC,15.501446723937988
2011-07-12,INTC,INTC,15.230084419250488
2011-07-13,INTC,INTC,15.250429153442383
2011-07-14,INTC,INTC,15.107970237731934
2011-07-15,INTC,INTC,15.17581844329834
2011-07-18,INTC,INTC,15.114749908447266
2011-07-19,INTC,INTC,15.643905639648438
2011-07-20,INTC,INTC,15.596417427062988
2011-07-21,INTC,INTC,15.474305152893066
2011-07-22,INTC,INTC,15.691396713256836
2011-07-25,INTC,INTC,15.623549461364746
2011-07-26,INTC,INTC,15.53536605834961
2011-07-27,INTC,INTC,15.284355163574219
2011-07-28,INTC,INTC,15.297920227050781
2011-07-29,INTC,INTC,15.148672103881836
2011-08-01,INTC,INTC,15.087618827819824
2011-08-02,INTC,INTC,14.734848976135254
2011-08-03,INTC,INTC,14.94035530090332
2011-08-04,INTC,INTC,14.282737731933594
2011-08-05,INTC,INTC,14.2416410446167
2011-08-08,INTC,INTC,13.775819778442383
2011-08-09,INTC,INTC,14.111480712890625
2011-08-10,INTC,INTC,13.65251636505127
2011-08-11,INTC,INTC,14.221085548400879
2011-08-12,INTC,INTC,14.145731925964355
2011-08-15,INTC,INTC,14.310135841369629
2011-08-16,INTC,INTC,14.2416410446167
2011-08-17,INTC,INTC,14.159430503845215
2011-08-18,INTC,INTC,13.542912483215332
2011-08-19,INTC,INTC,13.145599365234375
2011-08-22,INTC,INTC,13.275753021240234
2011-08-23,INTC,INTC,13.501812934875488
2011-08-24,INTC,INTC,13.563462257385254
2011-08-25,INTC,INTC,13.303152084350586
2011-08-26,INTC,INTC,13.542912483215332
2011-08-29,INTC,INTC,13.905976295471191
2011-08-30,INTC,INTC,13.864871978759766
2011-08-31,INTC,INTC,13.789520263671875
2011-09-01,INTC,INTC,13.693617820739746
2011-09-02,INTC,INTC,13.453849792480469
2011-09-06,INTC,INTC,13.385354995727539
2011-09-07,INTC,INTC,13.755269050598145
2011-09-08,INTC,INTC,13.631961822509766
2011-09-09,INTC,INTC,13.494954109191895
2011-09-12,INTC,INTC,13.892276763916016
2011-09-13,INTC,INTC,14.221085548400879
2011-09-14,INTC,INTC,14.467690467834473
2011-09-15,INTC,INTC,14.75540542602539
2011-09-16,INTC,INTC,15.049958229064941
2011-09-19,INTC,INTC,15.022562980651855
2011-09-20,INTC,INTC,15.207514762878418
2011-09-21,INTC,INTC,15.029412269592285
2011-09-22,INTC,INTC,14.810200691223145
2011-09-23,INTC,INTC,15.180116653442383
2011-09-26,INTC,INTC,15.234916687011719
2011-09-27,INTC,INTC,15.440425872802734
2011-09-28,INTC,INTC,15.282870292663574
2011-09-29,INTC,INTC,15.214366912841797
2011-09-30,INTC,INTC,14.618398666381836
2011-10-03,INTC,INTC,14.125176429748535
2011-10-04,INTC,INTC,14.536197662353516
2011-10-05,INTC,INTC,14.967758178710938
2011-10-06,INTC,INTC,15.091066360473633
2011-10-07,INTC,INTC,15.269171714782715
2011-10-10,INTC,INTC,15.673334121704102
2011-10-11,INTC,INTC,15.74868392944336
2011-10-12,INTC,INTC,15.837737083435059
2011-10-13,INTC,INTC,16.02269744873047
2011-10-14,INTC,INTC,16.09804344177246
2011-10-17,INTC,INTC,15.947342872619629
2011-10-18,INTC,INTC,16.029550552368164
2011-10-19,INTC,INTC,16.60496711730957
2011-10-20,INTC,INTC,16.173404693603516
2011-10-21,INTC,INTC,16.461109161376953
2011-10-24,INTC,INTC,16.8447208404541
2011-10-25,INTC,INTC,16.87212371826172
2011-10-26,INTC,INTC,16.920076370239258
2011-10-27,INTC,INTC,17.21463394165039
2011-10-28,INTC,INTC,17.111879348754883
2011-10-31,INTC,INTC,16.81047248840332
2011-11-01,INTC,INTC,16.372051239013672
2011-11-02,INTC,INTC,16.33780288696289
2011-11-03,INTC,INTC,16.724822998046875
2011-11-04,INTC,INTC,16.40691375732422
2011-11-07,INTC,INTC,16.780113220214844
2011-11-08,INTC,INTC,17.10493278503418
2011-11-09,INTC,INTC,16.47602653503418
2011-11-10,INTC,INTC,16.628074645996094
2011-11-11,INTC,INTC,17.174047470092773
2011-11-14,INTC,INTC,17.022003173828125
2011-11-15,INTC,INTC,17.512685775756836
2011-11-16,INTC,INTC,17.23624610900879
2011-11-17,INTC,INTC,16.821582794189453
2011-11-18,INTC,INTC,16.787025451660156
2011-11-21,INTC,INTC,16.2894287109375
2011-11-22,INTC,INTC,16.061357498168945
2011-11-23,INTC,INTC,15.688161849975586
2011-11-25,INTC,INTC,15.708895683288574
2011-11-28,INTC,INTC,16.21340560913086
2011-11-29,INTC,INTC,16.296337127685547
2011-11-30,INTC,INTC,17.21551513671875
2011-12-01,INTC,INTC,17.22241973876953
2011-12-02,INTC,INTC,17.028919219970703
2011-12-05,INTC,INTC,17.284622192382812
2011-12-06,INTC,INTC,17.51959800720215
2011-12-07,INTC,INTC,17.733840942382812
2011-12-08,INTC,INTC,17.077289581298828
2011-12-09,INTC,INTC,17.284622192382812
2011-12-12,INTC,INTC,16.58660316467285
2011-12-13,INTC,INTC,16.28251075744629
2011-12-14,INTC,INTC,16.1097412109375
2011-12-15,INTC,INTC,16.1097412109375
2011-12-16,INTC,INTC,16.05445098876953
2011-12-19,INTC,INTC,15.964606285095215
2011-12-20,INTC,INTC,16.47602653503418
2011-12-21,INTC,INTC,16.365447998046875
2011-12-22,INTC,INTC,16.60042953491211
2011-12-23,INTC,INTC,16.863046646118164
2011-12-27,INTC,INTC,16.9736270904541
2011-12-28,INTC,INTC,16.745561599731445
2011-12-29,INTC,INTC,16.966711044311523
2011-12-30,INTC,INTC,16.75937843322754
2012-01-03,INTC,INTC,16.95980453491211
2012-01-04,INTC,INTC,17.353734970092773
2012-01-05,INTC,INTC,17.554155349731445
2012-01-06,INTC,INTC,17.45048713684082
2012-01-09,INTC,INTC,17.602535247802734
2012-01-10,INTC,INTC,17.68547248840332
2012-01-11,INTC,INTC,17.830598831176758
2012-01-12,INTC,INTC,17.796043395996094
2012-01-13,INTC,INTC,17.374465942382812
2012-01-17,INTC,INTC,17.305356979370117
2012-01-18,INTC,INTC,17.54724884033203
2012-01-19,INTC,INTC,17.71311378479004
2012-01-20,INTC,INTC,18.23143768310547
2012-01-23,INTC,INTC,18.459510803222656
2012-01-24,INTC,INTC,18.5908145904541
2012-01-25,INTC,INTC,18.5908145904541
2012-01-26,INTC,INTC,18.487152099609375
2012-01-27,INTC,INTC,18.473325729370117
2012-01-30,INTC,INTC,18.480243682861328
2012-01-31,INTC,INTC,18.259082794189453
2012-02-01,INTC,INTC,18.34893035888672
2012-02-02,INTC,INTC,18.307464599609375
2012-02-03,INTC,INTC,18.627918243408203
2012-02-06,INTC,INTC,18.613985061645508
2012-02-07,INTC,INTC,18.55824851989746
2012-02-08,INTC,INTC,18.704547882080078
2012-02-09,INTC,INTC,18.71150779724121
2012-02-10,INTC,INTC,18.600053787231445
2012-02-13,INTC,INTC,18.600053787231445
2012-02-14,INTC,INTC,18.65577507019043
2012-02-15,INTC,INTC,18.516456604003906
2012-02-16,INTC,INTC,18.690614700317383
2012-02-17,INTC,INTC,19.06679916381836
2012-02-21,INTC,INTC,18.920501708984375
2012-02-22,INTC,INTC,18.620946884155273
2012-02-23,INTC,INTC,18.572181701660156
2012-02-24,INTC,INTC,18.600053787231445
2012-02-27,INTC,INTC,18.732404708862305
2012-02-28,INTC,INTC,18.97623062133789
2012-02-29,INTC,INTC,18.725440979003906
2012-03-01,INTC,INTC,18.71150779724121
2012-03-02,INTC,INTC,18.753311157226562
2012-03-05,INTC,INTC,18.488590240478516
2012-03-06,INTC,INTC,18.537349700927734
2012-03-07,INTC,INTC,18.746339797973633
2012-03-08,INTC,INTC,18.69757652282715
2012-03-09,INTC,INTC,18.857805252075195
2012-03-12,INTC,INTC,18.802074432373047
2012-03-13,INTC,INTC,19.150392532348633
2012-03-14,INTC,INTC,19.129487991333008
2012-03-15,INTC,INTC,19.331504821777344
2012-03-16,INTC,INTC,19.317577362060547
2012-03-19,INTC,INTC,19.324546813964844
2012-03-20,INTC,INTC,19.331504821777344
2012-03-21,INTC,INTC,19.352413177490234
2012-03-22,INTC,INTC,19.43600082397461
2012-03-23,INTC,INTC,19.422069549560547
2012-03-26,INTC,INTC,19.638032913208008
2012-03-27,INTC,INTC,19.638032913208008
2012-03-28,INTC,INTC,19.366336822509766
2012-03-29,INTC,INTC,19.61713409423828
2012-03-30,INTC,INTC,19.589269638061523
2012-04-02,INTC,INTC,19.770389556884766
2012-04-03,INTC,INTC,19.582300186157227
2012-04-04,INTC,INTC,19.4569034576416
2012-04-05,INTC,INTC,19.55443572998047
2012-04-09,INTC,INTC,19.33847427368164
2012-04-10,INTC,INTC,19.122529983520508
2012-04-11,INTC,INTC,19.401174545288086
2012-04-12,INTC,INTC,19.84005355834961
2012-04-13,INTC,INTC,19.56837272644043
2012-04-16,INTC,INTC,19.791288375854492
2012-04-17,INTC,INTC,19.83308219909668
2012-04-18,INTC,INTC,19.470834732055664
2012-04-19,INTC,INTC,19.28971290588379
2012-04-20,INTC,INTC,19.227014541625977
2012-04-23,INTC,INTC,19.122529983520508
2012-04-24,INTC,INTC,19.024993896484375
2012-04-25,INTC,INTC,19.40814208984375
2012-04-26,INTC,INTC,19.658926010131836
2012-04-27,INTC,INTC,19.770389556884766
2012-04-30,INTC,INTC,19.784326553344727
2012-05-01,INTC,INTC,20.16746711730957
2012-05-02,INTC,INTC,20.327695846557617
2012-05-03,INTC,INTC,20.040006637573242
2012-05-04,INTC,INTC,19.576892852783203
2012-05-07,INTC,INTC,19.478656768798828
2012-05-08,INTC,INTC,19.205013275146484
2012-05-09,INTC,INTC,19.07870864868164
2012-05-10,INTC,INTC,19.11379051208496
2012-05-11,INTC,INTC,19.3874454498291
2012-05-14,INTC,INTC,18.95941925048828
2012-05-15,INTC,INTC,18.86117935180664
2012-05-16,INTC,INTC,18.594545364379883
2012-05-17,INTC,INTC,18.37701988220215
2012-05-18,INTC,INTC,18.292816162109375
2012-05-21,INTC,INTC,18.34895133972168
2012-05-22,INTC,INTC,18.264755249023438
2012-05-23,INTC,INTC,17.850765228271484
2012-05-24,INTC,INTC,17.998119354248047
2012-05-25,INTC,INTC,18.061267852783203
2012-05-29,INTC,INTC,18.306852340698242
2012-05-30,INTC,INTC,18.334918975830078
2012-05-31,INTC,INTC,18.13143539428711
2012-06-01,INTC,INTC,17.6402645111084
2012-06-04,INTC,INTC,17.570091247558594
2012-06-05,INTC,INTC,17.843740463256836
2012-06-06,INTC,INTC,18.292816162109375
2012-06-07,INTC,INTC,18.20159912109375
2012-06-08,INTC,INTC,18.531391143798828
2012-06-11,INTC,INTC,18.236682891845703
2012-06-12,INTC,INTC,18.60857391357422
2012-06-13,INTC,INTC,18.62261199951172
2012-06-14,INTC,INTC,18.93135643005371
2012-06-15,INTC,INTC,19.183958053588867
2012-06-18,INTC,INTC,19.24009132385254
2012-06-19,INTC,INTC,19.30324363708496
2012-06-20,INTC,INTC,19.394453048706055
2012-06-21,INTC,INTC,18.741897583007812
2012-06-22,INTC,INTC,18.903284072875977
2012-06-25,INTC,INTC,18.278791427612305
2012-06-26,INTC,INTC,18.250722885131836
2012-06-27,INTC,INTC,18.3980712890625
2012-06-28,INTC,INTC,18.124418258666992
2012-06-29,INTC,INTC,18.699796676635742
2012-07-02,INTC,INTC,18.713830947875977
2012-07-03,INTC,INTC,18.84714698791504
2012-07-05,INTC,INTC,18.62962532043457
2012-07-06,INTC,INTC,18.355974197387695
2012-07-09,INTC,INTC,18.362993240356445
2012-07-10,INTC,INTC,17.93496322631836
2012-07-11,INTC,INTC,17.815677642822266
2012-07-12,INTC,INTC,17.35958480834961
2012-07-13,INTC,INTC,17.717439651489258
2012-07-16,INTC,INTC,17.633237838745117
2012-07-17,INTC,INTC,17.808656692504883
2012-07-18,INTC,INTC,18.391050338745117
2012-07-19,INTC,INTC,18.285802841186523
2012-07-20,INTC,INTC,17.906892776489258
2012-07-23,INTC,INTC,17.72446060180664
2012-07-24,INTC,INTC,17.549043655395508
2012-07-25,INTC,INTC,17.633237838745117
2012-07-26,INTC,INTC,17.892864227294922
2012-07-27,INTC,INTC,18.257740020751953
2012-07-30,INTC,INTC,18.075294494628906
2012-07-31,INTC,INTC,18.0331974029541
2012-08-01,INTC,INTC,18.194589614868164
2012-08-02,INTC,INTC,18.180551528930664
2012-08-03,INTC,INTC,18.56631851196289
2012-08-06,INTC,INTC,18.62294578552246
2012-08-07,INTC,INTC,18.7574405670166
2012-08-08,INTC,INTC,18.82821273803711
2012-08-09,INTC,INTC,18.899003982543945
2012-08-10,INTC,INTC,19.026411056518555
2012-08-13,INTC,INTC,18.891916275024414
2012-08-14,INTC,INTC,18.743274688720703
2012-08-15,INTC,INTC,18.59463119506836
2012-08-16,INTC,INTC,18.821136474609375
2012-08-17,INTC,INTC,18.637102127075195
2012-08-20,INTC,INTC,18.56631851196289
2012-08-21,INTC,INTC,18.481380462646484
2012-08-22,INTC,INTC,18.212406158447266
2012-08-23,INTC,INTC,17.724010467529297
2012-08-24,INTC,INTC,17.63198471069336
2012-08-27,INTC,INTC,17.582439422607422
2012-08-28,INTC,INTC,17.6956844329834
2012-08-29,INTC,INTC,17.462108612060547
2012-08-30,INTC,INTC,17.178972244262695
2012-08-31,INTC,INTC,17.575361251831055
2012-09-04,INTC,INTC,17.285146713256836
2012-09-05,INTC,INTC,17.263916015625
2012-09-06,INTC,INTC,17.7664737701416
2012-09-07,INTC,INTC,17.122343063354492
2012-09-10,INTC,INTC,16.464069366455078
2012-09-11,INTC,INTC,16.52069854736328
2012-09-12,INTC,INTC,16.41452407836914
2012-09-13,INTC,INTC,16.534852981567383
2012-09-14,INTC,INTC,16.54193115234375
2012-09-17,INTC,INTC,16.499460220336914
2012-09-18,INTC,INTC,16.54193115234375
2012-09-19,INTC,INTC,16.38620948791504
2012-09-20,INTC,INTC,16.407438278198242
2012-09-21,INTC,INTC,16.372051239013672
2012-09-24,INTC,INTC,16.138473510742188
2012-09-25,INTC,INTC,15.954437255859375
2012-09-26,INTC,INTC,16.03229522705078
2012-09-27,INTC,INTC,16.343748092651367
2012-09-28,INTC,INTC,16.03937530517578
2012-10-01,INTC,INTC,16.110151290893555
2012-10-02,INTC,INTC,16.166776657104492
2012-10-03,INTC,INTC,15.96151065826416
2012-10-04,INTC,INTC,15.904885292053223
2012-10-05,INTC,INTC,16.05352783203125
2012-10-08,INTC,INTC,15.933199882507324
2012-10-09,INTC,INTC,15.501428604125977
2012-10-10,INTC,INTC,15.402338027954102
2012-10-11,INTC,INTC,15.345702171325684
2012-10-12,INTC,INTC,15.20413589477539
2012-10-15,INTC,INTC,15.381094932556152
2012-10-16,INTC,INTC,15.81994915008545
2012-10-17,INTC,INTC,15.423563003540039
2012-10-18,INTC,INTC,15.338627815246582
2012-10-19,INTC,INTC,15.055493354797363
2012-10-22,INTC,INTC,15.189984321594238
2012-10-23,INTC,INTC,15.281999588012695
2012-10-24,INTC,INTC,15.189984321594238
2012-10-25,INTC,INTC,15.352778434753418
2012-10-26,INTC,INTC,15.53681468963623
2012-10-31,INTC,INTC,15.31030559539795
2012-11-01,INTC,INTC,15.756246566772461
2012-11-02,INTC,INTC,15.614679336547852
2012-11-05,INTC,INTC,15.618250846862793
2012-11-06,INTC,INTC,15.539587020874023
2012-11-07,INTC,INTC,14.953185081481934
2012-11-08,INTC,INTC,14.895979881286621
2012-11-09,INTC,INTC,14.874527931213379
2012-11-12,INTC,INTC,14.853075981140137
2012-11-13,INTC,INTC,14.502660751342773
2012-11-14,INTC,INTC,14.273824691772461
2012-11-15,INTC,INTC,14.323882102966309
2012-11-16,INTC,INTC,14.438299179077148
2012-11-19,INTC,INTC,14.481207847595215
2012-11-20,INTC,INTC,13.952020645141602
2012-11-21,INTC,INTC,13.84475040435791
2012-11-23,INTC,INTC,14.102201461791992
2012-11-26,INTC,INTC,14.223762512207031
2012-11-27,INTC,INTC,14.252371788024902
2012-11-28,INTC,INTC,14.366788864135742
2012-11-29,INTC,INTC,13.966322898864746
2012-11-30,INTC,INTC,13.994929313659668
2012-12-03,INTC,INTC,13.973474502563477
2012-12-04,INTC,INTC,14.280974388122559
2012-12-05,INTC,INTC,14.195159912109375
2012-12-06,INTC,INTC,14.416848182678223
2012-12-07,INTC,INTC,14.416848182678223
2012-12-10,INTC,INTC,14.359636306762695
2012-12-11,INTC,INTC,14.767254829406738
2012-12-12,INTC,INTC,14.781557083129883
2012-12-13,INTC,INTC,14.652839660644531
2012-12-14,INTC,INTC,14.681441307067871
2012-12-17,INTC,INTC,14.710044860839844
2012-12-18,INTC,INTC,14.988945960998535
2012-12-19,INTC,INTC,15.089061737060547
2012-12-20,INTC,INTC,15.03900146484375
2012-12-21,INTC,INTC,14.853075981140137
2012-12-24,INTC,INTC,14.760103225708008
2012-12-26,INTC,INTC,14.767254829406738
2012-12-27,INTC,INTC,14.667141914367676
2012-12-28,INTC,INTC,14.466907501220703
2012-12-31,INTC,INTC,14.745806694030762
2013-01-02,INTC,INTC,15.28929328918457
2013-01-03,INTC,INTC,15.246390342712402
2013-01-04,INTC,INTC,15.13197135925293
2013-01-07,INTC,INTC,15.196322441101074
2013-01-08,INTC,INTC,15.08191204071045
2013-01-09,INTC,INTC,15.339354515075684
2013-01-10,INTC,INTC,15.589643478393555
2013-01-11,INTC,INTC,15.732671737670898
2013-01-14,INTC,INTC,15.732671737670898
2013-01-15,INTC,INTC,15.646849632263184
2013-01-16,INTC,INTC,15.811334609985352
2013-01-17,INTC,INTC,16.21895408630371
2013-01-18,INTC,INTC,15.196322441101074
2013-01-22,INTC,INTC,15.139117240905762
2013-01-23,INTC,INTC,15.096216201782227
2013-01-24,INTC,INTC,14.981791496276855
2013-01-25,INTC,INTC,14.988945960998535
2013-01-28,INTC,INTC,15.053305625915527
2013-01-29,INTC,INTC,15.217785835266113
2013-01-30,INTC,INTC,15.282145500183105
2013-01-31,INTC,INTC,15.04615592956543
2013-02-01,INTC,INTC,15.274986267089844
2013-02-04,INTC,INTC,15.13197135925293
2013-02-05,INTC,INTC,15.30905532836914
2013-02-06,INTC,INTC,15.171720504760742
2013-02-07,INTC,INTC,15.041616439819336
2013-02-08,INTC,INTC,15.178955078125
2013-02-11,INTC,INTC,15.200634002685547
2013-02-12,INTC,INTC,15.316290855407715
2013-02-13,INTC,INTC,15.35964584350586
2013-02-14,INTC,INTC,15.345195770263672
2013-02-15,INTC,INTC,15.265687942504883
2013-02-19,INTC,INTC,15.24400520324707
2013-02-20,INTC,INTC,14.983797073364258
2013-02-21,INTC,INTC,14.636846542358398
2013-02-22,INTC,INTC,14.75972843170166
2013-02-25,INTC,INTC,14.622392654418945
2013-02-26,INTC,INTC,14.875368118286133
2013-02-27,INTC,INTC,15.128355026245117
2013-02-28,INTC,INTC,15.092214584350586
2013-03-01,INTC,INTC,15.200634002685547
2013-03-04,INTC,INTC,15.374112129211426
2013-03-05,INTC,INTC,15.547578811645508
2013-03-06,INTC,INTC,15.721055030822754
2013-03-07,INTC,INTC,15.822251319885254
2013-03-08,INTC,INTC,15.598172187805176
2013-03-11,INTC,INTC,15.677689552307129
2013-03-12,INTC,INTC,15.64155101776123
2013-03-13,INTC,INTC,15.65600299835205
2013-03-14,INTC,INTC,15.648773193359375
2013-03-15,INTC,INTC,15.45361614227295
2013-03-18,INTC,INTC,15.366886138916016
2013-03-19,INTC,INTC,15.280145645141602
2013-03-20,INTC,INTC,15.30905532836914
2013-03-21,INTC,INTC,15.207864761352539
2013-03-22,INTC,INTC,15.41748046875
2013-03-25,INTC,INTC,15.287375450134277
2013-03-26,INTC,INTC,15.735514640808105
2013-03-27,INTC,INTC,15.778878211975098
2013-03-28,INTC,INTC,15.786109924316406
2013-04-01,INTC,INTC,15.489761352539062
2013-04-02,INTC,INTC,15.511441230773926
2013-04-03,INTC,INTC,15.215091705322266
2013-04-04,INTC,INTC,15.280145645141602
2013-04-05,INTC,INTC,15.135584831237793
2013-04-08,INTC,INTC,15.24400520324707
2013-04-09,INTC,INTC,15.721055030822754
2013-04-10,INTC,INTC,16.089689254760742
2013-04-11,INTC,INTC,15.778878211975098
2013-04-12,INTC,INTC,15.67045783996582
2013-04-15,INTC,INTC,15.45361614227295
2013-04-16,INTC,INTC,15.843929290771484
2013-04-17,INTC,INTC,15.85115909576416
2013-04-18,INTC,INTC,16.075231552124023
2013-04-19,INTC,INTC,16.219799041748047
2013-04-22,INTC,INTC,16.537830352783203
2013-04-23,INTC,INTC,16.89923667907715
2013-04-24,INTC,INTC,17.101625442504883
2013-04-25,INTC,INTC,16.89923667907715
2013-04-26,INTC,INTC,16.913692474365234
2013-04-29,INTC,INTC,17.17390251159668
2013-04-30,INTC,INTC,17.311233520507812
2013-05-01,INTC,INTC,17.340139389038086
2013-05-02,INTC,INTC,17.4268798828125
2013-05-03,INTC,INTC,17.481603622436523
2013-05-06,INTC,INTC,17.44512367248535
2013-05-07,INTC,INTC,17.62022590637207
2013-05-08,INTC,INTC,17.693193435668945
2013-05-09,INTC,INTC,17.77344512939453
2013-05-10,INTC,INTC,17.875595092773438
2013-05-13,INTC,INTC,17.56915283203125
2013-05-14,INTC,INTC,17.394046783447266
2013-05-15,INTC,INTC,17.656715393066406
2013-05-16,INTC,INTC,17.467012405395508
2013-05-17,INTC,INTC,17.539966583251953
2013-05-20,INTC,INTC,17.56915283203125
2013-05-21,INTC,INTC,17.62022590637207
2013-05-22,INTC,INTC,17.561866760253906
2013-05-23,INTC,INTC,17.547269821166992
2013-05-24,INTC,INTC,17.45241928100586
2013-05-28,INTC,INTC,17.56915283203125
2013-05-29,INTC,INTC,17.707792282104492
2013-05-30,INTC,INTC,17.66400718688965
2013-05-31,INTC,INTC,17.715085983276367
2013-06-03,INTC,INTC,18.41550636291504
2013-06-04,INTC,INTC,18.503068923950195
2013-06-05,INTC,INTC,18.021520614624023
2013-06-06,INTC,INTC,17.98503875732422
2013-06-07,INTC,INTC,17.941261291503906
2013-06-10,INTC,INTC,18.24770164489746
2013-06-11,INTC,INTC,18.0288143157959
2013-06-12,INTC,INTC,17.84641456604004
2013-06-13,INTC,INTC,18.233102798461914
2013-06-14,INTC,INTC,18.182031631469727
2013-06-17,INTC,INTC,18.313365936279297
2013-06-18,INTC,INTC,18.583324432373047
2013-06-19,INTC,INTC,18.240407943725586
2013-06-20,INTC,INTC,17.649410247802734
2013-06-21,INTC,INTC,17.656715393066406
2013-06-24,INTC,INTC,17.20435333251953
2013-06-25,INTC,INTC,17.423234939575195
2013-06-26,INTC,INTC,17.518089294433594
2013-06-27,INTC,INTC,17.547269821166992
2013-06-28,INTC,INTC,17.67859649658203
2013-07-01,INTC,INTC,17.430522918701172
2013-07-02,INTC,INTC,17.30649757385254
2013-07-03,INTC,INTC,17.335681915283203
2013-07-05,INTC,INTC,17.554563522338867
2013-07-08,INTC,INTC,16.919797897338867
2013-07-09,INTC,INTC,16.883319854736328
2013-07-10,INTC,INTC,16.963573455810547
2013-07-11,INTC,INTC,17.50348472595215
2013-07-12,INTC,INTC,17.437828063964844
2013-07-15,INTC,INTC,17.467012405395508
2013-07-16,INTC,INTC,17.693193435668945
2013-07-17,INTC,INTC,17.62022590637207
2013-07-18,INTC,INTC,16.956281661987305
2013-07-19,INTC,INTC,16.810354232788086
2013-07-22,INTC,INTC,16.613361358642578
2013-07-23,INTC,INTC,16.598766326904297
2013-07-24,INTC,INTC,16.730098724365234
2013-07-25,INTC,INTC,16.8249454498291
2013-07-26,INTC,INTC,16.970870971679688
2013-07-29,INTC,INTC,16.956281661987305
2013-07-30,INTC,INTC,17.058425903320312
2013-07-31,INTC,INTC,17.02924156188965
2013-08-01,INTC,INTC,16.927095413208008
2013-08-02,INTC,INTC,16.941686630249023
2013-08-05,INTC,INTC,16.886430740356445
2013-08-06,INTC,INTC,16.798023223876953
2013-08-07,INTC,INTC,16.724346160888672
2013-08-08,INTC,INTC,16.540149688720703
2013-08-09,INTC,INTC,16.58435821533203
2013-08-12,INTC,INTC,16.680137634277344
2013-08-13,INTC,INTC,16.59173583984375
2013-08-14,INTC,INTC,16.628562927246094
2013-08-15,INTC,INTC,16.230722427368164
2013-08-16,INTC,INTC,16.142309188842773
2013-08-19,INTC,INTC,16.41490364074707
2013-08-20,INTC,INTC,16.59173583984375
2013-08-21,INTC,INTC,16.333864212036133
2013-08-22,INTC,INTC,16.400175094604492
2013-08-23,INTC,INTC,16.532793045043945
2013-08-26,INTC,INTC,16.40753936767578
2013-08-27,INTC,INTC,16.34859848022461
2013-08-28,INTC,INTC,16.422279357910156
2013-08-29,INTC,INTC,16.252822875976562
2013-08-30,INTC,INTC,16.193883895874023
2013-09-03,INTC,INTC,16.260190963745117
2013-09-04,INTC,INTC,16.680137634277344
2013-09-05,INTC,INTC,16.650671005249023
2013-09-06,INTC,INTC,16.702245712280273
2013-09-09,INTC,INTC,16.879066467285156
2013-09-10,INTC,INTC,16.93063735961914
2013-09-11,INTC,INTC,16.805389404296875
2013-09-12,INTC,INTC,16.672779083251953
2013-09-13,INTC,INTC,17.26953887939453
2013-09-16,INTC,INTC,17.232702255249023
2013-09-17,INTC,INTC,17.490568161010742
2013-09-18,INTC,INTC,17.60845375061035
2013-09-19,INTC,INTC,17.61582374572754
2013-09-20,INTC,INTC,17.512678146362305
2013-09-23,INTC,INTC,17.402162551879883
2013-09-24,INTC,INTC,17.46110725402832
2013-09-25,INTC,INTC,17.46110725402832
2013-09-26,INTC,INTC,17.247438430786133
2013-09-27,INTC,INTC,16.93063735961914
2013-09-30,INTC,INTC,16.886430740356445
2013-10-01,INTC,INTC,16.82012176513672
2013-10-02,INTC,INTC,16.86432647705078
2013-10-03,INTC,INTC,16.650671005249023
2013-10-04,INTC,INTC,16.805389404296875
2013-10-07,INTC,INTC,16.82012176513672
2013-10-08,INTC,INTC,16.562255859375
2013-10-09,INTC,INTC,16.6433048248291
2013-10-10,INTC,INTC,17.019058227539062
2013-10-11,INTC,INTC,17.13692855834961
2013-10-14,INTC,INTC,17.276914596557617
2013-10-15,INTC,INTC,17.232702255249023
2013-10-16,INTC,INTC,17.46110725402832
2013-10-17,INTC,INTC,17.62318229675293
2013-10-18,INTC,INTC,17.593711853027344
2013-10-21,INTC,INTC,17.785274505615234
2013-10-22,INTC,INTC,17.733701705932617
2013-10-23,INTC,INTC,17.490568161010742
2013-10-24,INTC,INTC,17.52004051208496
2013-10-25,INTC,INTC,17.85895347595215
2013-10-28,INTC,INTC,17.94736099243164
2013-10-29,INTC,INTC,18.06524085998535
2013-10-30,INTC,INTC,18.050504684448242
2013-10-31,INTC,INTC,18.028404235839844
2013-11-01,INTC,INTC,17.925254821777344
2013-11-04,INTC,INTC,17.873685836791992
2013-11-05,INTC,INTC,17.86996841430664
2013-11-06,INTC,INTC,18.0335693359375
2013-11-07,INTC,INTC,17.892276763916016
2013-11-08,INTC,INTC,17.91459083557129
2013-11-11,INTC,INTC,17.974077224731445
2013-11-12,INTC,INTC,18.167430877685547
2013-11-13,INTC,INTC,18.293848037719727
2013-11-14,INTC,INTC,18.13767433166504
2013-11-15,INTC,INTC,18.234357833862305
2013-11-18,INTC,INTC,18.293848037719727
2013-11-19,INTC,INTC,18.368213653564453
2013-11-20,INTC,INTC,18.264101028442383
2013-11-21,INTC,INTC,18.762351989746094
2013-11-22,INTC,INTC,17.750986099243164
2013-11-25,INTC,INTC,17.661739349365234
2013-11-26,INTC,INTC,17.587377548217773
2013-11-27,INTC,INTC,17.773290634155273
2013-11-29,INTC,INTC,17.728673934936523
2013-12-02,INTC,INTC,17.624568939208984
2013-12-03,INTC,INTC,17.51301383972168
2013-12-04,INTC,INTC,17.654300689697266
2013-12-05,INTC,INTC,18.0410099029541
2013-12-06,INTC,INTC,18.45745277404785
2013-12-09,INTC,INTC,18.539257049560547
2013-12-10,INTC,INTC,18.45745277404785
2013-12-11,INTC,INTC,18.15998649597168
2013-12-12,INTC,INTC,18.197175979614258
2013-12-13,INTC,INTC,18.063310623168945
2013-12-16,INTC,INTC,18.182300567626953
2013-12-17,INTC,INTC,18.33846664428711
2013-12-18,INTC,INTC,18.702857971191406
2013-12-19,INTC,INTC,18.69542121887207
2013-12-20,INTC,INTC,18.63592529296875
2013-12-23,INTC,INTC,18.829280853271484
2013-12-24,INTC,INTC,18.911075592041016
2013-12-26,INTC,INTC,19.111865997314453
2013-12-27,INTC,INTC,19.03749656677246
2013-12-30,INTC,INTC,19.22340965270996
2013-12-31,INTC,INTC,19.305213928222656
2014-01-02,INTC,INTC,19.178794860839844
2014-01-03,INTC,INTC,19.171358108520508
2014-01-06,INTC,INTC,18.93338966369629
2014-01-07,INTC,INTC,19.03006362915039
2014-01-08,INTC,INTC,18.911075592041016
2014-01-09,INTC,INTC,18.821842193603516
2014-01-10,INTC,INTC,18.985445022583008
2014-01-13,INTC,INTC,18.9631290435791
2014-01-14,INTC,INTC,19.714221954345703
2014-01-15,INTC,INTC,19.833208084106445
2014-01-16,INTC,INTC,19.736536026000977
2014-01-17,INTC,INTC,19.22340965270996
2014-01-21,INTC,INTC,19.03006362915039
2014-01-22,INTC,INTC,18.821842193603516
2014-01-23,INTC,INTC,18.68798065185547
2014-01-24,INTC,INTC,18.45001220703125
2014-01-27,INTC,INTC,18.383085250854492
2014-01-28,INTC,INTC,18.516944885253906
2014-01-29,INTC,INTC,18.35334014892578
2014-01-30,INTC,INTC,18.3979549407959
2014-01-31,INTC,INTC,18.249229431152344
2014-02-03,INTC,INTC,17.810470581054688
2014-02-04,INTC,INTC,17.71379852294922
2014-02-05,INTC,INTC,17.65749168395996
2014-02-06,INTC,INTC,18.010337829589844
2014-02-07,INTC,INTC,18.175500869750977
2014-02-10,INTC,INTC,18.235557556152344
2014-02-11,INTC,INTC,18.37070083618164
2014-02-12,INTC,INTC,18.43075942993164
2014-02-13,INTC,INTC,18.54337501525879
2014-02-14,INTC,INTC,18.588417053222656
2014-02-18,INTC,INTC,18.588417053222656
2014-02-19,INTC,INTC,18.39322280883789
2014-02-20,INTC,INTC,18.573394775390625
2014-02-21,INTC,INTC,18.333158493041992
2014-02-24,INTC,INTC,18.490814208984375
2014-02-25,INTC,INTC,18.48331069946289
2014-02-26,INTC,INTC,18.61844253540039
2014-02-27,INTC,INTC,18.588417053222656
2014-02-28,INTC,INTC,18.588417053222656
2014-03-03,INTC,INTC,18.39322280883789
2014-03-04,INTC,INTC,18.475799560546875
2014-03-05,INTC,INTC,18.39322280883789
2014-03-06,INTC,INTC,18.490814208984375
2014-03-07,INTC,INTC,18.498327255249023
2014-03-10,INTC,INTC,18.648473739624023
2014-03-11,INTC,INTC,18.565895080566406
2014-03-12,INTC,INTC,18.588417053222656
2014-03-13,INTC,INTC,18.445770263671875
2014-03-14,INTC,INTC,18.39322280883789
2014-03-17,INTC,INTC,18.54337501525879
2014-03-18,INTC,INTC,18.63345718383789
2014-03-19,INTC,INTC,18.783611297607422
2014-03-20,INTC,INTC,19.091413497924805
2014-03-21,INTC,INTC,18.896223068237305
2014-03-24,INTC,INTC,18.85867691040039
2014-03-25,INTC,INTC,19.11393165588379
2014-03-26,INTC,INTC,19.053874969482422
2014-03-27,INTC,INTC,19.001327514648438
2014-03-28,INTC,INTC,19.234054565429688
2014-03-31,INTC,INTC,19.376699447631836
2014-04-01,INTC,INTC,19.51182746887207
2014-04-02,INTC,INTC,19.436758041381836
2014-04-03,INTC,INTC,19.827144622802734
2014-04-04,INTC,INTC,19.639455795288086
2014-04-07,INTC,INTC,19.8872013092041
2014-04-08,INTC,INTC,20.202516555786133
2014-04-09,INTC,INTC,20.25506591796875
2014-04-10,INTC,INTC,19.842161178588867
2014-04-11,INTC,INTC,19.65446662902832
2014-04-14,INTC,INTC,19.93975257873535
2014-04-15,INTC,INTC,20.097415924072266
2014-04-16,INTC,INTC,20.217531204223633
2014-04-17,INTC,INTC,20.30010986328125
2014-04-21,INTC,INTC,20.232540130615234
2014-04-22,INTC,INTC,20.149967193603516
2014-04-23,INTC,INTC,20.0823917388916
2014-04-24,INTC,INTC,20.0823917388916
2014-04-25,INTC,INTC,19.714529037475586
2014-04-28,INTC,INTC,19.76708221435547
2014-04-29,INTC,INTC,19.87969207763672
2014-04-30,INTC,INTC,20.0373477935791
2014-05-01,INTC,INTC,19.85717010498047
2014-05-02,INTC,INTC,19.827144622802734
2014-05-05,INTC,INTC,19.815784454345703
2014-05-06,INTC,INTC,19.838502883911133
2014-05-07,INTC,INTC,19.967227935791016
2014-05-08,INTC,INTC,19.944509506225586
2014-05-09,INTC,INTC,19.91422462463379
2014-05-12,INTC,INTC,19.967227935791016
2014-05-13,INTC,INTC,20.027795791625977
2014-05-14,INTC,INTC,19.936933517456055
2014-05-15,INTC,INTC,19.69463348388672
2014-05-16,INTC,INTC,19.550765991210938
2014-05-19,INTC,INTC,19.71735191345215
2014-05-20,INTC,INTC,19.71735191345215
2014-05-21,INTC,INTC,19.838502883911133
2014-05-22,INTC,INTC,19.800640106201172
2014-05-23,INTC,INTC,19.906652450561523
2014-05-27,INTC,INTC,20.224666595458984
2014-05-28,INTC,INTC,20.3533992767334
2014-05-29,INTC,INTC,20.413969039916992
2014-05-30,INTC,INTC,20.68655776977539
2014-06-02,INTC,INTC,20.641124725341797
2014-06-03,INTC,INTC,20.944002151489258
2014-06-04,INTC,INTC,20.898576736450195
2014-06-05,INTC,INTC,20.944002151489258
2014-06-06,INTC,INTC,21.33017349243164
2014-06-09,INTC,INTC,21.1333065032959
2014-06-10,INTC,INTC,21.3831729888916
2014-06-11,INTC,INTC,21.148448944091797
2014-06-12,INTC,INTC,21.171165466308594
2014-06-13,INTC,INTC,22.617403030395508
2014-06-16,INTC,INTC,22.72340965270996
2014-06-17,INTC,INTC,22.677982330322266
2014-06-18,INTC,INTC,22.662839889526367
2014-06-19,INTC,INTC,22.78399085998535
2014-06-20,INTC,INTC,22.867277145385742
2014-06-23,INTC,INTC,22.889995574951172
2014-06-24,INTC,INTC,23.09443473815918
2014-06-25,INTC,INTC,23.38216781616211
2014-06-26,INTC,INTC,23.306446075439453
2014-06-27,INTC,INTC,23.420032501220703
2014-06-30,INTC,INTC,23.397314071655273
2014-07-01,INTC,INTC,23.457889556884766
2014-07-02,INTC,INTC,23.457889556884766
2014-07-03,INTC,INTC,23.579038619995117
2014-07-07,INTC,INTC,23.49574851989746
2014-07-08,INTC,INTC,23.314027786254883
2014-07-09,INTC,INTC,23.38974380493164
2014-07-10,INTC,INTC,23.669897079467773
2014-07-11,INTC,INTC,23.66233253479004
2014-07-14,INTC,INTC,23.844057083129883
2014-07-15,INTC,INTC,24.01064109802246
2014-07-16,INTC,INTC,26.236793518066406
2014-07-17,INTC,INTC,25.517467498779297
2014-07-18,INTC,INTC,25.517467498779297
2014-07-21,INTC,INTC,25.7900447845459
2014-07-22,INTC,INTC,26.342803955078125
2014-07-23,INTC,INTC,26.123212814331055
2014-07-24,INTC,INTC,25.93391227722168
2014-07-25,INTC,INTC,25.93391227722168
2014-07-28,INTC,INTC,25.918773651123047
2014-07-29,INTC,INTC,25.88848304748535
2014-07-30,INTC,INTC,26.009639739990234
2014-07-31,INTC,INTC,25.66132354736328
2014-08-01,INTC,INTC,25.547739028930664
2014-08-04,INTC,INTC,25.78247833251953
2014-08-05,INTC,INTC,25.016437530517578
2014-08-06,INTC,INTC,25.039302825927734
2014-08-07,INTC,INTC,24.909725189208984
2014-08-08,INTC,INTC,24.848745346069336
2014-08-11,INTC,INTC,25.16888427734375
2014-08-12,INTC,INTC,25.252727508544922
2014-08-13,INTC,INTC,25.992080688476562
2014-08-14,INTC,INTC,25.8701229095459
2014-08-15,INTC,INTC,26.045442581176758
2014-08-18,INTC,INTC,26.22838020324707
2014-08-19,INTC,INTC,26.175024032592773
2014-08-20,INTC,INTC,26.296979904174805
2014-08-21,INTC,INTC,26.792438507080078
2014-08-22,INTC,INTC,26.632366180419922
2014-08-25,INTC,INTC,26.533279418945312
2014-08-26,INTC,INTC,26.525651931762695
2014-08-27,INTC,INTC,26.518035888671875
2014-08-28,INTC,INTC,26.411319732666016
2014-08-29,INTC,INTC,26.617122650146484
2014-09-02,INTC,INTC,26.350339889526367
2014-09-03,INTC,INTC,26.350339889526367
2014-09-04,INTC,INTC,26.6095027923584
2014-09-05,INTC,INTC,26.678102493286133
2014-09-08,INTC,INTC,26.929637908935547
2014-09-09,INTC,INTC,26.6095027923584
2014-09-10,INTC,INTC,26.693340301513672
2014-09-11,INTC,INTC,26.693340301513672
2014-09-12,INTC,INTC,26.38845443725586
2014-09-15,INTC,INTC,26.327476501464844
2014-09-16,INTC,INTC,26.624738693237305
2014-09-17,INTC,INTC,26.662857055664062
2014-09-18,INTC,INTC,26.807674407958984
2014-09-19,INTC,INTC,26.5408992767334
2014-09-22,INTC,INTC,26.457050323486328
2014-09-23,INTC,INTC,26.236000061035156
2014-09-24,INTC,INTC,26.48753547668457
2014-09-25,INTC,INTC,26.0225772857666
2014-09-26,INTC,INTC,26.11404800415039
2014-09-29,INTC,INTC,26.601877212524414
2014-09-30,INTC,INTC,26.5408992767334
2014-10-01,INTC,INTC,25.90825080871582
2014-10-02,INTC,INTC,25.550004959106445
2014-10-03,INTC,INTC,25.938737869262695
2014-10-06,INTC,INTC,25.999719619750977
2014-10-07,INTC,INTC,25.511882781982422
2014-10-08,INTC,INTC,26.121673583984375
2014-10-09,INTC,INTC,25.626218795776367
2014-10-10,INTC,INTC,24.322805404663086
2014-10-13,INTC,INTC,23.9874210357666
2014-10-14,INTC,INTC,24.498123168945312
2014-10-15,INTC,INTC,23.842601776123047
2014-10-16,INTC,INTC,23.514842987060547
2014-10-17,INTC,INTC,23.918827056884766
2014-10-20,INTC,INTC,24.07126808166504
2014-10-21,INTC,INTC,24.85636329650879
2014-10-22,INTC,INTC,24.597206115722656
2014-10-23,INTC,INTC,24.917346954345703
2014-10-24,INTC,INTC,25.29084014892578
2014-10-27,INTC,INTC,25.306081771850586
2014-10-28,INTC,INTC,25.717683792114258
2014-10-29,INTC,INTC,25.854887008666992
2014-10-30,INTC,INTC,24.83350372314453
2014-10-31,INTC,INTC,25.92349624633789
2014-11-03,INTC,INTC,26.15216827392578
2014-11-04,INTC,INTC,26.327476501464844
2014-11-05,INTC,INTC,25.90165901184082
2014-11-06,INTC,INTC,25.947694778442383
2014-11-07,INTC,INTC,25.76356315612793
2014-11-10,INTC,INTC,25.518056869506836
2014-11-11,INTC,INTC,25.556406021118164
2014-11-12,INTC,INTC,25.61012077331543
2014-11-13,INTC,INTC,25.840286254882812
2014-11-14,INTC,INTC,26.04744529724121
2014-11-17,INTC,INTC,26.26993179321289
2014-11-18,INTC,INTC,26.63052749633789
2014-11-19,INTC,INTC,26.35433006286621
2014-11-20,INTC,INTC,27.581897735595703
2014-11-21,INTC,INTC,27.30569076538086
2014-11-24,INTC,INTC,27.81205177307129
2014-11-25,INTC,INTC,27.86576271057129
2014-11-26,INTC,INTC,28.31076431274414
2014-11-28,INTC,INTC,28.57929229736328
2014-12-01,INTC,INTC,28.517915725708008
2014-12-02,INTC,INTC,28.847814559936523
2014-12-03,INTC,INTC,28.71739387512207
2014-12-04,INTC,INTC,28.74040985107422
2014-12-05,INTC,INTC,28.901538848876953
2014-12-08,INTC,INTC,28.540931701660156
2014-12-09,INTC,INTC,28.30309295654297
2014-12-10,INTC,INTC,27.942485809326172
2014-12-11,INTC,INTC,28.157316207885742
2014-12-12,INTC,INTC,27.796714782714844
2014-12-15,INTC,INTC,27.558876037597656
2014-12-16,INTC,INTC,27.282669067382812
2014-12-17,INTC,INTC,27.80439567565918
2014-12-18,INTC,INTC,28.4028263092041
2014-12-19,INTC,INTC,27.90413475036621
2014-12-22,INTC,INTC,28.548599243164062
2014-12-23,INTC,INTC,28.71739387512207
2014-12-24,INTC,INTC,28.725072860717773
2014-12-26,INTC,INTC,28.809459686279297
2014-12-29,INTC,INTC,28.525585174560547
2014-12-30,INTC,INTC,28.203340530395508
2014-12-31,INTC,INTC,27.842750549316406
2015-01-02,INTC,INTC,27.896453857421875
2015-01-05,INTC,INTC,27.581897735595703
2015-01-06,INTC,INTC,27.06785011291504
2015-01-07,INTC,INTC,27.635602951049805
2015-01-08,INTC,INTC,28.14963722229004
2015-01-09,INTC,INTC,28.203340530395508
2015-01-12,INTC,INTC,28.080595016479492
2015-01-13,INTC,INTC,28.003873825073242
2015-01-14,INTC,INTC,27.888790130615234
2015-01-15,INTC,INTC,27.766027450561523
2015-01-16,INTC,INTC,27.965513229370117
2015-01-20,INTC,INTC,27.68931007385254
2015-01-21,INTC,INTC,27.988525390625
2015-01-22,INTC,INTC,28.318431854248047
2015-01-23,INTC,INTC,27.965513229370117
2015-01-26,INTC,INTC,27.474483489990234
2015-01-27,INTC,INTC,26.2315673828125
2015-01-28,INTC,INTC,25.917001724243164
2015-01-29,INTC,INTC,26.246912002563477
2015-01-30,INTC,INTC,25.3492488861084
2015-02-02,INTC,INTC,25.817264556884766
2015-02-03,INTC,INTC,25.85562515258789
2015-02-04,INTC,INTC,25.963815689086914
2015-02-05,INTC,INTC,26.226530075073242
2015-02-06,INTC,INTC,25.73198890686035
2015-02-09,INTC,INTC,25.446083068847656
2015-02-10,INTC,INTC,26.041086196899414
2015-02-11,INTC,INTC,25.925172805786133
2015-02-12,INTC,INTC,26.373363494873047
2015-02-13,INTC,INTC,26.551088333129883
2015-02-17,INTC,INTC,26.844724655151367
2015-02-18,INTC,INTC,26.48154067993164
2015-02-19,INTC,INTC,26.435176849365234
2015-02-20,INTC,INTC,26.589719772338867
2015-02-23,INTC,INTC,26.087446212768555
2015-02-24,INTC,INTC,26.589719772338867
2015-02-25,INTC,INTC,26.234268188476562
2015-02-26,INTC,INTC,26.002450942993164
2015-02-27,INTC,INTC,25.693355560302734
2015-03-02,INTC,INTC,26.319265365600586
2015-03-03,INTC,INTC,26.35017204284668
2015-03-04,INTC,INTC,26.365631103515625
2015-03-05,INTC,INTC,26.064266204833984
2015-03-06,INTC,INTC,25.646989822387695
2015-03-09,INTC,INTC,25.283809661865234
2015-03-10,INTC,INTC,24.495616912841797
2015-03-11,INTC,INTC,24.982439041137695
2015-03-12,INTC,INTC,23.80015754699707
2015-03-13,INTC,INTC,23.900615692138672
2015-03-16,INTC,INTC,23.82334327697754
2015-03-17,INTC,INTC,23.637887954711914
2015-03-18,INTC,INTC,23.869707107543945
2015-03-19,INTC,INTC,23.753793716430664
2015-03-20,INTC,INTC,24.19425392150879
2015-03-23,INTC,INTC,24.1092529296875
2015-03-24,INTC,INTC,23.792436599731445
2015-03-25,INTC,INTC,23.096973419189453
2015-03-26,INTC,INTC,23.24378776550293
2015-03-27,INTC,INTC,24.727439880371094
2015-03-30,INTC,INTC,24.310161590576172
2015-03-31,INTC,INTC,24.16334342956543
2015-04-01,INTC,INTC,23.807886123657227
2015-04-02,INTC,INTC,23.807886123657227
2015-04-06,INTC,INTC,23.985614776611328
2015-04-07,INTC,INTC,24.15561294555664
2015-04-08,INTC,INTC,24.19425392150879
2015-04-09,INTC,INTC,24.140161514282227
2015-04-10,INTC,INTC,24.67334747314453
2015-04-13,INTC,INTC,24.518800735473633
2015-04-14,INTC,INTC,24.33334732055664
2015-04-15,INTC,INTC,25.368810653686523
2015-04-16,INTC,INTC,25.39971351623535
2015-04-17,INTC,INTC,25.090627670288086
2015-04-20,INTC,INTC,25.291534423828125
2015-04-21,INTC,INTC,25.059711456298828
2015-04-22,INTC,INTC,25.268354415893555
2015-04-23,INTC,INTC,24.997900009155273
2015-04-24,INTC,INTC,24.789260864257812
2015-04-27,INTC,INTC,25.113807678222656
2015-04-28,INTC,INTC,25.5156307220459
2015-04-29,INTC,INTC,25.415172576904297
2015-04-30,INTC,INTC,25.152442932128906
2015-05-01,INTC,INTC,25.82471466064453
2015-05-04,INTC,INTC,25.83244514465332
2015-05-05,INTC,INTC,25.40437126159668
2015-05-06,INTC,INTC,25.07747459411621
2015-05-07,INTC,INTC,25.093046188354492
2015-05-08,INTC,INTC,25.52889633178711
2015-05-11,INTC,INTC,25.443288803100586
2015-05-12,INTC,INTC,25.100828170776367
2015-05-13,INTC,INTC,25.40437126159668
2015-05-14,INTC,INTC,25.661212921142578
2015-05-15,INTC,INTC,25.67678451538086
2015-05-18,INTC,INTC,26.003681182861328
2015-05-19,INTC,INTC,25.801311492919922
2015-05-20,INTC,INTC,25.97254180908203
2015-05-21,INTC,INTC,26.112642288208008
2015-05-22,INTC,INTC,26.034814834594727
2015-05-26,INTC,INTC,25.762399673461914
2015-05-27,INTC,INTC,26.237171173095703
2015-05-28,INTC,INTC,26.470670700073242
2015-05-29,INTC,INTC,26.820905685424805
2015-06-01,INTC,INTC,26.392841339111328
2015-06-02,INTC,INTC,25.89471435546875
2015-06-03,INTC,INTC,25.47441864013672
2015-06-04,INTC,INTC,25.147523880004883
2015-06-05,INTC,INTC,24.781719207763672
2015-06-08,INTC,INTC,24.36142349243164
2015-06-09,INTC,INTC,24.3225040435791
2015-06-10,INTC,INTC,24.766145706176758
2015-06-11,INTC,INTC,24.789499282836914
2015-06-12,INTC,INTC,24.37698745727539
2015-06-15,INTC,INTC,24.431467056274414
2015-06-16,INTC,INTC,24.626039505004883
2015-06-17,INTC,INTC,24.867332458496094
2015-06-18,INTC,INTC,25.202003479003906
2015-06-19,INTC,INTC,24.960729598999023
2015-06-22,INTC,INTC,25.10860824584961
2015-06-23,INTC,INTC,24.976295471191406
2015-06-24,INTC,INTC,24.83620262145996
2015-06-25,INTC,INTC,24.898462295532227
2015-06-26,INTC,INTC,24.14349365234375
2015-06-29,INTC,INTC,23.653148651123047
2015-06-30,INTC,INTC,23.676498413085938
2015-07-01,INTC,INTC,23.489707946777344
2015-07-02,INTC,INTC,23.78546142578125
2015-07-06,INTC,INTC,23.380735397338867
2015-07-07,INTC,INTC,23.271770477294922
2015-07-08,INTC,INTC,22.960447311401367
2015-07-09,INTC,INTC,22.516803741455078
2015-07-10,INTC,INTC,22.70359230041504
2015-07-13,INTC,INTC,23.139455795288086
2015-07-14,INTC,INTC,23.077190399169922
2015-07-15,INTC,INTC,23.10832977294922
2015-07-16,INTC,INTC,23.271770477294922
2015-07-17,INTC,INTC,22.937095642089844
2015-07-20,INTC,INTC,22.649118423461914
2015-07-21,INTC,INTC,22.353357315063477
2015-07-22,INTC,INTC,22.267744064331055
2015-07-23,INTC,INTC,22.259958267211914
2015-07-24,INTC,INTC,21.83966636657715
2015-07-27,INTC,INTC,22.06537628173828
2015-07-28,INTC,INTC,22.540149688720703
2015-07-29,INTC,INTC,22.579071044921875
2015-07-30,INTC,INTC,22.50123405456543
2015-07-31,INTC,INTC,22.532367706298828
2015-08-03,INTC,INTC,22.610200881958008
2015-08-04,INTC,INTC,22.67246437072754
2015-08-05,INTC,INTC,22.852968215942383
2015-08-06,INTC,INTC,22.766643524169922
2015-08-07,INTC,INTC,22.664615631103516
2015-08-10,INTC,INTC,23.26105499267578
2015-08-11,INTC,INTC,22.735248565673828
2015-08-12,INTC,INTC,23.11979103088379
2015-08-13,INTC,INTC,22.656768798828125
2015-08-14,INTC,INTC,22.77448844909668
2015-08-17,INTC,INTC,22.821575164794922
2015-08-18,INTC,INTC,22.68816375732422
2015-08-19,INTC,INTC,22.25652503967285
2015-08-20,INTC,INTC,21.60515594482422
2015-08-21,INTC,INTC,20.843915939331055
2015-08-24,INTC,INTC,20.600629806518555
2015-08-25,INTC,INTC,20.302413940429688
2015-08-26,INTC,INTC,21.424659729003906
2015-08-27,INTC,INTC,21.7542667388916
2015-08-28,INTC,INTC,22.303621292114258
2015-08-31,INTC,INTC,22.397790908813477
2015-09-01,INTC,INTC,21.832746505737305
2015-09-02,INTC,INTC,22.44487762451172
2015-09-03,INTC,INTC,22.821575164794922
2015-09-04,INTC,INTC,22.382099151611328
2015-09-08,INTC,INTC,23.151185989379883
2015-09-09,INTC,INTC,22.947139739990234
2015-09-10,INTC,INTC,22.970687866210938
2015-09-11,INTC,INTC,23.12764549255371
2015-09-14,INTC,INTC,23.064857482910156
2015-09-15,INTC,INTC,23.331682205200195
2015-09-16,INTC,INTC,23.363080978393555
2015-09-17,INTC,INTC,23.315990447998047
2015-09-18,INTC,INTC,22.77448844909668
2015-09-21,INTC,INTC,22.884357452392578
2015-09-22,INTC,INTC,22.49981117248535
2015-09-23,INTC,INTC,22.554750442504883
2015-09-24,INTC,INTC,22.350706100463867
2015-09-25,INTC,INTC,22.609683990478516
2015-09-28,INTC,INTC,22.570444107055664
2015-09-29,INTC,INTC,22.947139739990234
2015-09-30,INTC,INTC,23.65345001220703
2015-10-01,INTC,INTC,23.543575286865234
2015-10-02,INTC,INTC,23.943817138671875
2015-10-05,INTC,INTC,24.493167877197266
2015-10-06,INTC,INTC,24.909109115600586
2015-10-07,INTC,INTC,25.364288330078125
2015-10-08,INTC,INTC,25.5212459564209
2015-10-09,INTC,INTC,25.22303009033203
2015-10-12,INTC,INTC,25.277957916259766
2015-10-13,INTC,INTC,25.14453887939453
2015-10-14,INTC,INTC,25.740976333618164
2015-10-15,INTC,INTC,25.701740264892578
2015-10-16,INTC,INTC,25.929325103759766
2015-10-19,INTC,INTC,26.3609619140625
2015-10-20,INTC,INTC,26.243240356445312
2015-10-21,INTC,INTC,26.18830680847168
2015-10-22,INTC,INTC,26.996631622314453
2015-10-23,INTC,INTC,27.38903045654297
2015-10-26,INTC,INTC,27.145750045776367
2015-10-27,INTC,INTC,27.05156898498535
2015-10-28,INTC,INTC,27.23992156982422
2015-10-29,INTC,INTC,26.706270217895508
2015-10-30,INTC,INTC,26.572858810424805
2015-11-02,INTC,INTC,26.769054412841797
2015-11-03,INTC,INTC,26.926008224487305
2015-11-04,INTC,INTC,26.989233016967773
2015-11-05,INTC,INTC,26.87067985534668
2015-11-06,INTC,INTC,26.744234085083008
2015-11-09,INTC,INTC,26.356979370117188
2015-11-10,INTC,INTC,26.2463321685791
2015-11-11,INTC,INTC,25.969724655151367
2015-11-12,INTC,INTC,25.606178283691406
2015-11-13,INTC,INTC,25.37699317932129
2015-11-16,INTC,INTC,25.369091033935547
2015-11-17,INTC,INTC,25.79585838317871
2015-11-18,INTC,INTC,26.206817626953125
2015-11-19,INTC,INTC,27.10778045654297
2015-11-20,INTC,INTC,27.392288208007812
2015-11-23,INTC,INTC,27.25004005432129
2015-11-24,INTC,INTC,27.155197143554688
2015-11-25,INTC,INTC,27.226333618164062
2015-11-27,INTC,INTC,27.23421859741211
2015-11-30,INTC,INTC,27.479225158691406
2015-12-01,INTC,INTC,27.732128143310547
2015-12-02,INTC,INTC,27.526647567749023
2015-12-03,INTC,INTC,26.90229606628418
2015-12-04,INTC,INTC,27.613582611083984
2015-12-07,INTC,INTC,27.65309715270996
2015-12-08,INTC,INTC,27.46341896057129
2015-12-09,INTC,INTC,27.510839462280273
2015-12-10,INTC,INTC,27.479225158691406
2015-12-11,INTC,INTC,27.084068298339844
2015-12-14,INTC,INTC,27.242128372192383
2015-12-15,INTC,INTC,27.803260803222656
2015-12-16,INTC,INTC,27.898099899291992
2015-12-17,INTC,INTC,27.589872360229492
2015-12-18,INTC,INTC,26.7679443359375
2015-12-21,INTC,INTC,27.06035804748535
2015-12-22,INTC,INTC,27.447616577148438
2015-12-23,INTC,INTC,27.6610050201416
2015-12-24,INTC,INTC,27.64519500732422
2015-12-28,INTC,INTC,27.605670928955078
2015-12-29,INTC,INTC,28.00874137878418
2015-12-30,INTC,INTC,27.65309715270996
2015-12-31,INTC,INTC,27.226333618164062
2016-01-04,INTC,INTC,26.86277961730957
2016-01-05,INTC,INTC,26.7363338470459
2016-01-06,INTC,INTC,26.14360237121582
2016-01-07,INTC,INTC,25.16360855102539
2016-01-08,INTC,INTC,24.90279769897461
2016-01-11,INTC,INTC,25.337474822998047
2016-01-12,INTC,INTC,25.827470779418945
2016-01-13,INTC,INTC,25.218931198120117
2016-01-14,INTC,INTC,25.874887466430664
2016-01-15,INTC,INTC,23.519750595092773
2016-01-19,INTC,INTC,23.55135726928711
2016-01-20,INTC,INTC,23.385393142700195
2016-01-21,INTC,INTC,23.440715789794922
2016-01-22,INTC,INTC,23.654102325439453
2016-01-25,INTC,INTC,23.39329719543457
2016-01-26,INTC,INTC,23.66200828552246
2016-01-27,INTC,INTC,23.559263229370117
2016-01-28,INTC,INTC,23.685720443725586
2016-01-29,INTC,INTC,24.51555061340332
2016-02-01,INTC,INTC,24.35748291015625
2016-02-02,INTC,INTC,23.55135726928711
2016-02-03,INTC,INTC,23.391908645629883
2016-02-04,INTC,INTC,23.7347412109375
2016-02-05,INTC,INTC,23.15272331237793
2016-02-08,INTC,INTC,22.977323532104492
2016-02-09,INTC,INTC,22.9693603515625
2016-02-10,INTC,INTC,22.506938934326172
2016-02-11,INTC,INTC,22.498964309692383
2016-02-12,INTC,INTC,22.833818435668945
2016-02-16,INTC,INTC,22.945436477661133
2016-02-17,INTC,INTC,23.495555877685547
2016-02-18,INTC,INTC,23.455690383911133
2016-02-19,INTC,INTC,22.88962745666504
2016-02-22,INTC,INTC,23.399883270263672
2016-02-23,INTC,INTC,22.96138572692871
2016-02-24,INTC,INTC,23.272315979003906
2016-02-25,INTC,INTC,23.615142822265625
2016-02-26,INTC,INTC,23.758647918701172
2016-02-29,INTC,INTC,23.59122657775879
2016-03-01,INTC,INTC,24.213104248046875
2016-03-02,INTC,INTC,24.348634719848633
2016-03-03,INTC,INTC,24.380521774291992
2016-03-04,INTC,INTC,24.42038917541504
2016-03-07,INTC,INTC,24.667539596557617
2016-03-08,INTC,INTC,24.36457633972168
2016-03-09,INTC,INTC,24.611732482910156
2016-03-10,INTC,INTC,24.914697647094727
2016-03-11,INTC,INTC,25.321304321289062
2016-03-14,INTC,INTC,25.058204650878906
2016-03-15,INTC,INTC,25.23360252380371
2016-03-16,INTC,INTC,25.2654972076416
2016-03-17,INTC,INTC,25.496702194213867
2016-03-18,INTC,INTC,26.05479621887207
2016-03-21,INTC,INTC,25.78371810913086
2016-03-22,INTC,INTC,25.76778221130371
2016-03-23,INTC,INTC,25.512643814086914
2016-03-24,INTC,INTC,25.41697883605957
2016-03-28,INTC,INTC,25.432918548583984
2016-03-29,INTC,INTC,25.81560707092285
2016-03-30,INTC,INTC,26.07870864868164
2016-03-31,INTC,INTC,25.79169464111328
2016-04-01,INTC,INTC,25.871421813964844
2016-04-04,INTC,INTC,25.512643814086914
2016-04-05,INTC,INTC,25.432918548583984
2016-04-06,INTC,INTC,25.57642936706543
2016-04-07,INTC,INTC,25.15387725830078
2016-04-08,INTC,INTC,25.2176570892334
2016-04-11,INTC,INTC,25.249547958374023
2016-04-12,INTC,INTC,25.401031494140625
2016-04-13,INTC,INTC,25.616296768188477
2016-04-14,INTC,INTC,25.353191375732422
2016-04-15,INTC,INTC,25.082124710083008
2016-04-18,INTC,INTC,25.23360252380371
2016-04-19,INTC,INTC,25.193737030029297
2016-04-20,INTC,INTC,25.512643814086914
2016-04-21,INTC,INTC,25.488731384277344
2016-04-22,INTC,INTC,25.225627899169922
2016-04-25,INTC,INTC,25.026309967041016
2016-04-26,INTC,INTC,25.03428840637207
2016-04-27,INTC,INTC,25.313331604003906
2016-04-28,INTC,INTC,24.80307960510254
2016-04-29,INTC,INTC,24.141345977783203
2016-05-02,INTC,INTC,24.40443992614746
2016-05-03,INTC,INTC,24.205120086669922
2016-05-04,INTC,INTC,24.004087448120117
2016-05-05,INTC,INTC,24.04429054260254
2016-05-06,INTC,INTC,24.156875610351562
2016-05-09,INTC,INTC,23.96388053894043
2016-05-10,INTC,INTC,24.237295150756836
2016-05-11,INTC,INTC,24.17295265197754
2016-05-12,INTC,INTC,23.931713104248047
2016-05-13,INTC,INTC,24.05233383178711
2016-05-16,INTC,INTC,24.438329696655273
2016-05-17,INTC,INTC,24.108625411987305
2016-05-18,INTC,INTC,24.116662979125977
2016-05-19,INTC,INTC,23.827173233032227
2016-05-20,INTC,INTC,24.24533462524414
2016-05-23,INTC,INTC,24.309663772583008
2016-05-24,INTC,INTC,24.977113723754883
2016-05-25,INTC,INTC,25.24248695373535
2016-05-26,INTC,INTC,25.322906494140625
2016-05-27,INTC,INTC,25.387235641479492
2016-05-31,INTC,INTC,25.403316497802734
2016-06-01,INTC,INTC,25.45961570739746
2016-06-02,INTC,INTC,25.540023803710938
2016-06-03,INTC,INTC,25.427440643310547
2016-06-06,INTC,INTC,25.475690841674805
2016-06-07,INTC,INTC,25.63652801513672
2016-06-08,INTC,INTC,25.644561767578125
2016-06-09,INTC,INTC,25.684770584106445
2016-06-10,INTC,INTC,25.765188217163086
2016-06-13,INTC,INTC,25.869726181030273
2016-06-14,INTC,INTC,25.845605850219727
2016-06-15,INTC,INTC,25.419401168823242
2016-06-16,INTC,INTC,25.483736038208008
2016-06-17,INTC,INTC,25.540023803710938
2016-06-20,INTC,INTC,25.869726181030273
2016-06-21,INTC,INTC,25.990358352661133
2016-06-22,INTC,INTC,25.966228485107422
2016-06-23,INTC,INTC,26.529138565063477
2016-06-24,INTC,INTC,25.37114906311035
2016-06-27,INTC,INTC,24.703699111938477
2016-06-28,INTC,INTC,25.081653594970703
2016-06-29,INTC,INTC,25.676734924316406
2016-06-30,INTC,INTC,26.37635040283203
2016-07-01,INTC,INTC,26.336137771606445
2016-07-05,INTC,INTC,26.27985382080078
2016-07-06,INTC,INTC,26.51305389404297
2016-07-07,INTC,INTC,26.69801139831543
2016-07-08,INTC,INTC,27.341339111328125
2016-07-11,INTC,INTC,27.646907806396484
2016-07-12,INTC,INTC,28.09724998474121
2016-07-13,INTC,INTC,28.153541564941406
2016-07-14,INTC,INTC,28.306324005126953
2016-07-15,INTC,INTC,28.2017879486084
2016-07-18,INTC,INTC,28.185699462890625
2016-07-19,INTC,INTC,28.26612091064453
2016-07-20,INTC,INTC,28.70036506652832
2016-07-21,INTC,INTC,27.558454513549805
2016-07-22,INTC,INTC,27.87207794189453
2016-07-25,INTC,INTC,27.896198272705078
2016-07-26,INTC,INTC,28.217866897583008
2016-07-27,INTC,INTC,28.0087890625
2016-07-28,INTC,INTC,27.960538864135742
2016-07-29,INTC,INTC,28.03290557861328
2016-08-01,INTC,INTC,28.024866104125977
2016-08-02,INTC,INTC,27.79166603088379
2016-08-03,INTC,INTC,27.751150131225586
2016-08-04,INTC,INTC,28.018539428710938
2016-08-05,INTC,INTC,28.342639923095703
2016-08-08,INTC,INTC,28.391258239746094
2016-08-09,INTC,INTC,28.29401397705078
2016-08-10,INTC,INTC,27.978017807006836
2016-08-11,INTC,INTC,28.09956932067871
2016-08-12,INTC,INTC,28.010425567626953
2016-08-15,INTC,INTC,28.285919189453125
2016-08-16,INTC,INTC,28.528995513916016
2016-08-17,INTC,INTC,28.37504005432129
2016-08-18,INTC,INTC,28.33453369140625
2016-08-19,INTC,INTC,28.553306579589844
2016-08-22,INTC,INTC,28.650529861450195
2016-08-23,INTC,INTC,28.68294906616211
2016-08-24,INTC,INTC,28.480375289916992
2016-08-25,INTC,INTC,28.431758880615234
2016-08-26,INTC,INTC,28.569507598876953
2016-08-29,INTC,INTC,28.80447769165039
2016-08-30,INTC,INTC,28.9260196685791
2016-08-31,INTC,INTC,29.07996368408203
2016-09-01,INTC,INTC,29.18529510498047
2016-09-02,INTC,INTC,29.233917236328125
2016-09-06,INTC,INTC,29.630931854248047
2016-09-07,INTC,INTC,29.541807174682617
2016-09-08,INTC,INTC,29.525606155395508
2016-09-09,INTC,INTC,28.715356826782227
2016-09-12,INTC,INTC,29.233917236328125
2016-09-13,INTC,INTC,28.853097915649414
2016-09-14,INTC,INTC,28.861194610595703
2016-09-15,INTC,INTC,29.62283706665039
2016-09-16,INTC,INTC,30.52222442626953
2016-09-19,INTC,INTC,30.108985900878906
2016-09-20,INTC,INTC,30.0927791595459
2016-09-21,INTC,INTC,30.34394645690918
2016-09-22,INTC,INTC,30.424983978271484
2016-09-23,INTC,INTC,30.13329315185547
2016-09-26,INTC,INTC,29.695758819580078
2016-09-27,INTC,INTC,30.12519645690918
2016-09-28,INTC,INTC,30.335859298706055
2016-09-29,INTC,INTC,30.238624572753906
2016-09-30,INTC,INTC,30.587026596069336
2016-10-03,INTC,INTC,30.514114379882812
2016-10-04,INTC,INTC,30.416893005371094
2016-10-05,INTC,INTC,30.781496047973633
2016-10-06,INTC,INTC,30.846323013305664
2016-10-07,INTC,INTC,30.87062644958496
2016-10-10,INTC,INTC,30.805797576904297
2016-10-11,INTC,INTC,30.198123931884766
2016-10-12,INTC,INTC,30.08467674255371
2016-10-13,INTC,INTC,29.955041885375977
2016-10-14,INTC,INTC,30.34394645690918
2016-10-17,INTC,INTC,30.21432113647461
2016-10-18,INTC,INTC,30.587026596069336
2016-10-19,INTC,INTC,28.772066116333008
2016-10-20,INTC,INTC,28.707246780395508
2016-10-21,INTC,INTC,28.480375289916992
2016-10-24,INTC,INTC,28.569507598876953
2016-10-25,INTC,INTC,28.439870834350586
2016-10-26,INTC,INTC,28.29401397705078
2016-10-27,INTC,INTC,28.204896926879883
2016-10-28,INTC,INTC,28.148174285888672
2016-10-31,INTC,INTC,28.253503799438477
2016-11-01,INTC,INTC,27.969911575317383
2016-11-02,INTC,INTC,28.03473663330078
2016-11-03,INTC,INTC,27.70002555847168
2016-11-04,INTC,INTC,27.438779830932617
2016-11-07,INTC,INTC,28.32048225402832
2016-11-08,INTC,INTC,28.361297607421875
2016-11-09,INTC,INTC,28.36945915222168
2016-11-10,INTC,INTC,28.165359497070312
2016-11-11,INTC,INTC,28.25516700744629
2016-11-14,INTC,INTC,28.14904022216797
2016-11-15,INTC,INTC,28.500080108642578
2016-11-16,INTC,INTC,28.44293785095215
2016-11-17,INTC,INTC,28.589876174926758
2016-11-18,INTC,INTC,28.532743453979492
2016-11-21,INTC,INTC,28.55722999572754
2016-11-22,INTC,INTC,28.965415954589844
2016-11-23,INTC,INTC,28.73683738708496
2016-11-25,INTC,INTC,28.93276023864746
2016-11-28,INTC,INTC,28.989910125732422
2016-11-29,INTC,INTC,28.826631546020508
2016-11-30,INTC,INTC,28.328636169433594
2016-12-01,INTC,INTC,27.561229705810547
2016-12-02,INTC,INTC,27.887794494628906
2016-12-05,INTC,INTC,28.0755558013916
2016-12-06,INTC,INTC,28.344972610473633
2016-12-07,INTC,INTC,28.981754302978516
2016-12-08,INTC,INTC,29.145021438598633
2016-12-09,INTC,INTC,29.194011688232422
2016-12-12,INTC,INTC,29.365455627441406
2016-12-13,INTC,INTC,30.043045043945312
2016-12-14,INTC,INTC,29.838958740234375
2016-12-15,INTC,INTC,30.034887313842773
2016-12-16,INTC,INTC,29.643022537231445
2016-12-19,INTC,INTC,30.11653709411621
2016-12-20,INTC,INTC,30.37778091430664
2016-12-21,INTC,INTC,30.190006256103516
2016-12-22,INTC,INTC,30.149181365966797
2016-12-23,INTC,INTC,30.181838989257812
2016-12-27,INTC,INTC,30.263473510742188
2016-12-28,INTC,INTC,29.904266357421875
2016-12-29,INTC,INTC,29.928749084472656
2016-12-30,INTC,INTC,29.610366821289062
2017-01-03,INTC,INTC,29.87976837158203
2017-01-04,INTC,INTC,29.72466468811035
2017-01-05,INTC,INTC,29.675674438476562
2017-01-06,INTC,INTC,29.78180694580078
2017-01-09,INTC,INTC,29.887939453125
2017-01-10,INTC,INTC,29.830795288085938
2017-01-11,INTC,INTC,30.165504455566406
2017-01-12,INTC,INTC,29.969573974609375
2017-01-13,INTC,INTC,30.034887313842773
2017-01-17,INTC,INTC,30.043045043945312
2017-01-18,INTC,INTC,30.010385513305664
2017-01-19,INTC,INTC,29.855289459228516
2017-01-20,INTC,INTC,30.157352447509766
2017-01-23,INTC,INTC,30.018564224243164
2017-01-24,INTC,INTC,30.712491989135742
2017-01-25,INTC,INTC,30.85944366455078
2017-01-26,INTC,INTC,30.663501739501953
2017-01-27,INTC,INTC,31.006385803222656
2017-01-30,INTC,INTC,30.549211502075195
2017-01-31,INTC,INTC,30.059375762939453
2017-02-01,INTC,INTC,29.81446647644043
2017-02-02,INTC,INTC,29.94509506225586
2017-02-03,INTC,INTC,30.027313232421875
2017-02-06,INTC,INTC,29.821754455566406
2017-02-07,INTC,INTC,29.88753318786621
2017-02-08,INTC,INTC,29.912199020385742
2017-02-09,INTC,INTC,29.1557559967041
2017-02-10,INTC,INTC,29.057098388671875
2017-02-13,INTC,INTC,29.435306549072266
2017-02-14,INTC,INTC,29.542190551757812
2017-02-15,INTC,INTC,29.640867233276367
2017-02-16,INTC,INTC,29.936872482299805
2017-02-17,INTC,INTC,29.99441909790039
2017-02-21,INTC,INTC,30.027313232421875
2017-02-22,INTC,INTC,29.657316207885742
2017-02-23,INTC,INTC,29.74775505065918
2017-02-24,INTC,INTC,30.0355281829834
2017-02-27,INTC,INTC,30.019084930419922
2017-02-28,INTC,INTC,29.764198303222656
2017-03-01,INTC,INTC,29.542190551757812
2017-03-02,INTC,INTC,29.5257511138916
2017-03-03,INTC,INTC,29.517532348632812
2017-03-06,INTC,INTC,29.24620246887207
2017-03-07,INTC,INTC,29.435306549072266
2017-03-08,INTC,INTC,29.287303924560547
2017-03-09,INTC,INTC,29.451759338378906
2017-03-10,INTC,INTC,29.5257511138916
2017-03-13,INTC,INTC,28.909090042114258
2017-03-14,INTC,INTC,28.925537109375
2017-03-15,INTC,INTC,28.859764099121094
2017-03-16,INTC,INTC,28.892648696899414
2017-03-17,INTC,INTC,28.999540328979492
2017-03-20,INTC,INTC,29.13109016418457
2017-03-21,INTC,INTC,28.8104305267334
2017-03-22,INTC,INTC,29.081758499145508
2017-03-23,INTC,INTC,28.999540328979492
2017-03-24,INTC,INTC,28.909090042114258
2017-03-27,INTC,INTC,29.098201751708984
2017-03-28,INTC,INTC,29.270864486694336
2017-03-29,INTC,INTC,29.24620246887207
2017-03-30,INTC,INTC,29.394197463989258
2017-03-31,INTC,INTC,29.657316207885742
2017-04-03,INTC,INTC,29.731304168701172
2017-04-04,INTC,INTC,29.829971313476562
2017-04-05,INTC,INTC,29.780643463134766
2017-04-06,INTC,INTC,29.62442398071289
2017-04-07,INTC,INTC,29.62442398071289
2017-04-10,INTC,INTC,29.435306549072266
2017-04-11,INTC,INTC,29.38597869873047
2017-04-12,INTC,INTC,29.295534133911133
2017-04-13,INTC,INTC,28.983097076416016
2017-04-17,INTC,INTC,29.172197341918945
2017-04-18,INTC,INTC,29.410646438598633
2017-04-19,INTC,INTC,29.5257511138916
2017-04-20,INTC,INTC,29.74775505065918
2017-04-21,INTC,INTC,29.862863540649414
2017-04-24,INTC,INTC,30.21642303466797
2017-04-25,INTC,INTC,30.31507682800293
2017-04-26,INTC,INTC,30.364416122436523
2017-04-27,INTC,INTC,30.775529861450195
2017-04-28,INTC,INTC,29.723087310791016
2017-05-01,INTC,INTC,29.854650497436523
2017-05-02,INTC,INTC,30.397300720214844
2017-05-03,INTC,INTC,30.631725311279297
2017-05-04,INTC,INTC,30.524030685424805
2017-05-05,INTC,INTC,30.49918556213379
2017-05-08,INTC,INTC,30.267261505126953
2017-05-09,INTC,INTC,30.12643814086914
2017-05-10,INTC,INTC,29.828231811523438
2017-05-11,INTC,INTC,29.563173294067383
2017-05-12,INTC,INTC,29.430641174316406
2017-05-15,INTC,INTC,29.51347541809082
2017-05-16,INTC,INTC,29.67085075378418
2017-05-17,INTC,INTC,29.024761199951172
2017-05-18,INTC,INTC,29.17384910583496
2017-05-19,INTC,INTC,29.322959899902344
2017-05-22,INTC,INTC,29.62944221496582
2017-05-23,INTC,INTC,29.70398712158203
2017-05-24,INTC,INTC,29.919357299804688
2017-05-25,INTC,INTC,30.035322189331055
2017-05-26,INTC,INTC,30.035322189331055
2017-05-30,INTC,INTC,29.96906089782715
2017-05-31,INTC,INTC,29.911075592041016
2017-06-01,INTC,INTC,29.919357299804688
2017-06-02,INTC,INTC,30.085023880004883
2017-06-05,INTC,INTC,30.10158920288086
2017-06-06,INTC,INTC,29.927637100219727
2017-06-07,INTC,INTC,30.035322189331055
2017-06-08,INTC,INTC,30.217548370361328
2017-06-09,INTC,INTC,29.57973289489746
2017-06-12,INTC,INTC,29.596302032470703
2017-06-13,INTC,INTC,29.720558166503906
2017-06-14,INTC,INTC,29.430641174316406
2017-06-15,INTC,INTC,29.24840545654297
2017-06-16,INTC,INTC,29.165576934814453
2017-06-19,INTC,INTC,29.414073944091797
2017-06-20,INTC,INTC,28.87565803527832
2017-06-21,INTC,INTC,28.64372444152832
2017-06-22,INTC,INTC,28.461490631103516
2017-06-23,INTC,INTC,28.320676803588867
2017-06-26,INTC,INTC,28.221275329589844
2017-06-27,INTC,INTC,27.87337875366211
2017-06-28,INTC,INTC,28.328962326049805
2017-06-29,INTC,INTC,27.782264709472656
2017-06-30,INTC,INTC,27.947925567626953
2017-07-03,INTC,INTC,27.71599769592285
2017-07-05,INTC,INTC,28.444931030273438
2017-07-06,INTC,INTC,27.856809616088867
2017-07-07,INTC,INTC,28.06389045715332
2017-07-10,INTC,INTC,27.87337875366211
2017-07-11,INTC,INTC,28.097021102905273
2017-07-12,INTC,INTC,28.370380401611328
2017-07-13,INTC,INTC,28.362096786499023
2017-07-14,INTC,INTC,28.726551055908203
2017-07-17,INTC,INTC,28.5526123046875
2017-07-18,INTC,INTC,28.602304458618164
2017-07-19,INTC,INTC,28.627161026000977
2017-07-20,INTC,INTC,28.7845458984375
2017-07-21,INTC,INTC,28.767976760864258
2017-07-24,INTC,INTC,28.57745361328125
2017-07-25,INTC,INTC,28.718271255493164
2017-07-26,INTC,INTC,28.7845458984375
2017-07-27,INTC,INTC,28.966772079467773
2017-07-28,INTC,INTC,29.24840545654297
2017-07-31,INTC,INTC,29.380937576293945
2017-08-01,INTC,INTC,30.109872817993164
2017-08-02,INTC,INTC,30.350086212158203
2017-08-03,INTC,INTC,30.452741622924805
2017-08-04,INTC,INTC,30.294166564941406
2017-08-07,INTC,INTC,30.402666091918945
2017-08-08,INTC,INTC,30.38597869873047
2017-08-09,INTC,INTC,30.53619956970215
2017-08-10,INTC,INTC,30.1606502532959
2017-08-11,INTC,INTC,29.9353084564209
2017-08-14,INTC,INTC,30.32756233215332
2017-08-15,INTC,INTC,30.04380989074707
2017-08-16,INTC,INTC,29.8852481842041
2017-08-17,INTC,INTC,29.351125717163086
2017-08-18,INTC,INTC,29.217605590820312
2017-08-21,INTC,INTC,29.142494201660156
2017-08-22,INTC,INTC,28.917171478271484
2017-08-23,INTC,INTC,28.92551040649414
2017-08-24,INTC,INTC,28.967241287231445
2017-08-25,INTC,INTC,28.933853149414062
2017-08-28,INTC,INTC,28.917171478271484
2017-08-29,INTC,INTC,28.983928680419922
2017-08-30,INTC,INTC,29.117460250854492
2017-08-31,INTC,INTC,29.26767349243164
2017-09-01,INTC,INTC,29.284366607666016
2017-09-05,INTC,INTC,29.225948333740234
2017-09-06,INTC,INTC,29.843521118164062
2017-09-07,INTC,INTC,29.659915924072266
2017-09-08,INTC,INTC,29.367830276489258
2017-09-11,INTC,INTC,29.851869583129883
2017-09-12,INTC,INTC,30.11891746520996
2017-09-13,INTC,INTC,30.319217681884766
2017-09-14,INTC,INTC,30.44439125061035
2017-09-15,INTC,INTC,30.87835693359375
2017-09-18,INTC,INTC,30.87835693359375
2017-09-19,INTC,INTC,31.07030487060547
2017-09-20,INTC,INTC,30.936779022216797
2017-09-21,INTC,INTC,31.045276641845703
2017-09-22,INTC,INTC,31.028589248657227
2017-09-25,INTC,INTC,31.011882781982422
2017-09-26,INTC,INTC,31.270605087280273
2017-09-27,INTC,INTC,31.329017639160156
2017-09-28,INTC,INTC,31.571044921875
2017-09-29,INTC,INTC,31.779680252075195
2017-10-02,INTC,INTC,32.580841064453125
2017-10-03,INTC,INTC,32.864593505859375
2017-10-04,INTC,INTC,32.83121109008789
2017-10-05,INTC,INTC,32.989768981933594
2017-10-06,INTC,INTC,33.073219299316406
2017-10-09,INTC,INTC,33.265174865722656
2017-10-10,INTC,INTC,33.08992004394531
2017-10-11,INTC,INTC,32.797828674316406
2017-10-12,INTC,INTC,32.706024169921875
2017-10-13,INTC,INTC,33.10660934448242
2017-10-16,INTC,INTC,33.18172836303711
2017-10-17,INTC,INTC,33.20676040649414
2017-10-18,INTC,INTC,33.59063720703125
2017-10-19,INTC,INTC,33.45712661743164
2017-10-20,INTC,INTC,33.740867614746094
2017-10-23,INTC,INTC,34.07468795776367
2017-10-24,INTC,INTC,34.174827575683594
2017-10-25,INTC,INTC,34.032958984375
2017-10-26,INTC,INTC,34.50865936279297
2017-10-27,INTC,INTC,37.054046630859375
2017-10-30,INTC,INTC,37.02899169921875
2017-10-31,INTC,INTC,37.96367645263672
2017-11-01,INTC,INTC,38.981842041015625
2017-11-02,INTC,INTC,39.307315826416016
2017-11-03,INTC,INTC,38.67305374145508
2017-11-06,INTC,INTC,39.2044563293457
2017-11-07,INTC,INTC,39.27161407470703
2017-11-08,INTC,INTC,39.2044563293457
2017-11-09,INTC,INTC,38.86865997314453
2017-11-10,INTC,INTC,38.26422119140625
2017-11-13,INTC,INTC,38.40693664550781
2017-11-14,INTC,INTC,38.49927520751953
2017-11-15,INTC,INTC,38.163490295410156
2017-11-16,INTC,INTC,38.322998046875
2017-11-17,INTC,INTC,37.46669387817383
2017-11-20,INTC,INTC,37.45830154418945
2017-11-21,INTC,INTC,37.726951599121094
2017-11-22,INTC,INTC,37.483489990234375
2017-11-24,INTC,INTC,37.567447662353516
2017-11-27,INTC,INTC,37.34916687011719
2017-11-28,INTC,INTC,37.550655364990234
2017-11-29,INTC,INTC,36.89585494995117
2017-11-30,INTC,INTC,37.64299774169922
2017-12-01,INTC,INTC,37.50868225097656
2017-12-04,INTC,INTC,37.34916687011719
2017-12-05,INTC,INTC,36.46770095825195
2017-12-06,INTC,INTC,36.47610092163086
2017-12-07,INTC,INTC,36.16549301147461
2017-12-08,INTC,INTC,36.392154693603516
2017-12-11,INTC,INTC,36.65238571166992
2017-12-12,INTC,INTC,36.375370025634766
2017-12-13,INTC,INTC,36.38375473022461
2017-12-14,INTC,INTC,36.31659698486328
2017-12-15,INTC,INTC,37.40793991088867
2017-12-18,INTC,INTC,38.8350830078125
2017-12-19,INTC,INTC,39.4898796081543
2017-12-20,INTC,INTC,39.92641830444336
2017-12-21,INTC,INTC,39.25483322143555
2017-12-22,INTC,INTC,39.2044563293457
2017-12-26,INTC,INTC,38.6839714050293
2017-12-27,INTC,INTC,38.70915222167969
2017-12-28,INTC,INTC,38.80149841308594
2017-12-29,INTC,INTC,38.75114059448242
2018-01-02,INTC,INTC,39.33038330078125
2018-01-03,INTC,INTC,37.99558639526367
2018-01-04,INTC,INTC,37.298797607421875
2018-01-05,INTC,INTC,37.55905532836914
2018-01-08,INTC,INTC,37.55905532836914
2018-01-09,INTC,INTC,36.61880874633789
2018-01-10,INTC,INTC,35.6785774230957
2018-01-11,INTC,INTC,36.4425163269043
2018-01-12,INTC,INTC,36.2998046875
2018-01-16,INTC,INTC,36.21586227416992
2018-01-17,INTC,INTC,37.265228271484375
2018-01-18,INTC,INTC,37.34077835083008
2018-01-19,INTC,INTC,37.6262092590332
2018-01-22,INTC,INTC,38.40693664550781
2018-01-23,INTC,INTC,38.667179107666016
2018-01-24,INTC,INTC,38.20545196533203
2018-01-25,INTC,INTC,38.029170989990234
2018-01-26,INTC,INTC,42.04195785522461
2018-01-29,INTC,INTC,41.958003997802734
2018-01-30,INTC,INTC,40.95901107788086
2018-01-31,INTC,INTC,40.41334915161133
2018-02-01,INTC,INTC,40.00198745727539
2018-02-02,INTC,INTC,38.742740631103516
2018-02-05,INTC,INTC,37.374359130859375
2018-02-06,INTC,INTC,37.957542419433594
2018-02-07,INTC,INTC,38.2026481628418
2018-02-08,INTC,INTC,36.13192367553711
2018-02-09,INTC,INTC,37.14616012573242
2018-02-12,INTC,INTC,37.889930725097656
2018-02-13,INTC,INTC,37.57720184326172
2018-02-14,INTC,INTC,38.35478210449219
2018-02-15,INTC,INTC,38.81118392944336
2018-02-16,INTC,INTC,38.50691223144531
2018-02-20,INTC,INTC,39.14925765991211
2018-02-21,INTC,INTC,38.828086853027344
2018-02-22,INTC,INTC,38.709754943847656
2018-02-23,INTC,INTC,40.34099197387695
2018-02-26,INTC,INTC,41.507347106933594
2018-02-27,INTC,INTC,42.18349075317383
2018-02-28,INTC,INTC,41.659488677978516
2018-03-01,INTC,INTC,40.433963775634766
2018-03-02,INTC,INTC,41.397464752197266
2018-03-05,INTC,INTC,42.04826354980469
2018-03-06,INTC,INTC,42.859649658203125
2018-03-07,INTC,INTC,43.37522888183594
2018-03-08,INTC,INTC,42.88500213623047
2018-03-09,INTC,INTC,44.11054229736328
2018-03-12,INTC,INTC,43.54425811767578
2018-03-13,INTC,INTC,43.76400375366211
2018-03-14,INTC,INTC,43.831626892089844
2018-03-15,INTC,INTC,43.00334548950195
2018-03-16,INTC,INTC,43.248435974121094
2018-03-19,INTC,INTC,42.961082458496094
2018-03-20,INTC,INTC,43.56960678100586
2018-03-21,INTC,INTC,43.57807540893555
2018-03-22,INTC,INTC,42.961082458496094
2018-03-23,INTC,INTC,41.71864318847656
2018-03-26,INTC,INTC,44.35564041137695
2018-03-27,INTC,INTC,43.26533508300781
2018-03-28,INTC,INTC,41.921485900878906
2018-03-29,INTC,INTC,44.01757049560547
2018-04-02,INTC,INTC,41.346763610839844
2018-04-03,INTC,INTC,42.04826354980469
2018-04-04,INTC,INTC,42.25112533569336
2018-04-05,INTC,INTC,42.580745697021484
2018-04-06,INTC,INTC,41.236881256103516
2018-04-09,INTC,INTC,41.87922668457031
2018-04-10,INTC,INTC,43.33296585083008
2018-04-11,INTC,INTC,43.18927001953125
2018-04-12,INTC,INTC,44.5584831237793
2018-04-13,INTC,INTC,43.831626892089844
2018-04-16,INTC,INTC,44.28801727294922
2018-04-17,INTC,INTC,45.25153732299805
2018-04-18,INTC,INTC,45.31071853637695
2018-04-19,INTC,INTC,44.135894775390625
2018-04-20,INTC,INTC,43.552703857421875
2018-04-23,INTC,INTC,43.18927001953125
2018-04-24,INTC,INTC,43.48508834838867
2018-04-25,INTC,INTC,43.42593002319336
2018-04-26,INTC,INTC,44.83740234375
2018-04-27,INTC,INTC,44.56693649291992
2018-04-30,INTC,INTC,43.6287727355957
2018-05-01,INTC,INTC,45.07405471801758
2018-05-02,INTC,INTC,44.211952209472656
2018-05-03,INTC,INTC,44.186607360839844
2018-05-04,INTC,INTC,44.866661071777344
2018-05-07,INTC,INTC,45.334197998046875
2018-05-08,INTC,INTC,45.58921432495117
2018-05-09,INTC,INTC,46.192752838134766
2018-05-10,INTC,INTC,46.7368049621582
2018-05-11,INTC,INTC,46.473289489746094
2018-05-14,INTC,INTC,46.66880416870117
2018-05-15,INTC,INTC,45.835723876953125
2018-05-16,INTC,INTC,46.44778823852539
2018-05-17,INTC,INTC,46.5922966003418
2018-05-18,INTC,INTC,45.478694915771484
2018-05-21,INTC,INTC,46.17575454711914
2018-05-22,INTC,INTC,46.286277770996094
2018-05-23,INTC,INTC,46.93233108520508
2018-05-24,INTC,INTC,46.541297912597656
2018-05-25,INTC,INTC,47.127838134765625
2018-05-29,INTC,INTC,47.02582550048828
2018-05-30,INTC,INTC,47.331851959228516
2018-05-31,INTC,INTC,46.923828125
2018-06-01,INTC,INTC,48.52196502685547
2018-06-04,INTC,INTC,48.30942916870117
2018-06-05,INTC,INTC,48.054412841796875
2018-06-06,INTC,INTC,48.479454040527344
2018-06-07,INTC,INTC,47.50187301635742
2018-06-08,INTC,INTC,46.79630661010742
2018-06-11,INTC,INTC,46.34577941894531
2018-06-12,INTC,INTC,46.60079574584961
2018-06-13,INTC,INTC,46.779300689697266
2018-06-14,INTC,INTC,47.21284484863281
2018-06-15,INTC,INTC,46.847312927246094
2018-06-18,INTC,INTC,45.240692138671875
2018-06-19,INTC,INTC,44.99415969848633
2018-06-20,INTC,INTC,45.4447135925293
2018-06-21,INTC,INTC,44.365116119384766
2018-06-22,INTC,INTC,44.62863540649414
2018-06-25,INTC,INTC,43.10700225830078
2018-06-26,INTC,INTC,42.222938537597656
2018-06-27,INTC,INTC,41.449371337890625
2018-06-28,INTC,INTC,41.86591720581055
2018-06-29,INTC,INTC,42.256927490234375
2018-07-02,INTC,INTC,42.67347717285156
2018-07-03,INTC,INTC,42.05291748046875
2018-07-05,INTC,INTC,43.14101028442383
2018-07-06,INTC,INTC,43.66805648803711
2018-07-09,INTC,INTC,44.0845947265625
2018-07-10,INTC,INTC,44.33961486816406
2018-07-11,INTC,INTC,43.52355194091797
2018-07-12,INTC,INTC,44.501129150390625
2018-07-13,INTC,INTC,44.3906135559082
2018-07-16,INTC,INTC,44.212100982666016
2018-07-17,INTC,INTC,43.991085052490234
2018-07-18,INTC,INTC,43.965576171875
2018-07-19,INTC,INTC,44.18660354614258
2018-07-20,INTC,INTC,44.12709045410156
2018-07-23,INTC,INTC,44.467124938964844
2018-07-24,INTC,INTC,44.356624603271484
2018-07-25,INTC,INTC,44.56912612915039
2018-07-26,INTC,INTC,44.33961486816406
2018-07-27,INTC,INTC,40.53129959106445
2018-07-30,INTC,INTC,40.539794921875
2018-07-31,INTC,INTC,40.88832473754883
2018-08-01,INTC,INTC,41.49187469482422
2018-08-02,INTC,INTC,42.06142807006836
2018-08-03,INTC,INTC,42.18894577026367
2018-08-06,INTC,INTC,42.16328048706055
2018-08-07,INTC,INTC,42.5053825378418
2018-08-08,INTC,INTC,42.72773361206055
2018-08-09,INTC,INTC,42.88167953491211
2018-08-10,INTC,INTC,41.77841567993164
2018-08-13,INTC,INTC,41.43632507324219
2018-08-14,INTC,INTC,41.15409851074219
2018-08-15,INTC,INTC,40.589637756347656
2018-08-16,INTC,INTC,40.341617584228516
2018-08-17,INTC,INTC,40.28174591064453
2018-08-20,INTC,INTC,39.76860809326172
2018-08-21,INTC,INTC,40.726470947265625
2018-08-22,INTC,INTC,40.238990783691406
2018-08-23,INTC,INTC,40.17913055419922
2018-08-24,INTC,INTC,40.760684967041016
2018-08-27,INTC,INTC,41.35081100463867
2018-08-28,INTC,INTC,41.538944244384766
2018-08-29,INTC,INTC,41.692901611328125
2018-08-30,INTC,INTC,41.256736755371094
2018-08-31,INTC,INTC,41.419227600097656
2018-09-04,INTC,INTC,41.01726531982422
2018-09-05,INTC,INTC,40.81200408935547
2018-09-06,INTC,INTC,40.41859436035156
2018-09-07,INTC,INTC,39.72583770751953
2018-09-10,INTC,INTC,39.59756851196289
2018-09-11,INTC,INTC,38.4258918762207
2018-09-12,INTC,INTC,38.4258918762207
2018-09-13,INTC,INTC,38.973236083984375
2018-09-14,INTC,INTC,38.94758605957031
2018-09-17,INTC,INTC,38.84495544433594
2018-09-18,INTC,INTC,39.426517486572266
2018-09-19,INTC,INTC,39.46928024291992
2018-09-20,INTC,INTC,40.36728286743164
2018-09-21,INTC,INTC,39.90545654296875
2018-09-24,INTC,INTC,40.11925506591797
2018-09-25,INTC,INTC,39.26402282714844
2018-09-26,INTC,INTC,39.08442306518555
2018-09-27,INTC,INTC,39.23836135864258
2018-09-28,INTC,INTC,40.444252014160156
2018-10-01,INTC,INTC,39.72583770751953
2018-10-02,INTC,INTC,41.136993408203125
2018-10-03,INTC,INTC,41.70144271850586
2018-10-04,INTC,INTC,41.162654876708984
2018-10-05,INTC,INTC,40.22187805175781
2018-10-08,INTC,INTC,40.22187805175781
2018-10-09,INTC,INTC,39.811363220214844
2018-10-10,INTC,INTC,38.31471252441406
2018-10-11,INTC,INTC,37.82722854614258
2018-10-12,INTC,INTC,38.38312530517578
2018-10-15,INTC,INTC,38.08378601074219
2018-10-16,INTC,INTC,39.28968048095703
2018-10-17,INTC,INTC,39.24691390991211
2018-10-18,INTC,INTC,38.46010208129883
2018-10-19,INTC,INTC,37.630523681640625
2018-10-22,INTC,INTC,38.494300842285156
2018-10-23,INTC,INTC,38.05813217163086
2018-10-24,INTC,INTC,36.27923583984375
2018-10-25,INTC,INTC,37.8956413269043
2018-10-26,INTC,INTC,39.075870513916016
2018-10-29,INTC,INTC,38.82785415649414
2018-10-30,INTC,INTC,40.84621810913086
2018-10-31,INTC,INTC,40.093605041503906
2018-11-01,INTC,INTC,41.2396354675293
2018-11-02,INTC,INTC,40.290306091308594
2018-11-05,INTC,INTC,41.025814056396484
2018-11-06,INTC,INTC,40.66434860229492
2018-11-07,INTC,INTC,41.92945861816406
2018-11-08,INTC,INTC,42.16183853149414
2018-11-09,INTC,INTC,41.40449905395508
2018-11-12,INTC,INTC,40.14796829223633
2018-11-13,INTC,INTC,40.78483581542969
2018-11-14,INTC,INTC,40.52665328979492
2018-11-15,INTC,INTC,41.40449905395508
2018-11-16,INTC,INTC,42.02412796020508
2018-11-19,INTC,INTC,41.309814453125
2018-11-20,INTC,INTC,40.78483581542969
2018-11-21,INTC,INTC,40.47500991821289
2018-11-23,INTC,INTC,40.053314208984375
2018-11-26,INTC,INTC,40.83646774291992
2018-11-27,INTC,INTC,41.37007522583008
2018-11-28,INTC,INTC,42.049949645996094
2018-11-29,INTC,INTC,41.0516242980957
2018-11-30,INTC,INTC,42.43723678588867
2018-12-03,INTC,INTC,43.1429443359375
2018-12-04,INTC,INTC,41.09465789794922
2018-12-06,INTC,INTC,41.62824249267578
2018-12-07,INTC,INTC,39.795127868652344
2018-12-10,INTC,INTC,40.62992858886719
2018-12-11,INTC,INTC,40.7762336730957
2018-12-12,INTC,INTC,41.163516998291016
2018-12-13,INTC,INTC,41.55940628051758
2018-12-14,INTC,INTC,41.18933868408203
2018-12-17,INTC,INTC,40.5180549621582
2018-12-18,INTC,INTC,41.0860595703125
2018-12-19,INTC,INTC,39.2185173034668
2018-12-20,INTC,INTC,39.19268798828125
2018-12-21,INTC,INTC,38.59025955200195
2018-12-24,INTC,INTC,37.51447677612305
2018-12-26,INTC,INTC,39.75209045410156
2018-12-27,INTC,INTC,39.89839553833008
2018-12-28,INTC,INTC,40.23403549194336
2018-12-31,INTC,INTC,40.38895797729492
2019-01-02,INTC,INTC,40.5180549621582
2019-01-03,INTC,INTC,38.289039611816406
2019-01-04,INTC,INTC,40.63853073120117
2019-01-07,INTC,INTC,40.827877044677734
2019-01-08,INTC,INTC,41.0860595703125
2019-01-09,INTC,INTC,41.31842803955078
2019-01-10,INTC,INTC,41.79176712036133
2019-01-11,INTC,INTC,42.110191345214844
2019-01-14,INTC,INTC,41.61103820800781
2019-01-15,INTC,INTC,41.8261833190918
2019-01-16,INTC,INTC,41.42169952392578
2019-01-17,INTC,INTC,41.71430206298828
2019-01-18,INTC,INTC,42.333953857421875
2019-01-22,INTC,INTC,41.54218292236328
2019-01-23,INTC,INTC,41.258182525634766
2019-01-24,INTC,INTC,42.82450485229492
2019-01-25,INTC,INTC,40.48363494873047
2019-01-28,INTC,INTC,40.199615478515625
2019-01-29,INTC,INTC,40.053314208984375
2019-01-30,INTC,INTC,40.91393280029297
2019-01-31,INTC,INTC,40.55247116088867
2019-02-01,INTC,INTC,41.93806457519531
2019-02-04,INTC,INTC,42.359779357910156
2019-02-05,INTC,INTC,43.0396614074707
2019-02-06,INTC,INTC,43.21720886230469
2019-02-07,INTC,INTC,42.636940002441406
2019-02-08,INTC,INTC,42.299171447753906
2019-02-11,INTC,INTC,42.23854064941406
2019-02-12,INTC,INTC,43.31247329711914
2019-02-13,INTC,INTC,43.71088409423828
2019-02-14,INTC,INTC,44.005348205566406
2019-02-15,INTC,INTC,44.74150466918945
2019-02-19,INTC,INTC,44.51633834838867
2019-02-20,INTC,INTC,44.50767517089844
2019-02-21,INTC,INTC,44.524986267089844
2019-02-22,INTC,INTC,45.460350036621094
2019-02-25,INTC,INTC,45.9886589050293
2019-02-26,INTC,INTC,46.10124206542969
2019-02-27,INTC,INTC,46.10990905761719
2019-02-28,INTC,INTC,45.867401123046875
2019-03-01,INTC,INTC,46.161865234375
2019-03-04,INTC,INTC,46.716163635253906
2019-03-05,INTC,INTC,46.49098205566406
2019-03-06,INTC,INTC,45.85874557495117
2019-03-07,INTC,INTC,45.55561447143555
2019-03-08,INTC,INTC,45.451683044433594
2019-03-11,INTC,INTC,46.205177307128906
2019-03-12,INTC,INTC,46.39570999145508
2019-03-13,INTC,INTC,47.08857345581055
2019-03-14,INTC,INTC,46.28312301635742
2019-03-15,INTC,INTC,47.05392837524414
2019-03-18,INTC,INTC,46.85472869873047
2019-03-19,INTC,INTC,46.91536331176758
2019-03-20,INTC,INTC,46.61223220825195
2019-03-21,INTC,INTC,47.32241439819336
2019-03-22,INTC,INTC,46.12723159790039
2019-03-25,INTC,INTC,45.71150588989258
2019-03-26,INTC,INTC,46.28312301635742
2019-03-27,INTC,INTC,46.04062271118164
2019-03-28,INTC,INTC,45.997318267822266
2019-03-29,INTC,INTC,46.50830078125
2019-04-01,INTC,INTC,47.20981216430664
2019-04-02,INTC,INTC,47.07991027832031
2019-04-03,INTC,INTC,48.04991149902344
2019-04-04,INTC,INTC,48.43098831176758
2019-04-05,INTC,INTC,48.15385055541992
2019-04-08,INTC,INTC,48.2231330871582
2019-04-09,INTC,INTC,47.91134262084961
2019-04-10,INTC,INTC,48.28376388549805
2019-04-11,INTC,INTC,48.327064514160156
2019-04-12,INTC,INTC,48.8640251159668
2019-04-15,INTC,INTC,48.74278259277344
2019-04-16,INTC,INTC,49.11518859863281
2019-04-17,INTC,INTC,50.717437744140625
2019-04-18,INTC,INTC,50.65681076049805
2019-04-22,INTC,INTC,50.94261169433594
2019-04-23,INTC,INTC,50.90796661376953
2019-04-24,INTC,INTC,50.85599899291992
2019-04-25,INTC,INTC,49.8946647644043
2019-04-26,INTC,INTC,45.40837478637695
2019-04-29,INTC,INTC,44.26517105102539
2019-04-30,INTC,INTC,44.20454025268555
2019-05-01,INTC,INTC,43.9620361328125
2019-05-02,INTC,INTC,43.7801628112793
2019-05-03,INTC,INTC,44.8194580078125
2019-05-06,INTC,INTC,44.632110595703125
2019-05-07,INTC,INTC,43.98727798461914
2019-05-08,INTC,INTC,42.90676498413086
2019-05-09,INTC,INTC,40.623756408691406
2019-05-10,INTC,INTC,40.25776672363281
2019-05-13,INTC,INTC,39.00299072265625
2019-05-14,INTC,INTC,39.36024856567383
2019-05-15,INTC,INTC,39.752376556396484
2019-05-16,INTC,INTC,39.6739616394043
2019-05-17,INTC,INTC,39.116268157958984
2019-05-20,INTC,INTC,37.957332611083984
2019-05-21,INTC,INTC,38.741573333740234
2019-05-22,INTC,INTC,38.340736389160156
2019-05-23,INTC,INTC,38.80257797241211
2019-05-24,INTC,INTC,38.83742904663086
2019-05-28,INTC,INTC,37.966041564941406
2019-05-29,INTC,INTC,38.54115676879883
2019-05-30,INTC,INTC,38.976844787597656
2019-05-31,INTC,INTC,38.37559127807617
2019-06-03,INTC,INTC,37.87018585205078
2019-06-04,INTC,INTC,39.02912139892578
2019-06-05,INTC,INTC,38.82000732421875
2019-06-06,INTC,INTC,39.29924774169922
2019-06-07,INTC,INTC,40.10964584350586
2019-06-10,INTC,INTC,40.78060531616211
2019-06-11,INTC,INTC,40.82416915893555
2019-06-12,INTC,INTC,40.362335205078125
2019-06-13,INTC,INTC,40.69346618652344
2019-06-14,INTC,INTC,40.24906539916992
2019-06-17,INTC,INTC,40.196781158447266
2019-06-18,INTC,INTC,41.27729797363281
2019-06-19,INTC,INTC,41.0158805847168
2019-06-20,INTC,INTC,41.12043762207031
2019-06-21,INTC,INTC,41.355709075927734
2019-06-24,INTC,INTC,41.50385284423828
2019-06-25,INTC,INTC,40.82416915893555
2019-06-26,INTC,INTC,41.991817474365234
2019-06-27,INTC,INTC,41.355709075927734
2019-06-28,INTC,INTC,41.712982177734375
2019-07-01,INTC,INTC,41.86982727050781
2019-07-02,INTC,INTC,41.93082809448242
2019-07-03,INTC,INTC,42.279380798339844
2019-07-05,INTC,INTC,41.89596939086914
2019-07-08,INTC,INTC,41.669410705566406
2019-07-09,INTC,INTC,41.60841751098633
2019-07-10,INTC,INTC,42.009246826171875
2019-07-11,INTC,INTC,42.349082946777344
2019-07-12,INTC,INTC,43.499305725097656
2019-07-15,INTC,INTC,43.67359161376953
2019-07-16,INTC,INTC,42.845767974853516
2019-07-17,INTC,INTC,43.0374755859375
2019-07-18,INTC,INTC,43.51674270629883
2019-07-19,INTC,INTC,43.804298400878906
2019-07-22,INTC,INTC,44.745384216308594
2019-07-23,INTC,INTC,45.09393310546875
2019-07-24,INTC,INTC,46.11344528198242
2019-07-25,INTC,INTC,45.451202392578125
2019-07-26,INTC,INTC,44.95451736450195
2019-07-29,INTC,INTC,45.756187438964844
2019-07-30,INTC,INTC,45.05036544799805
2019-07-31,INTC,INTC,44.04827880859375
2019-08-01,INTC,INTC,43.13333511352539
2019-08-02,INTC,INTC,42.41880416870117
2019-08-05,INTC,INTC,40.928741455078125
2019-08-06,INTC,INTC,41.1963005065918
2019-08-07,INTC,INTC,40.99453353881836
2019-08-08,INTC,INTC,41.380523681640625
2019-08-09,INTC,INTC,40.33658981323242
2019-08-12,INTC,INTC,40.00321960449219
2019-08-13,INTC,INTC,41.091033935546875
2019-08-14,INTC,INTC,40.240089416503906
2019-08-15,INTC,INTC,40.09095001220703
2019-08-16,INTC,INTC,40.79275894165039
2019-08-19,INTC,INTC,41.43317413330078
2019-08-20,INTC,INTC,40.88047790527344
2019-08-21,INTC,INTC,41.362979888916016
2019-08-22,INTC,INTC,41.03839111328125
2019-08-23,INTC,INTC,39.4417839050293
2019-08-26,INTC,INTC,39.9681396484375
2019-08-27,INTC,INTC,40.169898986816406
2019-08-28,INTC,INTC,40.169898986816406
2019-08-29,INTC,INTC,41.117347717285156
2019-08-30,INTC,INTC,41.59107971191406
2019-09-03,INTC,INTC,41.2138557434082
2019-09-04,INTC,INTC,42.915748596191406
2019-09-05,INTC,INTC,43.95090866088867
2019-09-06,INTC,INTC,44.67026901245117
2019-09-09,INTC,INTC,45.25803756713867
2019-09-10,INTC,INTC,45.45981216430664
2019-09-11,INTC,INTC,46.31074905395508
2019-09-12,INTC,INTC,46.50374984741211
2019-09-13,INTC,INTC,46.0914421081543
2019-09-16,INTC,INTC,45.79315948486328
2019-09-17,INTC,INTC,45.5738639831543
2019-09-18,INTC,INTC,45.389625549316406
2019-09-19,INTC,INTC,45.24048614501953
2019-09-20,INTC,INTC,44.49481964111328
2019-09-23,INTC,INTC,44.6527214050293
2019-09-24,INTC,INTC,43.705284118652344
2019-09-25,INTC,INTC,44.75799560546875
2019-09-26,INTC,INTC,44.67026901245117
2019-09-27,INTC,INTC,44.547447204589844
2019-09-30,INTC,INTC,45.20539855957031
2019-10-01,INTC,INTC,44.529903411865234
2019-10-02,INTC,INTC,43.32805252075195
2019-10-03,INTC,INTC,43.88949966430664
2019-10-04,INTC,INTC,44.67026901245117
2019-10-07,INTC,INTC,44.4070930480957
2019-10-08,INTC,INTC,43.62632369995117
2019-10-09,INTC,INTC,44.28426742553711
2019-10-10,INTC,INTC,44.83694839477539
2019-10-11,INTC,INTC,45.6966667175293
2019-10-14,INTC,INTC,45.301902770996094
2019-10-15,INTC,INTC,46.18794250488281
2019-10-16,INTC,INTC,46.012481689453125
2019-10-17,INTC,INTC,45.49489212036133
2019-10-18,INTC,INTC,45.05626678466797
2019-10-21,INTC,INTC,45.73175811767578
2019-10-22,INTC,INTC,45.626487731933594
2019-10-23,INTC,INTC,45.37207794189453
2019-10-24,INTC,INTC,45.819480895996094
2019-10-25,INTC,INTC,49.530311584472656
2019-10-28,INTC,INTC,49.79349136352539
2019-10-29,INTC,INTC,49.4250373840332
2019-10-30,INTC,INTC,49.65312576293945
2019-10-31,INTC,INTC,49.59171676635742
2019-11-01,INTC,INTC,49.57417297363281
2019-11-04,INTC,INTC,50.539161682128906
2019-11-05,INTC,INTC,50.48652267456055
2019-11-06,INTC,INTC,50.80849838256836
2019-11-07,INTC,INTC,51.2054328918457
2019-11-08,INTC,INTC,51.39949417114258
2019-11-11,INTC,INTC,51.470054626464844
2019-11-12,INTC,INTC,51.33774185180664
2019-11-13,INTC,INTC,51.064292907714844
2019-11-14,INTC,INTC,50.993736267089844
2019-11-15,INTC,INTC,51.126033782958984
2019-11-18,INTC,INTC,51.38185119628906
2019-11-19,INTC,INTC,51.470054626464844
2019-11-20,INTC,INTC,51.073116302490234
2019-11-21,INTC,INTC,51.35540008544922
2019-11-22,INTC,INTC,50.81730270385742
2019-11-25,INTC,INTC,51.875823974609375
2019-11-26,INTC,INTC,51.95520782470703
2019-11-27,INTC,INTC,51.61119079589844
2019-11-29,INTC,INTC,51.2054328918457
2019-12-02,INTC,INTC,50.86141586303711
2019-12-03,INTC,INTC,49.45889663696289
2019-12-04,INTC,INTC,49.4147834777832
2019-12-05,INTC,INTC,49.467708587646484
2019-12-06,INTC,INTC,50.111637115478516
2019-12-09,INTC,INTC,49.864654541015625
2019-12-10,INTC,INTC,49.917579650878906
2019-12-11,INTC,INTC,50.34098434448242
2019-12-12,INTC,INTC,50.764381408691406
2019-12-13,INTC,INTC,50.97609329223633
2019-12-16,INTC,INTC,50.896705627441406
2019-12-17,INTC,INTC,50.543861389160156
2019-12-18,INTC,INTC,50.42918395996094
2019-12-19,INTC,INTC,51.126033782958984
2019-12-20,INTC,INTC,51.99931335449219
2019-12-23,INTC,INTC,52.246299743652344
2019-12-24,INTC,INTC,52.40508270263672
2019-12-26,INTC,INTC,52.7667350769043
2019-12-27,INTC,INTC,52.99607467651367
2019-12-30,INTC,INTC,52.59030532836914
2019-12-31,INTC,INTC,52.79319763183594
2020-01-02,INTC,INTC,53.666465759277344
2020-01-03,INTC,INTC,53.01371765136719
2020-01-06,INTC,INTC,52.86376190185547
2020-01-07,INTC,INTC,51.981666564941406
2020-01-08,INTC,INTC,52.0169563293457
2020-01-09,INTC,INTC,52.308048248291016
2020-01-10,INTC,INTC,51.99049377441406
2020-01-13,INTC,INTC,52.563846588134766
2020-01-14,INTC,INTC,52.42271423339844
2020-01-15,INTC,INTC,51.99049377441406
2020-01-16,INTC,INTC,52.62560272216797
2020-01-17,INTC,INTC,52.57267379760742
2020-01-21,INTC,INTC,53.41067123413086
2020-01-22,INTC,INTC,55.333621978759766
2020-01-23,INTC,INTC,55.85405731201172
2020-01-24,INTC,INTC,60.396827697753906
2020-01-27,INTC,INTC,57.94461441040039
2020-01-28,INTC,INTC,59.37360382080078
2020-01-29,INTC,INTC,58.50914764404297
2020-01-30,INTC,INTC,58.63264465332031
2020-01-31,INTC,INTC,56.39213562011719
2020-02-03,INTC,INTC,56.8243522644043
2020-02-04,INTC,INTC,57.74174499511719
2020-02-05,INTC,INTC,59.400062561035156
2020-02-06,INTC,INTC,59.47097396850586
2020-02-07,INTC,INTC,58.52249526977539
2020-02-10,INTC,INTC,58.85048294067383
2020-02-11,INTC,INTC,59.754634857177734
2020-02-12,INTC,INTC,59.7989501953125
2020-02-13,INTC,INTC,59.78123092651367
2020-02-14,INTC,INTC,59.630531311035156
2020-02-18,INTC,INTC,58.62887191772461
2020-02-19,INTC,INTC,59.48870849609375
2020-02-20,INTC,INTC,58.01722717285156
2020-02-21,INTC,INTC,57.03327178955078
2020-02-24,INTC,INTC,54.746273040771484
2020-02-25,INTC,INTC,52.94681167602539
2020-02-26,INTC,INTC,52.87590026855469
2020-02-27,INTC,INTC,49.48971176147461
2020-02-28,INTC,INTC,49.21492004394531
2020-03-02,INTC,INTC,51.57283401489258
2020-03-03,INTC,INTC,49.61381912231445
2020-03-04,INTC,INTC,52.01605987548828
2020-03-05,INTC,INTC,50.491371154785156
2020-03-06,INTC,INTC,49.43653106689453
2020-03-09,INTC,INTC,45.07526779174805
2020-03-10,INTC,INTC,47.84980010986328
2020-03-11,INTC,INTC,45.79328536987305
2020-03-12,INTC,INTC,40.3682861328125
2020-03-13,INTC,INTC,48.24869918823242
2020-03-16,INTC,INTC,39.54390335083008
2020-03-17,INTC,INTC,44.3927116394043
2020-03-18,INTC,INTC,42.20321273803711
2020-03-19,INTC,INTC,40.72286605834961
2020-03-20,INTC,INTC,40.62535858154297
2020-03-23,INTC,INTC,43.94948959350586
2020-03-24,INTC,INTC,46.44923782348633
2020-03-25,INTC,INTC,45.438697814941406
2020-03-26,INTC,INTC,49.23263931274414
2020-03-27,INTC,INTC,46.422645568847656
2020-03-30,INTC,INTC,49.18832778930664
2020-03-31,INTC,INTC,47.97390365600586
2020-04-01,INTC,INTC,45.98829650878906
2020-04-02,INTC,INTC,48.17778396606445
2020-04-03,INTC,INTC,47.98276901245117
2020-04-06,INTC,INTC,51.7944450378418
2020-04-07,INTC,INTC,51.76784896850586
2020-04-08,INTC,INTC,52.281978607177734
2020-04-09,INTC,INTC,50.65094757080078
2020-04-13,INTC,INTC,52.033782958984375
2020-04-14,INTC,INTC,53.77119445800781
2020-04-15,INTC,INTC,52.184478759765625
2020-04-16,INTC,INTC,53.886436462402344
2020-04-17,INTC,INTC,53.50526809692383
2020-04-20,INTC,INTC,52.459266662597656
2020-04-21,INTC,INTC,49.95951843261719
2020-04-22,INTC,INTC,53.27479553222656
2020-04-23,INTC,INTC,52.335182189941406
2020-04-24,INTC,INTC,52.530189514160156
2020-04-27,INTC,INTC,52.716339111328125
2020-04-28,INTC,INTC,52.07810592651367
2020-04-29,INTC,INTC,54.781734466552734
2020-04-30,INTC,INTC,53.168418884277344
2020-05-01,INTC,INTC,50.9434700012207
2020-05-04,INTC,INTC,51.404422760009766
2020-05-05,INTC,INTC,52.07810592651367
2020-05-06,INTC,INTC,52.75559997558594
2020-05-07,INTC,INTC,52.7466926574707
2020-05-08,INTC,INTC,53.192413330078125
2020-05-11,INTC,INTC,53.602481842041016
2020-05-12,INTC,INTC,52.051361083984375
2020-05-13,INTC,INTC,51.471923828125
2020-05-14,INTC,INTC,52.666465759277344
2020-05-15,INTC,INTC,51.953304290771484
2020-05-18,INTC,INTC,53.41526794433594
2020-05-19,INTC,INTC,53.74510955810547
2020-05-20,INTC,INTC,56.25005340576172
2020-05-21,INTC,INTC,55.25164794921875
2020-05-22,INTC,INTC,55.50124740600586
2020-05-26,INTC,INTC,55.57255554199219
2020-05-27,INTC,INTC,56.660133361816406
2020-05-28,INTC,INTC,55.002044677734375
2020-05-29,INTC,INTC,56.098514556884766
2020-06-01,INTC,INTC,55.14466857910156
2020-06-02,INTC,INTC,55.376441955566406
2020-06-03,INTC,INTC,55.207069396972656
2020-06-04,INTC,INTC,56.13417434692383
2020-06-05,INTC,INTC,57.355438232421875
2020-06-08,INTC,INTC,56.758182525634766
2020-06-09,INTC,INTC,56.196571350097656
2020-06-10,INTC,INTC,56.936466217041016
2020-06-11,INTC,INTC,53.21915054321289
2020-06-12,INTC,INTC,52.88932418823242
2020-06-15,INTC,INTC,53.57573699951172
2020-06-16,INTC,INTC,53.84315872192383
2020-06-17,INTC,INTC,53.92338943481445
2020-06-18,INTC,INTC,53.55789566040039
2020-06-19,INTC,INTC,53.1478271484375
2020-06-22,INTC,INTC,53.56681823730469
2020-06-23,INTC,INTC,53.41526794433594
2020-06-24,INTC,INTC,52.67537307739258
2020-06-25,INTC,INTC,52.15833282470703
2020-06-26,INTC,INTC,51.25798034667969
2020-06-29,INTC,INTC,51.94438934326172
2020-06-30,INTC,INTC,53.33503723144531
2020-07-01,INTC,INTC,52.4257698059082
2020-07-02,INTC,INTC,52.711036682128906
2020-07-06,INTC,INTC,53.07652282714844
2020-07-07,INTC,INTC,51.98004913330078
2020-07-08,INTC,INTC,52.247474670410156
2020-07-09,INTC,INTC,52.07810592651367
2020-07-10,INTC,INTC,53.06760025024414
2020-07-13,INTC,INTC,52.22073745727539
2020-07-14,INTC,INTC,52.57730484008789
2020-07-15,INTC,INTC,52.62188720703125
2020-07-16,INTC,INTC,52.71993637084961
2020-07-17,INTC,INTC,53.48658752441406
2020-07-20,INTC,INTC,54.51174545288086
2020-07-21,INTC,INTC,54.110599517822266
2020-07-22,INTC,INTC,54.422603607177734
2020-07-23,INTC,INTC,53.84315872192383
2020-07-24,INTC,INTC,45.098106384277344
2020-07-27,INTC,INTC,44.18882751464844
2020-07-28,INTC,INTC,43.89466094970703
2020-07-29,INTC,INTC,42.85166549682617
2020-07-30,INTC,INTC,42.780357360839844
2020-07-31,INTC,INTC,42.548580169677734
2020-08-03,INTC,INTC,43.056697845458984
2020-08-04,INTC,INTC,43.79660415649414
2020-08-05,INTC,INTC,43.609397888183594
2020-08-06,INTC,INTC,43.59144592285156
2020-08-07,INTC,INTC,43.10679244995117
2020-08-10,INTC,INTC,44.17482376098633
2020-08-11,INTC,INTC,43.250396728515625
2020-08-12,INTC,INTC,44.147891998291016
2020-08-13,INTC,INTC,43.58246994018555
2020-08-14,INTC,INTC,43.8786506652832
2020-08-17,INTC,INTC,43.91454315185547
2020-08-18,INTC,INTC,43.663238525390625
2020-08-19,INTC,INTC,43.37605285644531
2020-08-20,INTC,INTC,44.12993621826172
2020-08-21,INTC,INTC,44.22867202758789
2020-08-24,INTC,INTC,44.103023529052734
2020-08-25,INTC,INTC,44.36329650878906
2020-08-26,INTC,INTC,44.47099304199219
2020-08-27,INTC,INTC,44.336368560791016
2020-08-28,INTC,INTC,45.26078796386719
2020-08-31,INTC,INTC,45.72749328613281
2020-09-01,INTC,INTC,45.58388900756836
2020-09-02,INTC,INTC,46.89423751831055
2020-09-03,INTC,INTC,45.22488784790039
2020-09-04,INTC,INTC,44.946678161621094
2020-09-08,INTC,INTC,43.89659118652344
2020-09-09,INTC,INTC,44.53382873535156
2020-09-10,INTC,INTC,43.94146728515625
2020-09-11,INTC,INTC,44.22867202758789
2020-09-14,INTC,INTC,44.34534454345703
2020-09-15,INTC,INTC,44.87486267089844
2020-09-16,INTC,INTC,45.206939697265625
2020-09-17,INTC,INTC,45.16206359863281
2020-09-18,INTC,INTC,44.77613830566406
2020-09-21,INTC,INTC,44.62356948852539
2020-09-22,INTC,INTC,44.83000183105469
2020-09-23,INTC,INTC,43.81582260131836
2020-09-24,INTC,INTC,44.120967864990234
2020-09-25,INTC,INTC,44.821014404296875
2020-09-28,INTC,INTC,46.15828323364258
2020-09-29,INTC,INTC,45.9428825378418
2020-09-30,INTC,INTC,46.472412109375
2020-10-01,INTC,INTC,46.88526153564453
2020-10-02,INTC,INTC,45.78134536743164
2020-10-05,INTC,INTC,46.39163589477539
2020-10-06,INTC,INTC,46.104434967041016
2020-10-07,INTC,INTC,47.27117919921875
2020-10-08,INTC,INTC,47.89943313598633
2020-10-09,INTC,INTC,47.40580749511719
2020-10-12,INTC,INTC,48.35715866088867
2020-10-13,INTC,INTC,48.31228256225586
2020-10-14,INTC,INTC,48.060977935791016
2020-10-15,INTC,INTC,48.330223083496094
2020-10-16,INTC,INTC,48.608455657958984
2020-10-19,INTC,INTC,48.98540115356445
2020-10-20,INTC,INTC,47.953285217285156
2020-10-21,INTC,INTC,48.016109466552734
2020-10-22,INTC,INTC,48.37511444091797
2020-10-23,INTC,INTC,43.25936508178711
2020-10-26,INTC,INTC,41.93107986450195
2020-10-27,INTC,INTC,40.9617805480957
2020-10-28,INTC,INTC,39.71426010131836
2020-10-29,INTC,INTC,39.58860778808594
2020-10-30,INTC,INTC,39.74118423461914
2020-11-02,INTC,INTC,39.90272903442383
2020-11-03,INTC,INTC,40.25275802612305
2020-11-04,INTC,INTC,41.015628814697266
2020-11-05,INTC,INTC,41.295875549316406
2020-11-06,INTC,INTC,41.03370666503906
2020-11-09,INTC,INTC,41.22355270385742
2020-11-10,INTC,INTC,41.07891082763672
2020-11-11,INTC,INTC,41.901573181152344
2020-11-12,INTC,INTC,40.63593292236328
2020-11-13,INTC,INTC,41.096988677978516
2020-11-16,INTC,INTC,41.756935119628906
2020-11-17,INTC,INTC,41.1602668762207
2020-11-18,INTC,INTC,40.73537826538086
2020-11-19,INTC,INTC,41.24162673950195
2020-11-20,INTC,INTC,41.03370666503906
2020-11-23,INTC,INTC,41.639404296875
2020-11-24,INTC,INTC,42.49822998046875
2020-11-25,INTC,INTC,42.534393310546875
2020-11-27,INTC,INTC,42.89600372314453
2020-11-30,INTC,INTC,43.70962905883789
2020-12-01,INTC,INTC,44.803489685058594
2020-12-02,INTC,INTC,45.110862731933594
2020-12-03,INTC,INTC,46.096256256103516
2020-12-04,INTC,INTC,47.00027847290039
2020-12-07,INTC,INTC,45.382080078125
2020-12-08,INTC,INTC,45.82504653930664
2020-12-09,INTC,INTC,45.26454544067383
2020-12-10,INTC,INTC,45.43631362915039
2020-12-11,INTC,INTC,44.957183837890625
2020-12-14,INTC,INTC,45.626155853271484
2020-12-15,INTC,INTC,45.80696105957031
2020-12-16,INTC,INTC,46.213768005371094
2020-12-17,INTC,INTC,45.78887939453125
2020-12-18,INTC,INTC,42.90504455566406
2020-12-21,INTC,INTC,41.91061019897461
2020-12-22,INTC,INTC,41.73884963989258
2020-12-23,INTC,INTC,42.1004638671875
2020-12-24,INTC,INTC,42.55247116088867
2020-12-28,INTC,INTC,42.55247116088867
2020-12-29,INTC,INTC,44.649810791015625
2020-12-30,INTC,INTC,44.07123565673828
2020-12-31,INTC,INTC,45.038543701171875
2021-01-04,INTC,INTC,44.90293502807617
2021-01-05,INTC,INTC,45.75272750854492
2021-01-06,INTC,INTC,46.1956901550293
2021-01-07,INTC,INTC,47.18108367919922
2021-01-08,INTC,INTC,46.69290542602539
2021-01-11,INTC,INTC,46.59347152709961
2021-01-12,INTC,INTC,48.13030242919922
2021-01-13,INTC,INTC,51.4842414855957
2021-01-14,INTC,INTC,53.56349563598633
2021-01-15,INTC,INTC,52.05377960205078
2021-01-19,INTC,INTC,52.4244270324707
2021-01-20,INTC,INTC,53.03916549682617
2021-01-21,INTC,INTC,56.465415954589844
2021-01-22,INTC,INTC,51.22207260131836
2021-01-25,INTC,INTC,50.119163513183594
2021-01-26,INTC,INTC,49.91123580932617
2021-01-27,INTC,INTC,48.44670867919922
2021-01-28,INTC,INTC,50.68870162963867
2021-01-29,INTC,INTC,50.18244934082031
2021-02-01,INTC,INTC,51.24919509887695
2021-02-02,INTC,INTC,52.43346405029297
2021-02-03,INTC,INTC,52.14418029785156
2021-02-04,INTC,INTC,53.470252990722656
2021-02-05,INTC,INTC,52.91545104980469
2021-02-08,INTC,INTC,53.8067626953125
2021-02-09,INTC,INTC,53.46116256713867
2021-02-10,INTC,INTC,53.53392028808594
2021-02-11,INTC,INTC,55.17103576660156
2021-02-12,INTC,INTC,56.21697998046875
2021-02-16,INTC,INTC,56.81725311279297
2021-02-17,INTC,INTC,56.25335693359375
2021-02-18,INTC,INTC,56.035072326660156
2021-02-19,INTC,INTC,57.30839157104492
2021-02-22,INTC,INTC,55.21650695800781
2021-02-23,INTC,INTC,55.58939743041992
2021-02-24,INTC,INTC,57.47210693359375
2021-02-25,INTC,INTC,54.9345703125
2021-02-26,INTC,INTC,55.280181884765625
2021-03-01,INTC,INTC,57.190155029296875
2021-03-02,INTC,INTC,55.69856262207031
2021-03-03,INTC,INTC,54.47980880737305
2021-03-04,INTC,INTC,53.05187225341797
2021-03-05,INTC,INTC,55.24379348754883
2021-03-08,INTC,INTC,54.434329986572266
2021-03-09,INTC,INTC,56.99916076660156
2021-03-10,INTC,INTC,56.61716079711914
2021-03-11,INTC,INTC,57.58124923706055
2021-03-12,INTC,INTC,57.20834732055664
2021-03-15,INTC,INTC,58.017818450927734
2021-03-16,INTC,INTC,58.91823959350586
2021-03-17,INTC,INTC,59.827735900878906
2021-03-18,INTC,INTC,57.96324157714844
2021-03-19,INTC,INTC,57.99052810668945
2021-03-22,INTC,INTC,59.691314697265625
2021-03-23,INTC,INTC,57.73586654663086
2021-03-24,INTC,INTC,56.42616653442383
2021-03-25,INTC,INTC,56.407981872558594
2021-03-26,INTC,INTC,59.00008773803711
2021-03-29,INTC,INTC,58.66356658935547
2021-03-30,INTC,INTC,57.99961853027344
2021-03-31,INTC,INTC,58.20880889892578
2021-04-01,INTC,INTC,58.709049224853516
2021-04-05,INTC,INTC,60.51897430419922
2021-04-06,INTC,INTC,59.62765121459961
2021-04-07,INTC,INTC,60.25520324707031
2021-04-08,INTC,INTC,60.98283004760742
2021-04-09,INTC,INTC,62.083335876464844
2021-04-12,INTC,INTC,59.4912223815918
2021-04-13,INTC,INTC,59.31841278076172
2021-04-14,INTC,INTC,58.38161849975586
2021-04-15,INTC,INTC,59.136512756347656
2021-04-16,INTC,INTC,58.890933990478516
2021-04-19,INTC,INTC,57.872291564941406
2021-04-20,INTC,INTC,57.02643966674805
2021-04-21,INTC,INTC,57.93595886230469
2021-04-22,INTC,INTC,56.908206939697266
2021-04-23,INTC,INTC,53.87953567504883
2021-04-26,INTC,INTC,53.44295883178711
2021-04-27,INTC,INTC,52.72444534301758
2021-04-28,INTC,INTC,52.40611267089844
2021-04-29,INTC,INTC,53.00638961791992
2021-04-30,INTC,INTC,52.32425308227539
2021-05-03,INTC,INTC,52.07869338989258
2021-05-04,INTC,INTC,51.75127410888672
2021-05-05,INTC,INTC,51.70579528808594
2021-05-06,INTC,INTC,52.33538818359375
2021-05-07,INTC,INTC,52.774654388427734
2021-05-10,INTC,INTC,51.218955993652344
2021-05-11,INTC,INTC,50.36790466308594
2021-05-12,INTC,INTC,49.068424224853516
2021-05-13,INTC,INTC,49.425323486328125
2021-05-14,INTC,INTC,50.651588439941406
2021-05-17,INTC,INTC,50.63328552246094
2021-05-18,INTC,INTC,50.184871673583984
2021-05-19,INTC,INTC,50.660728454589844
2021-05-20,INTC,INTC,51.20064926147461
2021-05-21,INTC,INTC,51.319618225097656
2021-05-24,INTC,INTC,52.12491989135742
2021-05-25,INTC,INTC,52.04255294799805
2021-05-26,INTC,INTC,52.088314056396484
2021-05-27,INTC,INTC,52.82955551147461
2021-05-28,INTC,INTC,52.271331787109375
2021-06-01,INTC,INTC,52.06086349487305
2021-06-02,INTC,INTC,52.60078430175781
2021-06-03,INTC,INTC,51.46603775024414
2021-06-04,INTC,INTC,52.5001106262207
2021-06-07,INTC,INTC,52.2438850402832
2021-06-08,INTC,INTC,52.161521911621094
2021-06-09,INTC,INTC,52.161521911621094
2021-06-10,INTC,INTC,52.50926971435547
2021-06-11,INTC,INTC,52.939369201660156
2021-06-14,INTC,INTC,53.25050735473633
2021-06-15,INTC,INTC,53.06748580932617
2021-06-16,INTC,INTC,52.36284637451172
2021-06-17,INTC,INTC,52.32624053955078
2021-06-18,INTC,INTC,50.94442367553711
2021-06-21,INTC,INTC,51.12744140625
2021-06-22,INTC,INTC,51.12744140625
2021-06-23,INTC,INTC,50.5692253112793
2021-06-24,INTC,INTC,51.31046676635742
2021-06-25,INTC,INTC,51.1640510559082
2021-06-28,INTC,INTC,52.60078430175781
2021-06-29,INTC,INTC,51.9327392578125
2021-06-30,INTC,INTC,51.37451934814453
2021-07-01,INTC,INTC,51.25555419921875
2021-07-02,INTC,INTC,51.94188690185547
2021-07-06,INTC,INTC,51.328773498535156
2021-07-07,INTC,INTC,51.20980453491211
2021-07-08,INTC,INTC,50.68819046020508
2021-07-09,INTC,INTC,51.23725891113281
2021-07-12,INTC,INTC,51.9144401550293
2021-07-13,INTC,INTC,52.04255294799805
2021-07-14,INTC,INTC,51.722267150878906
2021-07-15,INTC,INTC,51.07253646850586
2021-07-16,INTC,INTC,50.303836822509766
2021-07-19,INTC,INTC,50.00185775756836
2021-07-20,INTC,INTC,50.55092239379883
2021-07-21,INTC,INTC,51.45688247680664
2021-07-22,INTC,INTC,51.20980453491211
2021-07-23,INTC,INTC,48.50105667114258
2021-07-26,INTC,INTC,49.69987487792969
2021-07-27,INTC,INTC,48.6657829284668
2021-07-28,INTC,INTC,48.565120697021484
2021-07-29,INTC,INTC,49.14164733886719
2021-07-30,INTC,INTC,49.159950256347656
2021-08-02,INTC,INTC,49.12334442138672
2021-08-03,INTC,INTC,49.4710807800293
2021-08-04,INTC,INTC,49.32466506958008
2021-08-05,INTC,INTC,49.635986328125
2021-08-06,INTC,INTC,49.663612365722656
2021-08-09,INTC,INTC,49.78335189819336
2021-08-10,INTC,INTC,49.68203353881836
2021-08-11,INTC,INTC,49.86624526977539
2021-08-12,INTC,INTC,49.3136100769043
2021-08-13,INTC,INTC,49.26755905151367
2021-08-16,INTC,INTC,49.2491455078125
2021-08-17,INTC,INTC,48.53070831298828
2021-08-18,INTC,INTC,48.0701789855957
2021-08-19,INTC,INTC,48.30044937133789
2021-08-20,INTC,INTC,47.904388427734375
2021-08-23,INTC,INTC,49.02809143066406
2021-08-24,INTC,INTC,49.56230163574219
2021-08-25,INTC,INTC,49.56230163574219
2021-08-26,INTC,INTC,48.93598175048828
2021-08-27,INTC,INTC,49.635986328125
2021-08-30,INTC,INTC,49.68203353881836
2021-08-31,INTC,INTC,49.79256057739258
2021-09-01,INTC,INTC,49.433349609375
2021-09-02,INTC,INTC,49.488624572753906
2021-09-03,INTC,INTC,49.285980224609375
2021-09-07,INTC,INTC,49.41493606567383
2021-09-08,INTC,INTC,49.341243743896484
2021-09-09,INTC,INTC,49.18466567993164
2021-09-10,INTC,INTC,49.589935302734375
2021-09-13,INTC,INTC,50.64916229248047
2021-09-14,INTC,INTC,50.216251373291016
2021-09-15,INTC,INTC,50.76889419555664
2021-09-16,INTC,INTC,50.50178527832031
2021-09-17,INTC,INTC,49.97677993774414
2021-09-20,INTC,INTC,48.797821044921875
2021-09-21,INTC,INTC,48.69649887084961
2021-09-22,INTC,INTC,49.27677536010742
2021-09-23,INTC,INTC,49.764930725097656
2021-09-24,INTC,INTC,49.939937591552734
2021-09-27,INTC,INTC,50.34520721435547
2021-09-28,INTC,INTC,49.7373046875
2021-09-29,INTC,INTC,49.26755905151367
2021-09-30,INTC,INTC,49.07413864135742
2021-10-01,INTC,INTC,49.608360290527344
2021-10-04,INTC,INTC,49.2491455078125
2021-10-05,INTC,INTC,49.691253662109375
2021-10-06,INTC,INTC,49.718875885009766
2021-10-07,INTC,INTC,49.90309143066406
2021-10-08,INTC,INTC,49.56230163574219
2021-10-11,INTC,INTC,49.22150802612305
2021-10-12,INTC,INTC,48.051753997802734
2021-10-13,INTC,INTC,48.13465118408203
2021-10-14,INTC,INTC,49.64519500732422
2021-10-15,INTC,INTC,50.16098403930664
2021-10-18,INTC,INTC,50.17020034790039
2021-10-19,INTC,INTC,50.851783752441406
2021-10-20,INTC,INTC,50.999149322509766
2021-10-21,INTC,INTC,51.579429626464844
2021-10-22,INTC,INTC,45.55568313598633
2021-10-25,INTC,INTC,45.5096321105957
2021-10-26,INTC,INTC,44.46883010864258
2021-10-27,INTC,INTC,44.109619140625
2021-10-28,INTC,INTC,44.28461837768555
2021-10-29,INTC,INTC,45.131996154785156
2021-11-01,INTC,INTC,45.63858413696289
2021-11-02,INTC,INTC,45.924110412597656
2021-11-03,INTC,INTC,46.41227340698242
2021-11-04,INTC,INTC,46.66083526611328
2021-11-05,INTC,INTC,47.226585388183594
2021-11-08,INTC,INTC,47.810890197753906
2021-11-09,INTC,INTC,47.48627853393555
2021-11-10,INTC,INTC,47.078189849853516
2021-11-11,INTC,INTC,46.864871978759766
2021-11-12,INTC,INTC,46.66083526611328
2021-11-15,INTC,INTC,46.67011260986328
2021-11-16,INTC,INTC,46.93907928466797
2021-11-17,INTC,INTC,46.58664321899414
2021-11-18,INTC,INTC,46.0765380859375
2021-11-19,INTC,INTC,45.928131103515625
2021-11-22,INTC,INTC,46.21564865112305
2021-11-23,INTC,INTC,45.538597106933594
2021-11-24,INTC,INTC,46.15072250366211
2021-11-26,INTC,INTC,45.2418098449707
2021-11-29,INTC,INTC,46.37331771850586
2021-11-30,INTC,INTC,45.631343841552734
2021-12-01,INTC,INTC,45.074859619140625
2021-12-02,INTC,INTC,45.909584045410156
2021-12-03,INTC,INTC,45.67771530151367
2021-12-06,INTC,INTC,47.29150390625
2021-12-07,INTC,INTC,48.756900787353516
2021-12-08,INTC,INTC,47.99638366699219
2021-12-09,INTC,INTC,46.81850051879883
2021-12-10,INTC,INTC,46.920528411865234
2021-12-13,INTC,INTC,46.37331771850586
2021-12-14,INTC,INTC,46.0950813293457
2021-12-15,INTC,INTC,46.99471664428711
2021-12-16,INTC,INTC,47.14311218261719
2021-12-17,INTC,INTC,46.94834899902344
2021-12-20,INTC,INTC,46.0023307800293
2021-12-21,INTC,INTC,47.087467193603516
2021-12-22,INTC,INTC,47.2729606628418
2021-12-23,INTC,INTC,47.58830261230469
2021-12-27,INTC,INTC,48.1725959777832
2021-12-28,INTC,INTC,48.00565719604492
2021-12-29,INTC,INTC,48.07058334350586
2021-12-30,INTC,INTC,47.987117767333984
2021-12-31,INTC,INTC,47.76451873779297
2022-01-03,INTC,INTC,49.350486755371094
2022-01-04,INTC,INTC,49.28556442260742
2022-01-05,INTC,INTC,49.962608337402344
2022-01-06,INTC,INTC,50.09246063232422
2022-01-07,INTC,INTC,49.56379699707031
2022-01-10,INTC,INTC,51.20541000366211
2022-01-11,INTC,INTC,51.854644775390625
2022-01-12,INTC,INTC,51.69697952270508
2022-01-13,INTC,INTC,50.954994201660156
2022-01-14,INTC,INTC,51.65987777709961
2022-01-18,INTC,INTC,50.788063049316406
2022-01-19,INTC,INTC,49.73073959350586
2022-01-20,INTC,INTC,48.26535415649414
2022-01-21,INTC,INTC,48.26535415649414
2022-01-24,INTC,INTC,48.1725959777832
2022-01-25,INTC,INTC,47.300785064697266
2022-01-26,INTC,INTC,47.940738677978516
2022-01-27,INTC,INTC,44.56475830078125
2022-01-28,INTC,INTC,44.26796340942383
2022-01-31,INTC,INTC,45.27891159057617
2022-02-01,INTC,INTC,45.399478912353516
2022-02-02,INTC,INTC,45.91884994506836
2022-02-03,INTC,INTC,44.778076171875
2022-02-04,INTC,INTC,44.866859436035156
2022-02-07,INTC,INTC,45.025733947753906
2022-02-08,INTC,INTC,45.61448669433594
2022-02-09,INTC,INTC,46.6424674987793
2022-02-10,INTC,INTC,45.66121292114258
2022-02-11,INTC,INTC,44.511741638183594
2022-02-14,INTC,INTC,44.46501159667969
2022-02-15,INTC,INTC,45.26870346069336
2022-02-16,INTC,INTC,45.07245635986328
2022-02-17,INTC,INTC,44.455657958984375
2022-02-18,INTC,INTC,42.0912971496582
2022-02-22,INTC,INTC,41.764217376708984
2022-02-23,INTC,INTC,41.726829528808594
2022-02-24,INTC,INTC,43.661319732666016
2022-02-25,INTC,INTC,44.58650207519531
2022-02-28,INTC,INTC,44.577152252197266
2022-03-01,INTC,INTC,43.754764556884766
2022-03-02,INTC,INTC,45.67055130004883
2022-03-03,INTC,INTC,44.7921028137207
2022-03-04,INTC,INTC,44.92293167114258
2022-03-07,INTC,INTC,44.55845642089844
2022-03-08,INTC,INTC,44.39024353027344
2022-03-09,INTC,INTC,44.511741638183594
2022-03-10,INTC,INTC,43.60523986816406
2022-03-11,INTC,INTC,42.82958221435547
2022-03-14,INTC,INTC,41.493202209472656
2022-03-15,INTC,INTC,41.87635803222656
2022-03-16,INTC,INTC,43.57720184326172
2022-03-17,INTC,INTC,44.05381393432617
2022-03-18,INTC,INTC,44.34352111816406
2022-03-21,INTC,INTC,44.28744125366211
2022-03-22,INTC,INTC,45.22198486328125
2022-03-23,INTC,INTC,45.109832763671875
2022-03-24,INTC,INTC,48.240516662597656
2022-03-25,INTC,INTC,48.436767578125
2022-03-28,INTC,INTC,48.13771057128906
2022-03-29,INTC,INTC,48.82927322387695
2022-03-30,INTC,INTC,48.062957763671875
2022-03-31,INTC,INTC,46.315391540527344
2022-04-01,INTC,INTC,44.96031188964844
2022-04-04,INTC,INTC,45.97895050048828
2022-04-05,INTC,INTC,44.979000091552734
2022-04-06,INTC,INTC,44.42763137817383
2022-04-07,INTC,INTC,44.44632339477539
2022-04-08,INTC,INTC,43.941673278808594
2022-04-11,INTC,INTC,43.5211296081543
2022-04-12,INTC,INTC,43.455718994140625
2022-04-13,INTC,INTC,43.93232727050781
2022-04-14,INTC,INTC,42.6800537109375
2022-04-18,INTC,INTC,43.5865478515625
2022-04-19,INTC,INTC,44.7921028137207
2022-04-20,INTC,INTC,44.96031188964844
2022-04-21,INTC,INTC,44.39024353027344
2022-04-22,INTC,INTC,43.493099212646484
2022-04-25,INTC,INTC,43.97904968261719
2022-04-26,INTC,INTC,42.53987121582031
2022-04-27,INTC,INTC,42.25951385498047
2022-04-28,INTC,INTC,43.77345275878906
2022-04-29,INTC,INTC,40.736228942871094
2022-05-02,INTC,INTC,42.01653289794922
2022-05-03,INTC,INTC,42.1099853515625
2022-05-04,INTC,INTC,43.493099212646484
2022-05-05,INTC,INTC,42.00957489013672
2022-05-06,INTC,INTC,41.726993560791016
2022-05-09,INTC,INTC,40.56843566894531
2022-05-10,INTC,INTC,41.45383834838867
2022-05-11,INTC,INTC,40.342384338378906
2022-05-12,INTC,INTC,40.35179138183594
2022-05-13,INTC,INTC,41.067657470703125
2022-05-16,INTC,INTC,40.57786560058594
2022-05-17,INTC,INTC,41.82119369506836
2022-05-18,INTC,INTC,39.89025115966797
2022-05-19,INTC,INTC,39.57000732421875
2022-05-20,INTC,INTC,39.23091506958008
2022-05-23,INTC,INTC,39.56058120727539
2022-05-24,INTC,INTC,39.249752044677734
2022-05-25,INTC,INTC,39.74897384643555
2022-05-26,INTC,INTC,40.95462417602539
2022-05-27,INTC,INTC,41.96247482299805
2022-05-31,INTC,INTC,41.84002685546875
2022-06-01,INTC,INTC,41.54803466796875
2022-06-02,INTC,INTC,42.23563003540039
2022-06-03,INTC,INTC,40.869850158691406
2022-06-06,INTC,INTC,40.82276153564453
2022-06-07,INTC,INTC,41.0017204284668
2022-06-08,INTC,INTC,38.83530807495117
2022-06-09,INTC,INTC,37.68616485595703
2022-06-10,INTC,INTC,36.90436935424805
2022-06-13,INTC,INTC,35.576271057128906
2022-06-14,INTC,INTC,35.72697830200195
2022-06-15,INTC,INTC,36.4051628112793
2022-06-16,INTC,INTC,35.171241760253906
2022-06-17,INTC,INTC,34.82273483276367
2022-06-21,INTC,INTC,35.538597106933594
2022-06-22,INTC,INTC,35.208919525146484
2022-06-23,INTC,INTC,35.237178802490234
2022-06-24,INTC,INTC,36.36748504638672
2022-06-27,INTC,INTC,36.386322021484375
2022-06-28,INTC,INTC,35.58568572998047
2022-06-29,INTC,INTC,35.12415313720703
2022-06-30,INTC,INTC,35.237178802490234
2022-07-01,INTC,INTC,34.22932434082031
2022-07-05,INTC,INTC,34.55899429321289
2022-07-06,INTC,INTC,34.84157943725586
2022-07-07,INTC,INTC,35.92478561401367
2022-07-08,INTC,INTC,35.78349304199219
2022-07-11,INTC,INTC,35.03937911987305
2022-07-12,INTC,INTC,35.048797607421875
2022-07-13,INTC,INTC,35.048797607421875
2022-07-14,INTC,INTC,35.51975631713867
2022-07-15,INTC,INTC,36.376895904541016
2022-07-18,INTC,INTC,36.461673736572266
2022-07-19,INTC,INTC,37.883968353271484
2022-07-20,INTC,INTC,38.2042236328125
2022-07-21,INTC,INTC,38.251319885253906
2022-07-22,INTC,INTC,36.9232177734375
2022-07-25,INTC,INTC,36.88553237915039
2022-07-26,INTC,INTC,36.6971549987793
2022-07-27,INTC,INTC,37.846290588378906
2022-07-28,INTC,INTC,37.403594970703125
2022-07-29,INTC,INTC,34.201072692871094
2022-08-01,INTC,INTC,34.81331253051758
2022-08-02,INTC,INTC,33.91848373413086
2022-08-03,INTC,INTC,34.39887619018555
2022-08-04,INTC,INTC,33.927913665771484
2022-08-05,INTC,INTC,33.671024322509766
2022-08-08,INTC,INTC,33.66151428222656
2022-08-09,INTC,INTC,32.843292236328125
2022-08-10,INTC,INTC,33.65200424194336
2022-08-11,INTC,INTC,33.86131286621094
2022-08-12,INTC,INTC,34.356056213378906
2022-08-15,INTC,INTC,34.57488250732422
2022-08-16,INTC,INTC,34.432167053222656
2022-08-17,INTC,INTC,34.042083740234375
2022-08-18,INTC,INTC,34.441688537597656
2022-08-19,INTC,INTC,33.66151428222656
2022-08-22,INTC,INTC,32.196319580078125
2022-08-23,INTC,INTC,32.30097961425781
2022-08-24,INTC,INTC,32.2153434753418
2022-08-25,INTC,INTC,33.1953125
2022-08-26,INTC,INTC,31.73963737487793
2022-08-29,INTC,INTC,31.340028762817383
2022-08-30,INTC,INTC,30.69305992126465
2022-08-31,INTC,INTC,30.36957359313965
2022-09-01,INTC,INTC,30.21734619140625
2022-09-02,INTC,INTC,29.70357322692871
2022-09-06,INTC,INTC,28.88534927368164
2022-09-07,INTC,INTC,29.1612606048584
2022-09-08,INTC,INTC,29.256404876708984
2022-09-09,INTC,INTC,29.931915283203125
2022-09-12,INTC,INTC,30.02705955505371
2022-09-13,INTC,INTC,27.867321014404297
2022-09-14,INTC,INTC,27.76266098022461
2022-09-15,INTC,INTC,27.439176559448242
2022-09-16,INTC,INTC,27.819746017456055
2022-09-19,INTC,INTC,28.010034561157227
2022-09-20,INTC,INTC,27.553346633911133
2022-09-21,INTC,INTC,27.087146759033203
2022-09-22,INTC,INTC,26.706575393676758
2022-09-23,INTC,INTC,26.183290481567383
2022-09-26,INTC,INTC,25.660003662109375
2022-09-27,INTC,INTC,25.583890914916992
2022-09-28,INTC,INTC,25.81223487854004
2022-09-29,INTC,INTC,25.098663330078125
2022-09-30,INTC,INTC,24.518293380737305
2022-10-03,INTC,INTC,25.660003662109375
2022-10-04,INTC,INTC,26.35454750061035
2022-10-05,INTC,INTC,26.29746437072754
2022-10-06,INTC,INTC,25.859804153442383
2022-10-07,INTC,INTC,24.470720291137695
2022-10-10,INTC,INTC,23.975984573364258
2022-10-11,INTC,INTC,23.82375144958496
2022-10-12,INTC,INTC,24.09966468811035
2022-10-13,INTC,INTC,25.136720657348633
2022-10-14,INTC,INTC,24.6514949798584
2022-10-17,INTC,INTC,25.136720657348633
2022-10-18,INTC,INTC,24.613439559936523
2022-10-19,INTC,INTC,24.73712158203125
2022-10-20,INTC,INTC,24.813236236572266
2022-10-21,INTC,INTC,25.660003662109375
2022-10-24,INTC,INTC,25.859804153442383
2022-10-25,INTC,INTC,26.078630447387695
2022-10-26,INTC,INTC,25.888349533081055
2022-10-27,INTC,INTC,24.994009017944336
2022-10-28,INTC,INTC,27.658002853393555
2022-10-31,INTC,INTC,27.04909324645996
2022-11-01,INTC,INTC,26.925403594970703
2022-11-02,INTC,INTC,26.088150024414062
2022-11-03,INTC,INTC,26.05960464477539
2022-11-04,INTC,INTC,27.19263458251953
2022-11-07,INTC,INTC,27.395130157470703
2022-11-08,INTC,INTC,27.46263313293457
2022-11-09,INTC,INTC,26.53692626953125
2022-11-10,INTC,INTC,28.69690704345703
2022-11-11,INTC,INTC,29.342973709106445
2022-11-14,INTC,INTC,29.265830993652344
2022-11-15,INTC,INTC,29.612972259521484
2022-11-16,INTC,INTC,28.475122451782227
2022-11-17,INTC,INTC,28.822263717651367
2022-11-18,INTC,INTC,28.802976608276367
2022-11-21,INTC,INTC,27.906200408935547
2022-11-22,INTC,INTC,28.754762649536133
2022-11-23,INTC,INTC,28.610122680664062
2022-11-25,INTC,INTC,28.291912078857422
2022-11-28,INTC,INTC,27.70370101928711
2022-11-29,INTC,INTC,27.86762809753418
2022-11-30,INTC,INTC,28.995832443237305
2022-12-01,INTC,INTC,28.764406204223633
2022-12-02,INTC,INTC,28.35940933227539
2022-12-05,INTC,INTC,28.12798309326172
2022-12-06,INTC,INTC,27.57834243774414
2022-12-07,INTC,INTC,27.317989349365234
2022-12-08,INTC,INTC,27.424060821533203
2022-12-09,INTC,INTC,27.231204986572266
2022-12-12,INTC,INTC,27.665132522583008
2022-12-13,INTC,INTC,27.70370101928711
2022-12-14,INTC,INTC,27.250492095947266
2022-12-15,INTC,INTC,26.180139541625977
2022-12-16,INTC,INTC,25.958356857299805
2022-12-19,INTC,INTC,25.8330020904541
2022-12-20,INTC,INTC,25.495506286621094
2022-12-21,INTC,INTC,25.87157440185547
2022-12-22,INTC,INTC,25.042293548583984
2022-12-23,INTC,INTC,25.158008575439453
2022-12-27,INTC,INTC,25.01336669921875
2022-12-28,INTC,INTC,24.627656936645508
2022-12-29,INTC,INTC,25.273719787597656
2022-12-30,INTC,INTC,25.485862731933594
2023-01-03,INTC,INTC,25.775142669677734
2023-01-04,INTC,INTC,26.69120979309082
2023-01-05,INTC,INTC,26.57549476623535
2023-01-06,INTC,INTC,27.70370101928711
2023-01-09,INTC,INTC,28.262981414794922
2023-01-10,INTC,INTC,28.388338088989258
2023-01-11,INTC,INTC,28.78369140625
2023-01-12,INTC,INTC,29.20797348022461
2023-01-13,INTC,INTC,29.034404754638672
2023-01-17,INTC,INTC,28.54262351989746
2023-01-18,INTC,INTC,27.780841827392578
2023-01-19,INTC,INTC,27.404775619506836
2023-01-20,INTC,INTC,28.17619514465332
2023-01-23,INTC,INTC,29.188688278198242
2023-01-24,INTC,INTC,28.85118865966797
2023-01-25,INTC,INTC,28.63905143737793
2023-01-26,INTC,INTC,29.015119552612305
2023-01-27,INTC,INTC,27.15406036376953
2023-01-30,INTC,INTC,26.951562881469727
2023-01-31,INTC,INTC,27.250492095947266
2023-02-01,INTC,INTC,28.031553268432617
2023-02-02,INTC,INTC,29.111543655395508
2023-02-03,INTC,INTC,29.236902236938477
2023-02-06,INTC,INTC,28.002229690551758
2023-02-07,INTC,INTC,28.353593826293945
2023-02-08,INTC,INTC,27.56301498413086
2023-02-09,INTC,INTC,27.065237045288086
2023-02-10,INTC,INTC,27.133563995361328
2023-02-13,INTC,INTC,27.865581512451172
2023-02-14,INTC,INTC,27.95342445373535
2023-02-15,INTC,INTC,28.158390045166016
2023-02-16,INTC,INTC,27.52397346496582
2023-02-17,INTC,INTC,26.948116302490234
2023-02-21,INTC,INTC,25.435274124145508
2023-02-22,INTC,INTC,24.859416961669922
2023-02-23,INTC,INTC,24.996061325073242
2023-02-24,INTC,INTC,24.537328720092773
2023-02-27,INTC,INTC,24.303081512451172
2023-02-28,INTC,INTC,24.332365036010742
2023-03-01,INTC,INTC,24.722776412963867
2023-03-02,INTC,INTC,25.57192039489746
2023-03-03,INTC,INTC,25.76712417602539
2023-03-06,INTC,INTC,25.366954803466797
2023-03-07,INTC,INTC,24.917980194091797
2023-03-08,INTC,INTC,25.357192993164062
2023-03-09,INTC,INTC,25.80616569519043
2023-03-10,INTC,INTC,26.56746482849121
2023-03-13,INTC,INTC,26.303937911987305
2023-03-14,INTC,INTC,27.338529586791992
2023-03-15,INTC,INTC,27.728939056396484
2023-03-16,INTC,INTC,29.456506729125977
2023-03-17,INTC,INTC,29.09537696838379
2023-03-20,INTC,INTC,28.460960388183594
2023-03-21,INTC,INTC,27.777740478515625
2023-03-22,INTC,INTC,27.455652236938477
2023-03-23,INTC,INTC,28.334075927734375
2023-03-24,INTC,INTC,28.656166076660156
2023-03-27,INTC,INTC,28.480480194091797
2023-03-28,INTC,INTC,28.587846755981445
2023-03-29,INTC,INTC,30.76438331604004
2023-03-30,INTC,INTC,31.320722579956055
2023-03-31,INTC,INTC,31.886810302734375
2023-04-03,INTC,INTC,32.10154342651367
2023-04-04,INTC,INTC,32.30650329589844
2023-04-05,INTC,INTC,32.04298400878906
2023-04-06,INTC,INTC,32.02346420288086
2023-04-10,INTC,INTC,31.740415573120117
2023-04-11,INTC,INTC,31.574481964111328
2023-04-12,INTC,INTC,31.252397537231445
2023-04-13,INTC,INTC,31.35976219177246
2023-04-14,INTC,INTC,31.12551498413086
2023-04-17,INTC,INTC,31.369522094726562
2023-04-18,INTC,INTC,31.066951751708984
2023-04-19,INTC,INTC,30.40325355529785
2023-04-20,INTC,INTC,30.120206832885742
2023-04-21,INTC,INTC,29.57362937927246
2023-04-24,INTC,INTC,28.948974609375
2023-04-25,INTC,INTC,28.18766975402832
2023-04-26,INTC,INTC,28.353593826293945
2023-04-27,INTC,INTC,29.144180297851562
2023-04-28,INTC,INTC,30.315410614013672
2023-05-01,INTC,INTC,29.57362937927246
2023-05-02,INTC,INTC,29.056337356567383
2023-05-03,INTC,INTC,29.915241241455078
2023-05-04,INTC,INTC,30.61595916748047
2023-05-05,INTC,INTC,30.370952606201172
2023-05-08,INTC,INTC,30.15534782409668
2023-05-09,INTC,INTC,29.49873161315918
2023-05-10,INTC,INTC,29.371326446533203
2023-05-11,INTC,INTC,28.28350067138672
2023-05-12,INTC,INTC,28.3717041015625
2023-05-15,INTC,INTC,29.204723358154297
2023-05-16,INTC,INTC,28.636308670043945
2023-05-17,INTC,INTC,28.29330062866211
2023-05-18,INTC,INTC,29.087120056152344
2023-05-19,INTC,INTC,29.33212661743164
2023-05-22,INTC,INTC,29.67513656616211
2023-05-23,INTC,INTC,28.920516967773438
2023-05-24,INTC,INTC,28.420705795288086
2023-05-25,INTC,INTC,26.852664947509766
2023-05-26,INTC,INTC,28.420705795288086
2023-05-30,INTC,INTC,29.390928268432617
2023-05-31,INTC,INTC,30.811962127685547
2023-06-01,INTC,INTC,30.508153915405273
2023-06-02,INTC,INTC,30.684560775756836
2023-06-05,INTC,INTC,29.263526916503906
2023-06-06,INTC,INTC,30.341550827026367
2023-06-07,INTC,INTC,30.65515899658203
2023-06-08,INTC,INTC,31.184371948242188
2023-06-09,INTC,INTC,30.713960647583008
2023-06-12,INTC,INTC,32.40940475463867
2023-06-13,INTC,INTC,33.23262023925781
2023-06-14,INTC,INTC,34.86927032470703
2023-06-15,INTC,INTC,35.104469299316406
2023-06-16,INTC,INTC,35.64347839355469
2023-06-20,INTC,INTC,34.300846099853516
2023-06-21,INTC,INTC,32.2427978515625
2023-06-22,INTC,INTC,32.05659484863281
2023-06-23,INTC,INTC,32.34080123901367
2023-06-26,INTC,INTC,32.674007415771484
2023-06-27,INTC,INTC,33.41883087158203
2023-06-28,INTC,INTC,32.899417877197266
2023-06-29,INTC,INTC,32.252601623535156
2023-06-30,INTC,INTC,32.77200698852539
2023-07-03,INTC,INTC,32.94841384887695
2023-07-05,INTC,INTC,31.86058807373047
2023-07-06,INTC,INTC,31.331375122070312
2023-07-07,INTC,INTC,31.213773727416992
2023-07-10,INTC,INTC,32.08599853515625
2023-07-11,INTC,INTC,32.63481140136719
2023-07-12,INTC,INTC,33.30122756958008
2023-07-13,INTC,INTC,33.19342041015625
2023-07-14,INTC,INTC,32.48780059814453
2023-07-17,INTC,INTC,33.683433532714844
2023-07-18,INTC,INTC,33.81083679199219
2023-07-19,INTC,INTC,33.771636962890625
2023-07-20,INTC,INTC,32.70341110229492
2023-07-21,INTC,INTC,33.34042739868164
2023-07-24,INTC,INTC,32.95821762084961
2023-07-25,INTC,INTC,33.41883087158203
2023-07-26,INTC,INTC,33.67363357543945
2023-07-27,INTC,INTC,33.85983657836914
2023-07-28,INTC,INTC,36.094295501708984
2023-07-31,INTC,INTC,35.05546951293945
2023-08-01,INTC,INTC,35.08486557006836
2023-08-02,INTC,INTC,33.703033447265625
2023-08-03,INTC,INTC,34.17344284057617
2023-08-04,INTC,INTC,34.56195068359375
2023-08-07,INTC,INTC,34.65047073364258
2023-08-08,INTC,INTC,34.44392013549805
2023-08-09,INTC,INTC,33.71609115600586
2023-08-10,INTC,INTC,34.10951614379883
2023-08-11,INTC,INTC,34.31605911254883
2023-08-14,INTC,INTC,35.09306716918945
2023-08-15,INTC,INTC,34.19803237915039
2023-08-16,INTC,INTC,32.978431701660156
2023-08-17,INTC,INTC,32.04405975341797
2023-08-18,INTC,INTC,32.211265563964844
2023-08-21,INTC,INTC,32.5948486328125
2023-08-22,INTC,INTC,32.34896469116211
2023-08-23,INTC,INTC,33.42103576660156
2023-08-24,INTC,INTC,32.05389404296875
2023-08-25,INTC,INTC,32.703041076660156
2023-08-28,INTC,INTC,33.066951751708984
2023-08-29,INTC,INTC,33.74560546875
2023-08-30,INTC,INTC,33.96198272705078
2023-08-31,INTC,INTC,34.56195068359375
2023-09-01,INTC,INTC,36.00776672363281
2023-09-05,INTC,INTC,36.10612487792969
2023-09-06,INTC,INTC,36.371681213378906
2023-09-07,INTC,INTC,37.55194091796875
2023-09-08,INTC,INTC,37.384735107421875
2023-09-11,INTC,INTC,37.955196380615234
2023-09-12,INTC,INTC,38.22075653076172
2023-09-13,INTC,INTC,38.073219299316406
2023-09-14,INTC,INTC,38.03387451171875
2023-09-15,INTC,INTC,37.25687789916992
2023-09-18,INTC,INTC,37.36506652832031
2023-09-19,INTC,INTC,35.74220657348633
2023-09-20,INTC,INTC,34.11935043334961
2023-09-21,INTC,INTC,34.08000946044922
2023-09-22,INTC,INTC,33.61773681640625
2023-09-25,INTC,INTC,33.72593307495117
2023-09-26,INTC,INTC,33.27349853515625
2023-09-27,INTC,INTC,34.04066848754883
2023-09-28,INTC,INTC,34.60129165649414
2023-09-29,INTC,INTC,34.96520233154297
2023-10-02,INTC,INTC,34.876686096191406
2023-10-03,INTC,INTC,35.10289764404297
2023-10-04,INTC,INTC,35.33895492553711
2023-10-05,INTC,INTC,35.29961013793945
2023-10-06,INTC,INTC,35.59467315673828
2023-10-09,INTC,INTC,35.46681594848633
2023-10-10,INTC,INTC,35.830726623535156
2023-10-11,INTC,INTC,36.27333068847656
2023-10-12,INTC,INTC,36.23398208618164
2023-10-13,INTC,INTC,35.378299713134766
2023-10-16,INTC,INTC,35.95859146118164
2023-10-17,INTC,INTC,35.46681594848633
2023-10-18,INTC,INTC,35.05372619628906
2023-10-19,INTC,INTC,35.083229064941406
2023-10-20,INTC,INTC,34.34556579589844
2023-10-23,INTC,INTC,33.29316711425781
2023-10-24,INTC,INTC,34.02099609375
2023-10-25,INTC,INTC,32.289955139160156
2023-10-26,INTC,INTC,31.985048294067383
2023-10-27,INTC,INTC,34.95536804199219
2023-10-30,INTC,INTC,35.10289764404297
2023-10-31,INTC,INTC,35.89958190917969
2023-11-01,INTC,INTC,36.67658233642578
2023-11-02,INTC,INTC,37.079837799072266
2023-11-03,INTC,INTC,37.51259994506836
2023-11-06,INTC,INTC,37.44845962524414
2023-11-07,INTC,INTC,38.257625579833984
2023-11-08,INTC,INTC,37.418853759765625
2023-11-09,INTC,INTC,37.30044174194336
2023-11-10,INTC,INTC,38.346431732177734
2023-11-13,INTC,INTC,37.724754333496094
2023-11-14,INTC,INTC,38.88916015625
2023-11-15,INTC,INTC,40.073307037353516
2023-11-16,INTC,INTC,42.777095794677734
2023-11-17,INTC,INTC,43.231014251708984
2023-11-20,INTC,INTC,44.14872360229492
2023-11-21,INTC,INTC,43.063262939453125
2023-11-22,INTC,INTC,43.09286117553711
2023-11-24,INTC,INTC,43.3790283203125
2023-11-27,INTC,INTC,43.49745178222656
2023-11-28,INTC,INTC,43.64546585083008
2023-11-29,INTC,INTC,44.3460807800293
2023-11-30,INTC,INTC,44.1092529296875
2023-12-01,INTC,INTC,43.16194152832031
2023-12-04,INTC,INTC,41.790306091308594
2023-12-05,INTC,INTC,41.365989685058594
2023-12-06,INTC,INTC,40.72458267211914
2023-12-07,INTC,INTC,41.592952728271484
2023-12-08,INTC,INTC,42.135684967041016
2023-12-11,INTC,INTC,43.95136642456055
2023-12-12,INTC,INTC,43.457977294921875
2023-12-13,INTC,INTC,43.9809684753418
2023-12-14,INTC,INTC,44.582908630371094
2023-12-15,INTC,INTC,45.549957275390625
2023-12-18,INTC,INTC,45.08616638183594
2023-12-19,INTC,INTC,46.04335021972656
2023-12-20,INTC,INTC,45.15523910522461
2023-12-21,INTC,INTC,46.457801818847656
2023-12-22,INTC,INTC,47.365638732910156
2023-12-26,INTC,INTC,49.83259963989258
2023-12-27,INTC,INTC,50.08916473388672
2023-12-28,INTC,INTC,49.72405242919922
2023-12-29,INTC,INTC,49.58590316772461
2024-01-02,INTC,INTC,47.16828155517578
2024-01-03,INTC,INTC,46.428192138671875
2024-01-04,INTC,INTC,46.250572204589844
2024-01-05,INTC,INTC,46.27030944824219
2024-01-08,INTC,INTC,47.8096923828125
2024-01-09,INTC,INTC,47.41497802734375
2024-01-10,INTC,INTC,46.84264373779297
2024-01-11,INTC,INTC,47.01039505004883
2024-01-12,INTC,INTC,46.49726867675781
2024-01-16,INTC,INTC,46.43806457519531
2024-01-17,INTC,INTC,45.45127868652344
2024-01-18,INTC,INTC,46.12229537963867
2024-01-19,INTC,INTC,47.51365661621094
2024-01-22,INTC,INTC,47.58273696899414
2024-01-23,INTC,INTC,48.24387741088867
2024-01-24,INTC,INTC,48.44123458862305
2024-01-25,INTC,INTC,48.8951530456543
2024-01-26,INTC,INTC,43.07312774658203
2024-01-29,INTC,INTC,43.260616302490234
2024-01-30,INTC,INTC,42.3527717590332
2024-01-31,INTC,INTC,42.51066207885742
2024-02-01,INTC,INTC,42.78696060180664
2024-02-02,INTC,INTC,42.03700256347656
2024-02-05,INTC,INTC,42.20475769042969
2024-02-06,INTC,INTC,42.29877853393555
2024-02-07,INTC,INTC,42.33836364746094
2024-02-08,INTC,INTC,42.061256408691406
2024-02-09,INTC,INTC,42.862892150878906
2024-02-12,INTC,INTC,43.57545852661133
2024-02-13,INTC,INTC,42.714439392089844
2024-02-14,INTC,INTC,43.73380661010742
2024-02-15,INTC,INTC,43.595252990722656
2024-02-16,INTC,INTC,43.060829162597656
2024-02-20,INTC,INTC,44.060401916503906
2024-02-21,INTC,INTC,43.021244049072266
2024-02-22,INTC,INTC,42.53630065917969
2024-02-23,INTC,INTC,42.54619598388672
2024-02-26,INTC,INTC,42.54619598388672
2024-02-27,INTC,INTC,42.28887939453125
2024-02-28,INTC,INTC,41.5565185546875
2024-02-29,INTC,INTC,42.60557556152344
2024-03-01,INTC,INTC,43.36763000488281
2024-03-04,INTC,INTC,45.13915252685547
2024-03-05,INTC,INTC,42.714439392089844
2024-03-06,INTC,INTC,44.05050277709961
2024-03-07,INTC,INTC,45.67357635498047
2024-03-08,INTC,INTC,43.54576873779297
2024-03-11,INTC,INTC,44.39689254760742
2024-03-12,INTC,INTC,44.772972106933594
2024-03-13,INTC,INTC,42.78371810913086
2024-03-14,INTC,INTC,42.30867385864258
2024-03-15,INTC,INTC,42.199806213378906
2024-03-18,INTC,INTC,42.26908874511719
2024-03-19,INTC,INTC,41.61589813232422
2024-03-20,INTC,INTC,41.76435089111328
2024-03-21,INTC,INTC,41.982078552246094
2024-03-22,INTC,INTC,42.130531311035156
2024-03-25,INTC,INTC,41.39817428588867
2024-03-26,INTC,INTC,41.5565185546875
2024-03-27,INTC,INTC,43.318145751953125
2024-03-28,INTC,INTC,43.714012145996094
2024-04-01,INTC,INTC,44.060401916503906
2024-04-02,INTC,INTC,43.486385345458984
2024-04-03,INTC,INTC,39.91366195678711
2024-04-04,INTC,INTC,39.31985092163086
2024-04-05,INTC,INTC,38.31038284301758
2024-04-08,INTC,INTC,37.58791732788086
2024-04-09,INTC,INTC,37.934303283691406
2024-04-10,INTC,INTC,36.81597137451172
2024-04-11,INTC,INTC,37.24153137207031
2024-04-12,INTC,INTC,35.321556091308594
2024-04-15,INTC,INTC,35.935157775878906
2024-04-16,INTC,INTC,35.88566970825195
2024-04-17,INTC,INTC,35.31166076660156
2024-04-18,INTC,INTC,34.67826843261719
2024-04-19,INTC,INTC,33.84693908691406
2024-04-22,INTC,INTC,34.054771423339844
2024-04-23,INTC,INTC,33.92611312866211
2024-04-24,INTC,INTC,34.14384078979492
2024-04-25,INTC,INTC,34.74754333496094
2024-04-26,INTC,INTC,31.55088996887207
2024-04-29,INTC,INTC,31.036258697509766
2024-04-30,INTC,INTC,30.155445098876953
2024-05-01,INTC,INTC,30.05647850036621
2024-05-02,INTC,INTC,30.195032119750977
2024-05-03,INTC,INTC,30.581005096435547
2024-05-06,INTC,INTC,30.774776458740234
2024-05-07,INTC,INTC,30.486604690551758
2024-05-08,INTC,INTC,29.81089210510254
2024-05-09,INTC,INTC,29.90032386779785
2024-05-10,INTC,INTC,29.66183853149414
2024-05-13,INTC,INTC,30.317676544189453
2024-05-14,INTC,INTC,30.854272842407227
2024-05-15,INTC,INTC,31.072887420654297
2024-05-16,INTC,INTC,31.828094482421875
2024-05-17,INTC,INTC,31.629356384277344
2024-05-20,INTC,INTC,31.897653579711914
2024-05-21,INTC,INTC,31.5399227142334
2024-05-22,INTC,INTC,31.221940994262695
2024-05-23,INTC,INTC,29.8903865814209
2024-05-24,INTC,INTC,30.526351928710938
2024-05-28,INTC,INTC,30.86421012878418
2024-05-29,INTC,INTC,29.94007110595703
2024-05-30,INTC,INTC,29.99969482421875
2024-05-31,INTC,INTC,30.655534744262695
2024-06-03,INTC,INTC,30.099063873291016
2024-06-04,INTC,INTC,29.8407039642334
2024-06-05,INTC,INTC,30.585975646972656
2024-06-06,INTC,INTC,30.22824478149414
2024-06-07,INTC,INTC,30.546226501464844
2024-06-10,INTC,INTC,30.71515464782715
2024-06-11,INTC,INTC,30.7250919342041
2024-06-12,INTC,INTC,30.56610107421875
2024-06-13,INTC,INTC,30.26799201965332
2024-06-14,INTC,INTC,30.258056640625
2024-06-17,INTC,INTC,30.784713745117188
2024-06-18,INTC,INTC,30.436920166015625
2024-06-20,INTC,INTC,30.426984786987305
2024-06-21,INTC,INTC,30.894020080566406
2024-06-24,INTC,INTC,30.37729835510254
2024-06-25,INTC,INTC,30.546226501464844
2024-06-26,INTC,INTC,30.347488403320312
2024-06-27,INTC,INTC,30.397172927856445
2024-06-28,INTC,INTC,30.774776458740234
2024-07-01,INTC,INTC,30.645597457885742
2024-07-02,INTC,INTC,30.874147415161133
2024-07-03,INTC,INTC,31.033138275146484
2024-07-05,INTC,INTC,31.818159103393555
2024-07-08,INTC,INTC,33.77574157714844
2024-07-09,INTC,INTC,34.3719596862793
2024-07-10,INTC,INTC,34.65019226074219
2024-07-11,INTC,INTC,33.2888298034668
2024-07-12,INTC,INTC,34.27259063720703
2024-07-15,INTC,INTC,34.242774963378906
2024-07-16,INTC,INTC,34.12353515625
2024-07-17,INTC,INTC,34.242774963378906
2024-07-18,INTC,INTC,34.65019226074219
2024-07-19,INTC,INTC,32.7721061706543
2024-07-22,INTC,INTC,33.15964889526367
2024-07-23,INTC,INTC,32.7422981262207
2024-07-24,INTC,INTC,31.50017547607422
2024-07-25,INTC,INTC,30.90395736694336
2024-07-26,INTC,INTC,31.152381896972656
2024-07-29,INTC,INTC,30.63566017150879
2024-07-30,INTC,INTC,29.94007110595703
2024-07-31,INTC,INTC,30.546226501464844
2024-08-01,INTC,INTC,28.866878509521484
2024-08-02,INTC,INTC,21.3445987701416
2024-08-05,INTC,INTC,19.983234405517578
2024-08-06,INTC,INTC,19.704999923706055
2024-08-07,INTC,INTC,18.989999771118164
2024-08-08,INTC,INTC,20.489999771118164
2024-08-09,INTC,INTC,19.709999084472656
2024-08-12,INTC,INTC,19.360000610351562
2024-08-13,INTC,INTC,20.469999313354492
2024-08-14,INTC,INTC,19.920000076293945
2024-08-15,INTC,INTC,20.690000534057617
2024-08-16,INTC,INTC,20.8700008392334
2024-08-19,INTC,INTC,21.520000457763672
2024-08-20,INTC,INTC,20.989999771118164
2024-08-21,INTC,INTC,21.40999984741211
2024-08-22,INTC,INTC,20.100000381469727
2024-08-23,INTC,INTC,20.540000915527344
2024-08-26,INTC,INTC,20.1299991607666
2024-08-27,INTC,INTC,20.06999969482422
2024-08-28,INTC,INTC,19.610000610351562
2024-08-29,INTC,INTC,20.1299991607666
2024-08-30,INTC,INTC,22.040000915527344
2024-09-03,INTC,INTC,20.100000381469727
2024-09-04,INTC,INTC,19.43000030517578
2024-09-05,INTC,INTC,19.399999618530273
2024-09-06,INTC,INTC,18.889999389648438
2024-09-09,INTC,INTC,19.06999969482422
2024-09-10,INTC,INTC,18.979999542236328
2024-09-11,INTC,INTC,19.639999389648438
2024-09-12,INTC,INTC,19.360000610351562
2024-09-13,INTC,INTC,19.65999984741211
2024-09-16,INTC,INTC,20.90999984741211
2024-09-17,INTC,INTC,21.469999313354492
2024-09-18,INTC,INTC,20.770000457763672
2024-09-19,INTC,INTC,21.139999389648438
2024-09-20,INTC,INTC,21.84000015258789
2024-09-23,INTC,INTC,22.559999465942383
2024-09-24,INTC,INTC,22.809999465942383
2024-09-25,INTC,INTC,23.540000915527344
2024-09-26,INTC,INTC,23.920000076293945
2024-09-27,INTC,INTC,23.90999984741211
2024-09-30,INTC,INTC,23.459999084472656
2024-10-01,INTC,INTC,22.690000534057617
2024-10-02,INTC,INTC,22.389999389648438
2024-10-03,INTC,INTC,22.260000228881836
2024-10-04,INTC,INTC,22.59000015258789
2024-10-07,INTC,INTC,22.3799991607666
2024-10-08,INTC,INTC,23.31999969482422
2024-10-09,INTC,INTC,23.459999084472656
2024-10-10,INTC,INTC,23.219999313354492
2024-10-11,INTC,INTC,23.559999465942383
2024-10-14,INTC,INTC,23.440000534057617
2024-10-15,INTC,INTC,22.65999984741211
2024-10-16,INTC,INTC,22.309999465942383
2024-10-17,INTC,INTC,22.440000534057617
2024-10-18,INTC,INTC,22.770000457763672
2024-10-21,INTC,INTC,22.84000015258789
2024-10-22,INTC,INTC,22.399999618530273
2024-10-23,INTC,INTC,21.979999542236328
2024-10-24,INTC,INTC,22.34000015258789
2024-10-25,INTC,INTC,22.68000030517578
2024-10-28,INTC,INTC,22.920000076293945
2024-10-29,INTC,INTC,22.899999618530273
2024-10-30,INTC,INTC,22.299999237060547
2024-10-31,INTC,INTC,21.520000457763672
2024-11-01,INTC,INTC,23.200000762939453
2024-11-04,INTC,INTC,22.520000457763672
2024-11-05,INTC,INTC,23.31999969482422
2024-11-06,INTC,INTC,25.049999237060547
2024-11-07,INTC,INTC,26.229999542236328
2024-11-08,INTC,INTC,26.200000762939453
2024-11-11,INTC,INTC,25.049999237060547
2024-11-12,INTC,INTC,24.15999984741211
2024-11-13,INTC,INTC,24.920000076293945
2024-11-14,INTC,INTC,25.030000686645508
2024-11-15,INTC,INTC,24.350000381469727
2024-11-18,INTC,INTC,24.84000015258789
2024-11-19,INTC,INTC,24.200000762939453
2024-11-20,INTC,INTC,24.010000228881836
2024-11-21,INTC,INTC,24.440000534057617
2024-11-22,INTC,INTC,24.5
2024-11-25,INTC,INTC,24.8700008392334
2024-11-26,INTC,INTC,24.049999237060547
2024-11-27,INTC,INTC,23.649999618530273
2024-11-29,INTC,INTC,24.049999237060547
2024-12-02,INTC,INTC,23.93000030517578
2024-12-03,INTC,INTC,22.469999313354492
2024-12-04,INTC,INTC,21.959999084472656
2024-12-05,INTC,INTC,20.799999237060547
2024-12-06,INTC,INTC,20.920000076293945
2024-12-09,INTC,INTC,20.809999465942383
2024-12-10,INTC,INTC,20.15999984741211
2024-12-11,INTC,INTC,20.1200008392334
2024-12-12,INTC,INTC,20.780000686645508
2024-12-13,INTC,INTC,20.34000015258789
2024-12-16,INTC,INTC,20.829999923706055
2024-12-17,INTC,INTC,20.440000534057617
2024-12-18,INTC,INTC,19.299999237060547
2024-12-19,INTC,INTC,19.059999465942383
2024-12-20,INTC,INTC,19.520000457763672
2024-12-23,INTC,INTC,20.200000762939453
2024-12-24,INTC,INTC,20.399999618530273
2024-12-26,INTC,INTC,20.440000534057617
2024-12-27,INTC,INTC,20.299999237060547
2024-12-30,INTC,INTC,19.81999969482422
2024-12-31,INTC,INTC,20.049999237060547
2025-01-02,INTC,INTC,20.219999313354492
2025-01-03,INTC,INTC,20.559999465942383
2025-01-06,INTC,INTC,19.8700008392334
2025-01-07,INTC,INTC,20.010000228881836
2025-01-08,INTC,INTC,19.8799991607666
2025-01-10,INTC,INTC,19.149999618530273
2025-01-13,INTC,INTC,19.200000762939453
2025-01-14,INTC,INTC,19.200000762939453
2025-01-15,INTC,INTC,19.719999313354492
2025-01-16,INTC,INTC,19.670000076293945
2025-01-17,INTC,INTC,21.489999771118164
2025-01-21,INTC,INTC,21.770000457763672
2025-01-22,INTC,INTC,21.860000610351562
2025-01-23,INTC,INTC,21.56999969482422
2025-01-24,INTC,INTC,20.829999923706055
2025-01-27,INTC,INTC,20.290000915527344
2025-01-28,INTC,INTC,19.799999237060547
2025-01-29,INTC,INTC,19.75
2025-01-30,INTC,INTC,20.010000228881836
2025-01-31,INTC,INTC,19.43000030517578
2025-02-03,INTC,INTC,19.3799991607666
2025-02-04,INTC,INTC,19.290000915527344
2025-02-05,INTC,INTC,19.649999618530273
2025-02-06,INTC,INTC,19.3799991607666
2025-02-07,INTC,INTC,19.100000381469727
2025-02-10,INTC,INTC,19.770000457763672
2025-02-11,INTC,INTC,20.969999313354492
2025-02-12,INTC,INTC,22.479999542236328
2025-02-13,INTC,INTC,24.1299991607666
2025-02-14,INTC,INTC,23.600000381469727
2025-02-18,INTC,INTC,27.389999389648438
2025-02-19,INTC,INTC,25.719999313354492
2025-02-20,INTC,INTC,26.09000015258789
2025-02-21,INTC,INTC,24.8700008392334
2025-02-24,INTC,INTC,24.270000457763672
2025-02-25,INTC,INTC,22.989999771118164
2025-02-26,INTC,INTC,23.520000457763672
2025-02-27,INTC,INTC,23.09000015258789
2025-02-28,INTC,INTC,23.729999542236328
2025-03-03,INTC,INTC,22.739999771118164
2025-03-04,INTC,INTC,21.329999923706055
2025-03-05,INTC,INTC,20.809999465942383
2025-03-06,INTC,INTC,20.75
2025-03-07,INTC,INTC,20.639999389648438
2025-03-10,INTC,INTC,19.93000030517578
2025-03-11,INTC,INTC,19.780000686645508
2025-03-12,INTC,INTC,20.68000030517578
2025-03-13,INTC,INTC,23.700000762939453
2025-03-14,INTC,INTC,24.049999237060547
2025-03-17,INTC,INTC,25.690000534057617
2025-03-18,INTC,INTC,25.920000076293945
2025-03-19,INTC,INTC,24.1200008392334
2025-03-20,INTC,INTC,23.959999084472656
2025-03-21,INTC,INTC,24.260000228881836
2025-03-24,INTC,INTC,24.219999313354492
2025-03-25,INTC,INTC,24.200000762939453
2025-03-26,INTC,INTC,23.420000076293945
2025-03-27,INTC,INTC,23.6200008392334
2025-03-28,INTC,INTC,22.709999084472656
2025-03-31,INTC,INTC,22.709999084472656
2025-04-01,INTC,INTC,22.049999237060547
2025-04-02,INTC,INTC,21.979999542236328
2025-04-03,INTC,INTC,22.43000030517578
2025-04-04,INTC,INTC,19.850000381469727
2025-04-07,INTC,INTC,19.56999969482422
2025-04-08,INTC,INTC,18.1299991607666
2025-04-09,INTC,INTC,21.530000686645508
2025-04-10,INTC,INTC,19.8799991607666
2025-04-11,INTC,INTC,19.739999771118164
2025-04-14,INTC,INTC,20.309999465942383
2025-04-15,INTC,INTC,19.850000381469727
2025-04-16,INTC,INTC,19.229999542236328
2025-04-17,INTC,INTC,18.93000030517578
2025-04-21,INTC,INTC,18.84000015258789
2025-04-22,INTC,INTC,19.510000228881836
2025-04-23,INTC,INTC,20.59000015258789
2025-04-24,INTC,INTC,21.489999771118164
2025-04-25,INTC,INTC,20.049999237060547
2025-04-28,INTC,INTC,20.510000228881836
2025-04-29,INTC,INTC,20.34000015258789
2025-04-30,INTC,INTC,20.100000381469727
2025-05-01,INTC,INTC,19.979999542236328
2025-05-02,INTC,INTC,20.6200008392334
2025-05-05,INTC,INTC,20.270000457763672
2025-05-06,INTC,INTC,19.940000534057617
2025-05-07,INTC,INTC,20.309999465942383
2025-05-08,INTC,INTC,21.0
2025-05-09,INTC,INTC,21.420000076293945
2025-05-12,INTC,INTC,22.18000030517578
2025-05-13,INTC,INTC,22.559999465942383
2025-05-14,INTC,INTC,21.520000457763672
2025-05-15,INTC,INTC,21.549999237060547
2025-05-16,INTC,INTC,21.65999984741211
2025-05-19,INTC,INTC,21.3799991607666
2025-05-20,INTC,INTC,21.270000457763672
2025-05-21,INTC,INTC,20.690000534057617
2025-05-22,INTC,INTC,20.549999237060547
2025-05-23,INTC,INTC,20.049999237060547
2025-05-27,INTC,INTC,20.549999237060547
2025-05-28,INTC,INTC,20.3700008392334
2025-05-29,INTC,INTC,20.25
2025-05-30,INTC,INTC,19.549999237060547
2025-06-02,INTC,INTC,19.739999771118164
2025-06-03,INTC,INTC,20.290000915527344
2025-06-04,INTC,INTC,20.25
2025-06-05,INTC,INTC,19.989999771118164
2025-06-06,INTC,INTC,20.059999465942383
2025-06-09,INTC,INTC,20.479999542236328
2025-06-10,INTC,INTC,22.079999923706055
2025-06-11,INTC,INTC,20.68000030517578
2025-06-12,INTC,INTC,20.770000457763672
2025-06-13,INTC,INTC,20.139999389648438
2025-06-16,INTC,INTC,20.739999771118164
2025-06-17,INTC,INTC,20.799999237060547
2025-06-18,INTC,INTC,21.489999771118164
2025-06-20,INTC,INTC,21.079999923706055
2025-06-23,INTC,INTC,21.190000534057617
2025-06-24,INTC,INTC,22.549999237060547
2025-06-25,INTC,INTC,22.200000762939453
2025-06-26,INTC,INTC,22.5
2025-06-27,INTC,INTC,22.690000534057617
2025-06-30,INTC,INTC,22.399999618530273
2025-07-01,INTC,INTC,22.850000381469727
2025-07-02,INTC,INTC,21.8799991607666
2025-07-03,INTC,INTC,22.489999771118164
2025-07-07,INTC,INTC,22.0
2025-07-08,INTC,INTC,23.59000015258789
2025-07-09,INTC,INTC,23.440000534057617
2025-07-10,INTC,INTC,23.81999969482422
2025-07-11,INTC,INTC,23.43000030517578
2025-07-14,INTC,INTC,23.299999237060547
2025-07-15,INTC,INTC,22.920000076293945
2025-07-16,INTC,INTC,22.690000534057617
2025-07-17,INTC,INTC,22.799999237060547
2025-07-18,INTC,INTC,23.100000381469727
2025-07-21,INTC,INTC,23.260000228881836
2025-07-22,INTC,INTC,23.239999771118164
2025-07-23,INTC,INTC,23.489999771118164
2025-07-24,INTC,INTC,22.6299991607666
2025-07-25,INTC,INTC,20.700000762939453
2025-07-28,INTC,INTC,20.68000030517578
2025-07-29,INTC,INTC,20.40999984741211
2025-07-30,INTC,INTC,20.34000015258789
2025-07-31,INTC,INTC,19.799999237060547
2025-08-01,INTC,INTC,19.309999465942383
2025-08-04,INTC,INTC,19.5
2025-08-05,INTC,INTC,20.190000534057617
2025-08-06,INTC,INTC,20.40999984741211
2025-08-07,INTC,INTC,19.770000457763672
2025-08-08,INTC,INTC,19.950000762939453
2025-08-11,INTC,INTC,20.649999618530273
2025-08-12,INTC,INTC,21.809999465942383
2025-08-13,INTC,INTC,22.219999313354492
2025-08-14,INTC,INTC,23.860000610351562
2025-08-15,INTC,INTC,24.559999465942383
2025-08-18,INTC,INTC,23.65999984741211
2025-08-19,INTC,INTC,25.309999465942383
2025-08-20,INTC,INTC,23.540000915527344
2025-08-21,INTC,INTC,23.5
2025-08-22,INTC,INTC,24.799999237060547
2025-08-25,INTC,INTC,24.549999237060547
2025-08-26,INTC,INTC,24.350000381469727
2025-08-27,INTC,INTC,24.850000381469727
2025-08-28,INTC,INTC,24.93000030517578
2025-08-29,INTC,INTC,24.350000381469727
2025-09-02,INTC,INTC,24.209999084472656
2025-09-03,INTC,INTC,24.0
2025-09-04,INTC,INTC,24.610000610351562
2025-09-05,INTC,INTC,24.489999771118164
2025-09-08,INTC,INTC,24.479999542236328
2025-09-09,INTC,INTC,24.440000534057617
2025-09-10,INTC,INTC,24.770000457763672
2025-09-11,INTC,INTC,24.610000610351562
2025-09-12,INTC,INTC,24.079999923706055
2025-09-15,INTC,INTC,24.770000457763672
2025-09-16,INTC,INTC,25.270000457763672
2025-09-17,INTC,INTC,24.899999618530273
2025-09-18,INTC,INTC,30.56999969482422
2025-09-19,INTC,INTC,29.579999923706055
2025-09-22,INTC,INTC,28.760000228881836
2025-09-23,INTC,INTC,29.34000015258789
2025-09-24,INTC,INTC,31.219999313354492
2025-09-25,INTC,INTC,33.9900016784668
2025-09-26,INTC,INTC,35.5
2025-09-29,INTC,INTC,34.47999954223633
2025-09-30,INTC,INTC,33.54999923706055
2025-10-01,INTC,INTC,35.939998626708984
2025-10-02,INTC,INTC,37.29999923706055
2025-10-03,INTC,INTC,36.83000183105469
2025-10-06,INTC,INTC,36.59000015258789
2025-10-07,INTC,INTC,37.16999816894531
2025-10-08,INTC,INTC,37.43000030517578
2025-10-09,INTC,INTC,37.79999923706055
2025-10-10,INTC,INTC,36.369998931884766
2025-10-13,INTC,INTC,37.220001220703125
2025-10-14,INTC,INTC,35.630001068115234
2025-10-15,INTC,INTC,37.150001525878906
2025-10-16,INTC,INTC,36.84000015258789
2025-10-17,INTC,INTC,37.0099983215332
2025-10-20,INTC,INTC,38.099998474121094
2025-10-21,INTC,INTC,38.119998931884766
2025-10-22,INTC,INTC,36.91999816894531
2025-10-23,INTC,INTC,38.15999984741211
2025-10-24,INTC,INTC,38.279998779296875
2025-10-27,INTC,INTC,39.540000915527344
2025-10-28,INTC,INTC,41.529998779296875
2025-10-29,INTC,INTC,41.34000015258789
2025-10-30,INTC,INTC,40.15999984741211
2025-10-31,INTC,INTC,39.9900016784668
2025-11-03,INTC,INTC,39.5
2025-11-04,INTC,INTC,37.029998779296875
2025-11-05,INTC,INTC,38.380001068115234
2025-11-06,INTC,INTC,37.2400016784668
2025-11-07,INTC,INTC,38.130001068115234
2025-11-10,INTC,INTC,38.45000076293945
2025-11-11,INTC,INTC,37.880001068115234
2025-11-12,INTC,INTC,37.88999938964844
2025-11-13,INTC,INTC,35.90999984741211
2025-11-14,INTC,INTC,35.52000045776367
2025-11-17,INTC,INTC,34.709999084472656
2025-11-18,INTC,INTC,34.33000183105469
2025-11-19,INTC,INTC,35.11000061035156
2025-11-20,INTC,INTC,33.619998931884766
2025-11-21,INTC,INTC,34.5
2025-11-24,INTC,INTC,35.790000915527344
2025-11-25,INTC,INTC,35.83000183105469
2025-11-26,INTC,INTC,36.810001373291016
2025-11-28,INTC,INTC,40.560001373291016
2025-12-01,INTC,INTC,40.0099983215332
2025-12-02,INTC,INTC,43.470001220703125
2025-12-03,INTC,INTC,43.7599983215332
2025-12-04,INTC,INTC,40.5
2025-12-05,INTC,INTC,41.40999984741211
2025-12-08,INTC,INTC,40.29999923706055
2025-12-09,INTC,INTC,40.5
2025-12-10,INTC,INTC,40.779998779296875
2025-12-11,INTC,INTC,39.5099983215332
2025-12-12,INTC,INTC,37.810001373291016
2025-12-15,INTC,INTC,37.5099983215332
2025-12-16,INTC,INTC,37.310001373291016
2025-12-17,INTC,INTC,36.04999923706055
2025-12-18,INTC,INTC,36.279998779296875
2025-12-19,INTC,INTC,36.81999969482422
2025-12-22,INTC,INTC,36.369998931884766
2025-12-23,INTC,INTC,36.349998474121094
2025-12-24,INTC,INTC,36.15999984741211
2025-12-26,INTC,INTC,36.20000076293945
2025-12-29,INTC,INTC,36.68000030517578
2025-12-30,INTC,INTC,37.29999923706055
2025-12-31,INTC,INTC,36.900001525878906
2026-01-02,INTC,INTC,39.380001068115234
2026-01-05,INTC,INTC,39.369998931884766
2026-01-06,INTC,INTC,40.040000915527344
2026-01-07,INTC,INTC,42.630001068115234
2026-01-08,INTC,INTC,41.11000061035156
2026-01-09,INTC,INTC,45.54999923706055
2026-01-12,INTC,INTC,44.060001373291016
2026-01-13,INTC,INTC,47.290000915527344
2026-01-14,INTC,INTC,48.720001220703125
2026-01-15,INTC,INTC,48.31999969482422
2026-01-16,INTC,INTC,46.959999084472656
2026-01-20,INTC,INTC,48.560001373291016
2026-01-21,INTC,INTC,54.25
2026-01-22,INTC,INTC,54.31999969482422
2026-01-23,INTC,INTC,45.06999969482422
2026-01-26,INTC,INTC,42.4900016784668
2026-01-27,INTC,INTC,43.93000030517578
2026-01-28,INTC,INTC,48.779998779296875
2026-01-29,INTC,INTC,48.65999984741211
2026-01-30,INTC,INTC,46.470001220703125
2026-02-02,INTC,INTC,48.810001373291016
2026-02-03,INTC,INTC,49.25
2026-02-04,INTC,INTC,48.599998474121094
2026-02-05,INTC,INTC,48.2400016784668
2026-02-06,INTC,INTC,50.59000015258789
2026-02-09,INTC,INTC,50.2400016784668
2026-02-10,INTC,INTC,47.130001068115234
2026-02-11,INTC,INTC,48.290000915527344
2026-02-12,INTC,INTC,46.47999954223633
2026-02-13,INTC,INTC,46.790000915527344
2026-02-17,INTC,INTC,46.18000030517578
2026-02-18,INTC,INTC,45.459999084472656
2026-02-19,INTC,INTC,44.619998931884766
2026-02-20,INTC,INTC,44.11000061035156
2026-02-23,INTC,INTC,43.630001068115234
2026-02-24,INTC,INTC,46.119998931884766
2026-02-25,INTC,INTC,46.880001068115234
2026-02-26,INTC,INTC,45.459999084472656
2026-02-27,INTC,INTC,45.61000061035156
2026-03-02,INTC,INTC,45.5
2026-03-03,INTC,INTC,43.099998474121094
2026-03-04,INTC,INTC,45.58000183105469
2026-03-05,INTC,INTC,45.95000076293945
2026-03-06,INTC,INTC,43.41999816894531
2026-03-09,INTC,INTC,45.58000183105469
2026-03-10,INTC,INTC,46.779998779296875
2026-03-11,INTC,INTC,47.97999954223633
2026-03-12,INTC,INTC,45.25
2026-03-13,INTC,INTC,45.77000045776367
2026-03-16,INTC,INTC,45.7599983215332
2026-03-17,INTC,INTC,44.060001373291016
2026-03-18,INTC,INTC,45.029998779296875
2026-03-19,INTC,INTC,46.18000030517578
2026-03-20,INTC,INTC,43.869998931884766
2026-03-23,INTC,INTC,44.0099983215332
2026-03-24,INTC,INTC,44.060001373291016
2026-03-25,INTC,INTC,47.18000030517578
2026-03-26,INTC,INTC,44.099998474121094
2026-03-27,INTC,INTC,43.130001068115234
2026-03-30,INTC,INTC,41.189998626708984
2026-03-31,INTC,INTC,44.130001068115234
2010-01-04,NDX,^NDX,1886.699951171875
2010-01-05,NDX,^NDX,1888.4300537109375
2010-01-06,NDX,^NDX,1878.4200439453125
2010-01-07,NDX,^NDX,1876.719970703125
2010-01-08,NDX,^NDX,1892.5899658203125
2010-01-11,NDX,^NDX,1886.239990234375
2010-01-12,NDX,^NDX,1861.7900390625
2010-01-13,NDX,^NDX,1886.1300048828125
2010-01-14,NDX,^NDX,1886.52001953125
2010-01-15,NDX,^NDX,1864.52001953125
2010-01-19,NDX,^NDX,1895.47998046875
2010-01-20,NDX,^NDX,1867.949951171875
2010-01-21,NDX,^NDX,1850.5699462890625
2010-01-22,NDX,^NDX,1794.8199462890625
2010-01-25,NDX,^NDX,1802.3900146484375
2010-01-26,NDX,^NDX,1803.8599853515625
2010-01-27,NDX,^NDX,1818.9000244140625
2010-01-28,NDX,^NDX,1771.0999755859375
2010-01-29,NDX,^NDX,1741.0400390625
2010-02-01,NDX,^NDX,1760.719970703125
2010-02-02,NDX,^NDX,1776.9200439453125
2010-02-03,NDX,^NDX,1784.699951171875
2010-02-04,NDX,^NDX,1732.989990234375
2010-02-05,NDX,^NDX,1746.1199951171875
2010-02-08,NDX,^NDX,1734.8800048828125
2010-02-09,NDX,^NDX,1753.8399658203125
2010-02-10,NDX,^NDX,1749.760009765625
2010-02-11,NDX,^NDX,1775.739990234375
2010-02-12,NDX,^NDX,1779.1099853515625
2010-02-16,NDX,^NDX,1802.06005859375
2010-02-17,NDX,^NDX,1810.8599853515625
2010-02-18,NDX,^NDX,1823.3900146484375
2010-02-19,NDX,^NDX,1823.3199462890625
2010-02-22,NDX,^NDX,1817.6300048828125
2010-02-23,NDX,^NDX,1793.8199462890625
2010-02-24,NDX,^NDX,1812.510009765625
2010-02-25,NDX,^NDX,1812.9100341796875
2010-02-26,NDX,^NDX,1818.6800537109375
2010-03-01,NDX,^NDX,1846.4000244140625
2010-03-02,NDX,^NDX,1851.2099609375
2010-03-03,NDX,^NDX,1851.5699462890625
2010-03-04,NDX,^NDX,1859.719970703125
2010-03-05,NDX,^NDX,1888.56005859375
2010-03-08,NDX,^NDX,1890.8900146484375
2010-03-09,NDX,^NDX,1901.3800048828125
2010-03-10,NDX,^NDX,1917.3499755859375
2010-03-11,NDX,^NDX,1923.81005859375
2010-03-12,NDX,^NDX,1924.4300537109375
2010-03-15,NDX,^NDX,1920.0899658203125
2010-03-16,NDX,^NDX,1932.239990234375
2010-03-17,NDX,^NDX,1936.219970703125
2010-03-18,NDX,^NDX,1943.93994140625
2010-03-19,NDX,^NDX,1932.4300537109375
2010-03-22,NDX,^NDX,1949.5899658203125
2010-03-23,NDX,^NDX,1963.199951171875
2010-03-24,NDX,^NDX,1951.8399658203125
2010-03-25,NDX,^NDX,1949.1500244140625
2010-03-26,NDX,^NDX,1952.6300048828125
2010-03-29,NDX,^NDX,1961.219970703125
2010-03-30,NDX,^NDX,1967.9599609375
2010-03-31,NDX,^NDX,1958.3399658203125
2010-04-01,NDX,^NDX,1959.56005859375
2010-04-05,NDX,^NDX,1977.8299560546875
2010-04-06,NDX,^NDX,1981.949951171875
2010-04-07,NDX,^NDX,1977.300048828125
2010-04-08,NDX,^NDX,1980.72998046875
2010-04-09,NDX,^NDX,1994.4300537109375
2010-04-12,NDX,^NDX,1995.6500244140625
2010-04-13,NDX,^NDX,2003.81005859375
2010-04-14,NDX,^NDX,2028.8199462890625
2010-04-15,NDX,^NDX,2038.6400146484375
2010-04-16,NDX,^NDX,2012.8399658203125
2010-04-19,NDX,^NDX,2013.530029296875
2010-04-20,NDX,^NDX,2023.5999755859375
2010-04-21,NDX,^NDX,2034.530029296875
2010-04-22,NDX,^NDX,2045.1600341796875
2010-04-23,NDX,^NDX,2055.330078125
2010-04-26,NDX,^NDX,2049.090087890625
2010-04-27,NDX,^NDX,2006.25
2010-04-28,NDX,^NDX,2007.5899658203125
2010-04-29,NDX,^NDX,2042.8900146484375
2010-04-30,NDX,^NDX,2000.6300048828125
2010-05-03,NDX,^NDX,2031.5999755859375
2010-05-04,NDX,^NDX,1968.969970703125
2010-05-05,NDX,^NDX,1958.260009765625
2010-05-06,NDX,^NDX,1893.75
2010-05-07,NDX,^NDX,1849.43994140625
2010-05-10,NDX,^NDX,1942.6099853515625
2010-05-11,NDX,^NDX,1940.47998046875
2010-05-12,NDX,^NDX,1975.5799560546875
2010-05-13,NDX,^NDX,1945.52001953125
2010-05-14,NDX,^NDX,1907.0999755859375
2010-05-17,NDX,^NDX,1915.449951171875
2010-05-18,NDX,^NDX,1887.06005859375
2010-05-19,NDX,^NDX,1873.4200439453125
2010-05-20,NDX,^NDX,1800.1199951171875
2010-05-21,NDX,^NDX,1822.77001953125
2010-05-24,NDX,^NDX,1815.280029296875
2010-05-25,NDX,^NDX,1815.6800537109375
2010-05-26,NDX,^NDX,1796.469970703125
2010-05-27,NDX,^NDX,1862.7099609375
2010-05-28,NDX,^NDX,1852.3900146484375
2010-06-01,NDX,^NDX,1835.0400390625
2010-06-02,NDX,^NDX,1879.5899658203125
2010-06-03,NDX,^NDX,1895.6600341796875
2010-06-04,NDX,^NDX,1832.0400390625
2010-06-07,NDX,^NDX,1798.1600341796875
2010-06-08,NDX,^NDX,1795.699951171875
2010-06-09,NDX,^NDX,1778.9200439453125
2010-06-10,NDX,^NDX,1830.0899658203125
2010-06-11,NDX,^NDX,1847.1500244140625
2010-06-14,NDX,^NDX,1845.47998046875
2010-06-15,NDX,^NDX,1897.47998046875
2010-06-16,NDX,^NDX,1905.31005859375
2010-06-17,NDX,^NDX,1910.6500244140625
2010-06-18,NDX,^NDX,1913.47998046875
2010-06-21,NDX,^NDX,1895.8399658203125
2010-06-22,NDX,^NDX,1880.5400390625
2010-06-23,NDX,^NDX,1874.4200439453125
2010-06-24,NDX,^NDX,1844.5899658203125
2010-06-25,NDX,^NDX,1838.52001953125
2010-06-28,NDX,^NDX,1836.0
2010-06-29,NDX,^NDX,1764.06005859375
2010-06-30,NDX,^NDX,1739.1400146484375
2010-07-01,NDX,^NDX,1734.4100341796875
2010-07-02,NDX,^NDX,1728.3399658203125
2010-07-06,NDX,^NDX,1734.6800537109375
2010-07-07,NDX,^NDX,1789.719970703125
2010-07-08,NDX,^NDX,1798.31005859375
2010-07-09,NDX,^NDX,1814.7900390625
2010-07-12,NDX,^NDX,1821.030029296875
2010-07-13,NDX,^NDX,1845.030029296875
2010-07-14,NDX,^NDX,1853.4100341796875
2010-07-15,NDX,^NDX,1856.239990234375
2010-07-16,NDX,^NDX,1803.47998046875
2010-07-19,NDX,^NDX,1819.280029296875
2010-07-20,NDX,^NDX,1840.6700439453125
2010-07-21,NDX,^NDX,1817.300048828125
2010-07-22,NDX,^NDX,1863.0999755859375
2010-07-23,NDX,^NDX,1875.3800048828125
2010-07-26,NDX,^NDX,1890.4000244140625
2010-07-27,NDX,^NDX,1888.81005859375
2010-07-28,NDX,^NDX,1872.6199951171875
2010-07-29,NDX,^NDX,1860.300048828125
2010-07-30,NDX,^NDX,1864.0
2010-08-02,NDX,^NDX,1898.989990234375
2010-08-03,NDX,^NDX,1891.81005859375
2010-08-04,NDX,^NDX,1909.199951171875
2010-08-05,NDX,^NDX,1904.949951171875
2010-08-06,NDX,^NDX,1902.8800048828125
2010-08-09,NDX,^NDX,1915.1700439453125
2010-08-10,NDX,^NDX,1899.239990234375
2010-08-11,NDX,^NDX,1845.3800048828125
2010-08-12,NDX,^NDX,1832.1700439453125
2010-08-13,NDX,^NDX,1818.800048828125
2010-08-16,NDX,^NDX,1821.510009765625
2010-08-17,NDX,^NDX,1845.3699951171875
2010-08-18,NDX,^NDX,1850.800048828125
2010-08-19,NDX,^NDX,1823.0
2010-08-20,NDX,^NDX,1825.75
2010-08-23,NDX,^NDX,1808.31005859375
2010-08-24,NDX,^NDX,1775.27001953125
2010-08-25,NDX,^NDX,1790.8800048828125
2010-08-26,NDX,^NDX,1769.02001953125
2010-08-27,NDX,^NDX,1791.6400146484375
2010-08-30,NDX,^NDX,1772.0699462890625
2010-08-31,NDX,^NDX,1767.4300537109375
2010-09-01,NDX,^NDX,1820.050048828125
2010-09-02,NDX,^NDX,1840.5799560546875
2010-09-03,NDX,^NDX,1870.31005859375
2010-09-07,NDX,^NDX,1856.5
2010-09-08,NDX,^NDX,1880.0
2010-09-09,NDX,^NDX,1886.1400146484375
2010-09-10,NDX,^NDX,1892.3399658203125
2010-09-13,NDX,^NDX,1921.6700439453125
2010-09-14,NDX,^NDX,1928.5899658203125
2010-09-15,NDX,^NDX,1939.5999755859375
2010-09-16,NDX,^NDX,1948.1099853515625
2010-09-17,NDX,^NDX,1955.8299560546875
2010-09-20,NDX,^NDX,1989.4300537109375
2010-09-21,NDX,^NDX,1989.1099853515625
2010-09-22,NDX,^NDX,1982.760009765625
2010-09-23,NDX,^NDX,1982.1500244140625
2010-09-24,NDX,^NDX,2023.8399658203125
2010-09-27,NDX,^NDX,2010.989990234375
2010-09-28,NDX,^NDX,2012.4300537109375
2010-09-29,NDX,^NDX,2009.0799560546875
2010-09-30,NDX,^NDX,1998.0400390625
2010-10-01,NDX,^NDX,1996.5999755859375
2010-10-04,NDX,^NDX,1975.3299560546875
2010-10-05,NDX,^NDX,2024.6300048828125
2010-10-06,NDX,^NDX,2006.52001953125
2010-10-07,NDX,^NDX,2011.6300048828125
2010-10-08,NDX,^NDX,2027.030029296875
2010-10-11,NDX,^NDX,2026.97998046875
2010-10-12,NDX,^NDX,2041.550048828125
2010-10-13,NDX,^NDX,2057.25
2010-10-14,NDX,^NDX,2054.510009765625
2010-10-15,NDX,^NDX,2097.72998046875
2010-10-18,NDX,^NDX,2104.14990234375
2010-10-19,NDX,^NDX,2069.72998046875
2010-10-20,NDX,^NDX,2085.75
2010-10-21,NDX,^NDX,2090.10009765625
2010-10-22,NDX,^NDX,2104.2099609375
2010-10-25,NDX,^NDX,2113.550048828125
2010-10-26,NDX,^NDX,2119.050048828125
2010-10-27,NDX,^NDX,2125.8798828125
2010-10-28,NDX,^NDX,2129.72998046875
2010-10-29,NDX,^NDX,2124.449951171875
2010-11-01,NDX,^NDX,2128.419921875
2010-11-02,NDX,^NDX,2151.719970703125
2010-11-03,NDX,^NDX,2158.360107421875
2010-11-04,NDX,^NDX,2187.800048828125
2010-11-05,NDX,^NDX,2186.7099609375
2010-11-08,NDX,^NDX,2188.93994140625
2010-11-09,NDX,^NDX,2176.8798828125
2010-11-10,NDX,^NDX,2187.739990234375
2010-11-11,NDX,^NDX,2173.110107421875
2010-11-12,NDX,^NDX,2137.949951171875
2010-11-15,NDX,^NDX,2131.47998046875
2010-11-16,NDX,^NDX,2093.6298828125
2010-11-17,NDX,^NDX,2100.0
2010-11-18,NDX,^NDX,2134.77001953125
2010-11-19,NDX,^NDX,2135.27001953125
2010-11-22,NDX,^NDX,2150.860107421875
2010-11-23,NDX,^NDX,2116.610107421875
2010-11-24,NDX,^NDX,2160.52001953125
2010-11-26,NDX,^NDX,2153.909912109375
2010-11-29,NDX,^NDX,2144.56005859375
2010-11-30,NDX,^NDX,2117.330078125
2010-12-01,NDX,^NDX,2162.830078125
2010-12-02,NDX,^NDX,2185.300048828125
2010-12-03,NDX,^NDX,2191.169921875
2010-12-06,NDX,^NDX,2189.81005859375
2010-12-07,NDX,^NDX,2189.35009765625
2010-12-08,NDX,^NDX,2200.60009765625
2010-12-09,NDX,^NDX,2201.570068359375
2010-12-10,NDX,^NDX,2215.340087890625
2010-12-13,NDX,^NDX,2207.449951171875
2010-12-14,NDX,^NDX,2212.590087890625
2010-12-15,NDX,^NDX,2202.449951171875
2010-12-16,NDX,^NDX,2218.02001953125
2010-12-17,NDX,^NDX,2218.2900390625
2010-12-20,NDX,^NDX,2223.0400390625
2010-12-21,NDX,^NDX,2234.570068359375
2010-12-22,NDX,^NDX,2235.909912109375
2010-12-23,NDX,^NDX,2230.27001953125
2010-12-27,NDX,^NDX,2229.860107421875
2010-12-28,NDX,^NDX,2227.419921875
2010-12-29,NDX,^NDX,2231.639892578125
2010-12-30,NDX,^NDX,2225.719970703125
2010-12-31,NDX,^NDX,2217.860107421875
2011-01-03,NDX,^NDX,2254.22998046875
2011-01-04,NDX,^NDX,2251.4599609375
2011-01-05,NDX,^NDX,2270.39990234375
2011-01-06,NDX,^NDX,2277.510009765625
2011-01-07,NDX,^NDX,2276.699951171875
2011-01-10,NDX,^NDX,2284.3798828125
2011-01-11,NDX,^NDX,2288.72998046875
2011-01-12,NDX,^NDX,2304.8798828125
2011-01-13,NDX,^NDX,2305.530029296875
2011-01-14,NDX,^NDX,2323.429931640625
2011-01-18,NDX,^NDX,2328.7900390625
2011-01-19,NDX,^NDX,2303.320068359375
2011-01-20,NDX,^NDX,2286.080078125
2011-01-21,NDX,^NDX,2268.320068359375
2011-01-24,NDX,^NDX,2300.389892578125
2011-01-25,NDX,^NDX,2304.030029296875
2011-01-26,NDX,^NDX,2314.18994140625
2011-01-27,NDX,^NDX,2330.070068359375
2011-01-28,NDX,^NDX,2270.510009765625
2011-01-31,NDX,^NDX,2281.909912109375
2011-02-01,NDX,^NDX,2324.949951171875
2011-02-02,NDX,^NDX,2321.090087890625
2011-02-03,NDX,^NDX,2323.070068359375
2011-02-04,NDX,^NDX,2338.199951171875
2011-02-07,NDX,^NDX,2349.199951171875
2011-02-08,NDX,^NDX,2363.610107421875
2011-02-09,NDX,^NDX,2360.949951171875
2011-02-10,NDX,^NDX,2364.35009765625
2011-02-11,NDX,^NDX,2379.14990234375
2011-02-14,NDX,^NDX,2385.60009765625
2011-02-15,NDX,^NDX,2381.919921875
2011-02-16,NDX,^NDX,2397.93994140625
2011-02-17,NDX,^NDX,2397.570068359375
2011-02-18,NDX,^NDX,2392.469970703125
2011-02-22,NDX,^NDX,2322.860107421875
2011-02-23,NDX,^NDX,2300.93994140625
2011-02-24,NDX,^NDX,2313.31005859375
2011-02-25,NDX,^NDX,2346.2900390625
2011-02-28,NDX,^NDX,2350.989990234375
2011-03-01,NDX,^NDX,2315.260009765625
2011-03-02,NDX,^NDX,2326.77001953125
2011-03-03,NDX,^NDX,2371.760009765625
2011-03-04,NDX,^NDX,2359.9599609375
2011-03-07,NDX,^NDX,2328.070068359375
2011-03-08,NDX,^NDX,2337.550048828125
2011-03-09,NDX,^NDX,2322.68994140625
2011-03-10,NDX,^NDX,2284.2900390625
2011-03-11,NDX,^NDX,2299.260009765625
2011-03-14,NDX,^NDX,2290.719970703125
2011-03-15,NDX,^NDX,2259.6201171875
2011-03-16,NDX,^NDX,2202.969970703125
2011-03-17,NDX,^NDX,2225.239990234375
2011-03-18,NDX,^NDX,2221.070068359375
2011-03-21,NDX,^NDX,2262.699951171875
2011-03-22,NDX,^NDX,2257.9599609375
2011-03-23,NDX,^NDX,2270.5
2011-03-24,NDX,^NDX,2312.090087890625
2011-03-25,NDX,^NDX,2316.360107421875
2011-03-28,NDX,^NDX,2303.10009765625
2011-03-29,NDX,^NDX,2325.5400390625
2011-03-30,NDX,^NDX,2336.52001953125
2011-03-31,NDX,^NDX,2338.989990234375
2011-04-01,NDX,^NDX,2342.919921875
2011-04-04,NDX,^NDX,2334.5400390625
2011-04-05,NDX,^NDX,2327.8701171875
2011-04-06,NDX,^NDX,2332.340087890625
2011-04-07,NDX,^NDX,2332.8798828125
2011-04-08,NDX,^NDX,2321.179931640625
2011-04-11,NDX,^NDX,2314.5
2011-04-12,NDX,^NDX,2298.300048828125
2011-04-13,NDX,^NDX,2316.6298828125
2011-04-14,NDX,^NDX,2311.25
2011-04-15,NDX,^NDX,2307.580078125
2011-04-18,NDX,^NDX,2292.340087890625
2011-04-19,NDX,^NDX,2306.77001953125
2011-04-20,NDX,^NDX,2357.760009765625
2011-04-21,NDX,^NDX,2377.300048828125
2011-04-25,NDX,^NDX,2383.719970703125
2011-04-26,NDX,^NDX,2396.030029296875
2011-04-27,NDX,^NDX,2413.590087890625
2011-04-28,NDX,^NDX,2409.89990234375
2011-04-29,NDX,^NDX,2404.080078125
2011-05-02,NDX,^NDX,2404.239990234375
2011-05-03,NDX,^NDX,2392.800048828125
2011-05-04,NDX,^NDX,2387.510009765625
2011-05-05,NDX,^NDX,2375.2099609375
2011-05-06,NDX,^NDX,2383.179931640625
2011-05-09,NDX,^NDX,2390.969970703125
2011-05-10,NDX,^NDX,2411.35009765625
2011-05-11,NDX,^NDX,2393.080078125
2011-05-12,NDX,^NDX,2407.889892578125
2011-05-13,NDX,^NDX,2379.239990234375
2011-05-16,NDX,^NDX,2337.85009765625
2011-05-17,NDX,^NDX,2343.510009765625
2011-05-18,NDX,^NDX,2362.949951171875
2011-05-19,NDX,^NDX,2369.669921875
2011-05-20,NDX,^NDX,2351.429931640625
2011-05-23,NDX,^NDX,2316.780029296875
2011-05-24,NDX,^NDX,2303.550048828125
2011-05-25,NDX,^NDX,2310.949951171875
2011-05-26,NDX,^NDX,2325.929931640625
2011-05-27,NDX,^NDX,2336.090087890625
2011-05-31,NDX,^NDX,2372.5400390625
2011-06-01,NDX,^NDX,2322.47998046875
2011-06-02,NDX,^NDX,2326.699951171875
2011-06-03,NDX,^NDX,2292.31005859375
2011-06-06,NDX,^NDX,2274.47998046875
2011-06-07,NDX,^NDX,2268.9599609375
2011-06-08,NDX,^NDX,2252.889892578125
2011-06-09,NDX,^NDX,2256.64990234375
2011-06-10,NDX,^NDX,2221.090087890625
2011-06-13,NDX,^NDX,2222.280029296875
2011-06-14,NDX,^NDX,2250.340087890625
2011-06-15,NDX,^NDX,2209.010009765625
2011-06-16,NDX,^NDX,2199.929931640625
2011-06-17,NDX,^NDX,2192.9599609375
2011-06-20,NDX,^NDX,2204.360107421875
2011-06-21,NDX,^NDX,2251.820068359375
2011-06-22,NDX,^NDX,2235.75
2011-06-23,NDX,^NDX,2255.050048828125
2011-06-24,NDX,^NDX,2217.06005859375
2011-06-27,NDX,^NDX,2252.239990234375
2011-06-28,NDX,^NDX,2285.75
2011-06-29,NDX,^NDX,2294.429931640625
2011-06-30,NDX,^NDX,2325.070068359375
2011-07-01,NDX,^NDX,2361.389892578125
2011-07-05,NDX,^NDX,2371.2099609375
2011-07-06,NDX,^NDX,2378.580078125
2011-07-07,NDX,^NDX,2412.889892578125
2011-07-08,NDX,^NDX,2405.889892578125
2011-07-11,NDX,^NDX,2362.0
2011-07-12,NDX,^NDX,2343.7900390625
2011-07-13,NDX,^NDX,2352.429931640625
2011-07-14,NDX,^NDX,2325.06005859375
2011-07-15,NDX,^NDX,2356.669921875
2011-07-18,NDX,^NDX,2344.010009765625
2011-07-19,NDX,^NDX,2398.169921875
2011-07-20,NDX,^NDX,2387.800048828125
2011-07-21,NDX,^NDX,2404.239990234375
2011-07-22,NDX,^NDX,2429.5
2011-07-25,NDX,^NDX,2424.14990234375
2011-07-26,NDX,^NDX,2429.449951171875
2011-07-27,NDX,^NDX,2367.159912109375
2011-07-28,NDX,^NDX,2371.77001953125
2011-07-29,NDX,^NDX,2362.81005859375
2011-08-01,NDX,^NDX,2354.050048828125
2011-08-02,NDX,^NDX,2292.85009765625
2011-08-03,NDX,^NDX,2312.780029296875
2011-08-04,NDX,^NDX,2207.199951171875
2011-08-05,NDX,^NDX,2194.3798828125
2011-08-08,NDX,^NDX,2060.2900390625
2011-08-09,NDX,^NDX,2160.7900390625
2011-08-10,NDX,^NDX,2073.090087890625
2011-08-11,NDX,^NDX,2167.070068359375
2011-08-12,NDX,^NDX,2182.050048828125
2011-08-15,NDX,^NDX,2214.1201171875
2011-08-16,NDX,^NDX,2194.27001953125
2011-08-17,NDX,^NDX,2181.6201171875
2011-08-18,NDX,^NDX,2073.030029296875
2011-08-19,NDX,^NDX,2038.219970703125
2011-08-22,NDX,^NDX,2044.72998046875
2011-08-23,NDX,^NDX,2129.27001953125
2011-08-24,NDX,^NDX,2145.0400390625
2011-08-25,NDX,^NDX,2108.2099609375
2011-08-26,NDX,^NDX,2161.969970703125
2011-08-29,NDX,^NDX,2223.9599609375
2011-08-30,NDX,^NDX,2237.68994140625
2011-08-31,NDX,^NDX,2241.010009765625
2011-09-01,NDX,^NDX,2219.050048828125
2011-09-02,NDX,^NDX,2167.830078125
2011-09-06,NDX,^NDX,2167.60009765625
2011-09-07,NDX,^NDX,2223.75
2011-09-08,NDX,^NDX,2214.2900390625
2011-09-09,NDX,^NDX,2163.659912109375
2011-09-12,NDX,^NDX,2191.840087890625
2011-09-13,NDX,^NDX,2220.580078125
2011-09-14,NDX,^NDX,2252.75
2011-09-15,NDX,^NDX,2286.56005859375
2011-09-16,NDX,^NDX,2306.090087890625
2011-09-19,NDX,^NDX,2308.760009765625
2011-09-20,NDX,^NDX,2295.889892578125
2011-09-21,NDX,^NDX,2258.300048828125
2011-09-22,NDX,^NDX,2184.590087890625
2011-09-23,NDX,^NDX,2206.860107421875
2011-09-26,NDX,^NDX,2234.280029296875
2011-09-27,NDX,^NDX,2253.550048828125
2011-09-28,NDX,^NDX,2220.840087890625
2011-09-29,NDX,^NDX,2197.679931640625
2011-09-30,NDX,^NDX,2139.179931640625
2011-10-03,NDX,^NDX,2085.0400390625
2011-10-04,NDX,^NDX,2129.2099609375
2011-10-05,NDX,^NDX,2182.77001953125
2011-10-06,NDX,^NDX,2217.989990234375
2011-10-07,NDX,^NDX,2202.760009765625
2011-10-10,NDX,^NDX,2278.64990234375
2011-10-11,NDX,^NDX,2294.919921875
2011-10-12,NDX,^NDX,2307.179931640625
2011-10-13,NDX,^NDX,2326.8798828125
2011-10-14,NDX,^NDX,2371.93994140625
2011-10-17,NDX,^NDX,2334.3798828125
2011-10-18,NDX,^NDX,2364.8701171875
2011-10-19,NDX,^NDX,2316.81005859375
2011-10-20,NDX,^NDX,2306.2900390625
2011-10-21,NDX,^NDX,2335.929931640625
2011-10-24,NDX,^NDX,2384.419921875
2011-10-25,NDX,^NDX,2335.8701171875
2011-10-26,NDX,^NDX,2334.7900390625
2011-10-27,NDX,^NDX,2399.830078125
2011-10-28,NDX,^NDX,2401.2900390625
2011-10-31,NDX,^NDX,2360.080078125
2011-11-01,NDX,^NDX,2298.3701171875
2011-11-02,NDX,^NDX,2318.320068359375
2011-11-03,NDX,^NDX,2367.7099609375
2011-11-04,NDX,^NDX,2356.320068359375
2011-11-07,NDX,^NDX,2371.0400390625
2011-11-08,NDX,^NDX,2400.010009765625
2011-11-09,NDX,^NDX,2314.10009765625
2011-11-10,NDX,^NDX,2312.070068359375
2011-11-11,NDX,^NDX,2355.780029296875
2011-11-14,NDX,^NDX,2341.320068359375
2011-11-15,NDX,^NDX,2366.239990234375
2011-11-16,NDX,^NDX,2324.3701171875
2011-11-17,NDX,^NDX,2272.090087890625
2011-11-18,NDX,^NDX,2253.949951171875
2011-11-21,NDX,^NDX,2211.139892578125
2011-11-22,NDX,^NDX,2216.330078125
2011-11-23,NDX,^NDX,2166.5400390625
2011-11-25,NDX,^NDX,2150.8798828125
2011-11-28,NDX,^NDX,2224.219970703125
2011-11-29,NDX,^NDX,2211.389892578125
2011-11-30,NDX,^NDX,2295.199951171875
2011-12-01,NDX,^NDX,2309.199951171875
2011-12-02,NDX,^NDX,2302.0400390625
2011-12-05,NDX,^NDX,2326.949951171875
2011-12-06,NDX,^NDX,2321.489990234375
2011-12-07,NDX,^NDX,2320.5400390625
2011-12-08,NDX,^NDX,2282.590087890625
2011-12-09,NDX,^NDX,2318.679931640625
2011-12-12,NDX,^NDX,2292.239990234375
2011-12-13,NDX,^NDX,2268.3701171875
2011-12-14,NDX,^NDX,2233.030029296875
2011-12-15,NDX,^NDX,2226.7099609375
2011-12-16,NDX,^NDX,2238.179931640625
2011-12-19,NDX,^NDX,2215.27001953125
2011-12-20,NDX,^NDX,2281.93994140625
2011-12-21,NDX,^NDX,2249.030029296875
2011-12-22,NDX,^NDX,2266.77001953125
2011-12-23,NDX,^NDX,2287.570068359375
2011-12-27,NDX,^NDX,2293.1201171875
2011-12-28,NDX,^NDX,2267.080078125
2011-12-29,NDX,^NDX,2285.070068359375
2011-12-30,NDX,^NDX,2277.830078125
2012-01-03,NDX,^NDX,2321.9599609375
2012-01-04,NDX,^NDX,2329.7099609375
2012-01-05,NDX,^NDX,2348.97998046875
2012-01-06,NDX,^NDX,2356.169921875
2012-01-09,NDX,^NDX,2350.64990234375
2012-01-10,NDX,^NDX,2367.3798828125
2012-01-11,NDX,^NDX,2372.25
2012-01-12,NDX,^NDX,2381.989990234375
2012-01-13,NDX,^NDX,2371.97998046875
2012-01-17,NDX,^NDX,2393.239990234375
2012-01-18,NDX,^NDX,2425.9599609375
2012-01-19,NDX,^NDX,2441.699951171875
2012-01-20,NDX,^NDX,2437.02001953125
2012-01-23,NDX,^NDX,2437.219970703125
2012-01-24,NDX,^NDX,2433.9599609375
2012-01-25,NDX,^NDX,2465.659912109375
2012-01-26,NDX,^NDX,2454.6298828125
2012-01-27,NDX,^NDX,2461.77001953125
2012-01-30,NDX,^NDX,2465.320068359375
2012-01-31,NDX,^NDX,2467.949951171875
2012-02-01,NDX,^NDX,2488.179931640625
2012-02-02,NDX,^NDX,2495.830078125
2012-02-03,NDX,^NDX,2529.169921875
2012-02-06,NDX,^NDX,2528.300048828125
2012-02-07,NDX,^NDX,2532.06005859375
2012-02-08,NDX,^NDX,2545.719970703125
2012-02-09,NDX,^NDX,2563.929931640625
2012-02-10,NDX,^NDX,2547.320068359375
2012-02-13,NDX,^NDX,2569.489990234375
2012-02-14,NDX,^NDX,2575.239990234375
2012-02-15,NDX,^NDX,2556.010009765625
2012-02-16,NDX,^NDX,2592.2900390625
2012-02-17,NDX,^NDX,2584.239990234375
2012-02-21,NDX,^NDX,2590.239990234375
2012-02-22,NDX,^NDX,2579.780029296875
2012-02-23,NDX,^NDX,2594.929931640625
2012-02-24,NDX,^NDX,2604.2099609375
2012-02-27,NDX,^NDX,2606.760009765625
2012-02-28,NDX,^NDX,2633.4599609375
2012-02-29,NDX,^NDX,2623.10009765625
2012-03-01,NDX,^NDX,2643.5400390625
2012-03-02,NDX,^NDX,2641.580078125
2012-03-05,NDX,^NDX,2614.919921875
2012-03-06,NDX,^NDX,2588.949951171875
2012-03-07,NDX,^NDX,2607.85009765625
2012-03-08,NDX,^NDX,2637.179931640625
2012-03-09,NDX,^NDX,2646.85009765625
2012-03-12,NDX,^NDX,2646.85009765625
2012-03-13,NDX,^NDX,2697.429931640625
2012-03-14,NDX,^NDX,2708.409912109375
2012-03-15,NDX,^NDX,2714.7900390625
2012-03-16,NDX,^NDX,2712.780029296875
2012-03-19,NDX,^NDX,2733.260009765625
2012-03-20,NDX,^NDX,2737.6298828125
2012-03-21,NDX,^NDX,2736.8798828125
2012-03-22,NDX,^NDX,2731.5
2012-03-23,NDX,^NDX,2728.550048828125
2012-03-26,NDX,^NDX,2778.02001953125
2012-03-27,NDX,^NDX,2782.1201171875
2012-03-28,NDX,^NDX,2770.969970703125
2012-03-29,NDX,^NDX,2762.050048828125
2012-03-30,NDX,^NDX,2755.27001953125
2012-04-02,NDX,^NDX,2784.419921875
2012-04-03,NDX,^NDX,2782.780029296875
2012-04-04,NDX,^NDX,2745.0
2012-04-05,NDX,^NDX,2762.5
2012-04-09,NDX,^NDX,2739.97998046875
2012-04-10,NDX,^NDX,2695.1201171875
2012-04-11,NDX,^NDX,2708.1298828125
2012-04-12,NDX,^NDX,2740.260009765625
2012-04-13,NDX,^NDX,2698.989990234375
2012-04-16,NDX,^NDX,2670.10009765625
2012-04-17,NDX,^NDX,2723.580078125
2012-04-18,NDX,^NDX,2716.139892578125
2012-04-19,NDX,^NDX,2686.820068359375
2012-04-20,NDX,^NDX,2676.0400390625
2012-04-23,NDX,^NDX,2653.5
2012-04-24,NDX,^NDX,2638.72998046875
2012-04-25,NDX,^NDX,2709.6201171875
2012-04-26,NDX,^NDX,2725.22998046875
2012-04-27,NDX,^NDX,2741.340087890625
2012-04-30,NDX,^NDX,2723.679931640625
2012-05-01,NDX,^NDX,2726.919921875
2012-05-02,NDX,^NDX,2734.77001953125
2012-05-03,NDX,^NDX,2704.590087890625
2012-05-04,NDX,^NDX,2637.919921875
2012-05-07,NDX,^NDX,2639.280029296875
2012-05-08,NDX,^NDX,2629.8701171875
2012-05-09,NDX,^NDX,2621.35009765625
2012-05-10,NDX,^NDX,2616.239990234375
2012-05-11,NDX,^NDX,2615.97998046875
2012-05-14,NDX,^NDX,2590.280029296875
2012-05-15,NDX,^NDX,2580.75
2012-05-16,NDX,^NDX,2561.56005859375
2012-05-17,NDX,^NDX,2509.050048828125
2012-05-18,NDX,^NDX,2478.530029296875
2012-05-21,NDX,^NDX,2545.429931640625
2012-05-22,NDX,^NDX,2539.199951171875
2012-05-23,NDX,^NDX,2547.080078125
2012-05-24,NDX,^NDX,2531.35009765625
2012-05-25,NDX,^NDX,2527.050048828125
2012-05-29,NDX,^NDX,2558.969970703125
2012-05-30,NDX,^NDX,2537.39990234375
2012-05-31,NDX,^NDX,2524.8701171875
2012-06-01,NDX,^NDX,2458.830078125
2012-06-04,NDX,^NDX,2478.1298828125
2012-06-05,NDX,^NDX,2487.5
2012-06-06,NDX,^NDX,2546.320068359375
2012-06-07,NDX,^NDX,2535.409912109375
2012-06-08,NDX,^NDX,2559.2099609375
2012-06-11,NDX,^NDX,2517.179931640625
2012-06-12,NDX,^NDX,2546.199951171875
2012-06-13,NDX,^NDX,2527.43994140625
2012-06-14,NDX,^NDX,2539.969970703125
2012-06-15,NDX,^NDX,2571.22998046875
2012-06-18,NDX,^NDX,2592.52001953125
2012-06-19,NDX,^NDX,2620.830078125
2012-06-20,NDX,^NDX,2623.330078125
2012-06-21,NDX,^NDX,2556.9599609375
2012-06-22,NDX,^NDX,2585.530029296875
2012-06-25,NDX,^NDX,2533.5400390625
2012-06-26,NDX,^NDX,2549.840087890625
2012-06-27,NDX,^NDX,2565.530029296875
2012-06-28,NDX,^NDX,2536.64990234375
2012-06-29,NDX,^NDX,2615.719970703125
2012-07-02,NDX,^NDX,2625.030029296875
2012-07-03,NDX,^NDX,2645.840087890625
2012-07-05,NDX,^NDX,2647.469970703125
2012-07-06,NDX,^NDX,2612.2900390625
2012-07-09,NDX,^NDX,2610.31005859375
2012-07-10,NDX,^NDX,2585.52001953125
2012-07-11,NDX,^NDX,2570.989990234375
2012-07-12,NDX,^NDX,2545.300048828125
2012-07-13,NDX,^NDX,2584.969970703125
2012-07-16,NDX,^NDX,2577.050048828125
2012-07-17,NDX,^NDX,2591.64990234375
2012-07-18,NDX,^NDX,2625.8701171875
2012-07-19,NDX,^NDX,2655.81005859375
2012-07-20,NDX,^NDX,2618.0400390625
2012-07-23,NDX,^NDX,2589.929931640625
2012-07-24,NDX,^NDX,2567.4599609375
2012-07-25,NDX,^NDX,2549.199951171875
2012-07-26,NDX,^NDX,2584.85009765625
2012-07-27,NDX,^NDX,2647.030029296875
2012-07-30,NDX,^NDX,2642.1201171875
2012-07-31,NDX,^NDX,2642.530029296875
2012-08-01,NDX,^NDX,2635.1298828125
2012-08-02,NDX,^NDX,2625.52001953125
2012-08-03,NDX,^NDX,2676.0
2012-08-06,NDX,^NDX,2694.090087890625
2012-08-07,NDX,^NDX,2717.159912109375
2012-08-08,NDX,^NDX,2714.02001953125
2012-08-09,NDX,^NDX,2719.610107421875
2012-08-10,NDX,^NDX,2722.9599609375
2012-08-13,NDX,^NDX,2728.679931640625
2012-08-14,NDX,^NDX,2727.7900390625
2012-08-15,NDX,^NDX,2735.469970703125
2012-08-16,NDX,^NDX,2768.090087890625
2012-08-17,NDX,^NDX,2780.300048828125
2012-08-20,NDX,^NDX,2784.330078125
2012-08-21,NDX,^NDX,2772.199951171875
2012-08-22,NDX,^NDX,2783.419921875
2012-08-23,NDX,^NDX,2762.02001953125
2012-08-24,NDX,^NDX,2778.050048828125
2012-08-27,NDX,^NDX,2782.550048828125
2012-08-28,NDX,^NDX,2782.68994140625
2012-08-29,NDX,^NDX,2784.0
2012-08-30,NDX,^NDX,2753.739990234375
2012-08-31,NDX,^NDX,2772.239990234375
2012-09-04,NDX,^NDX,2772.030029296875
2012-09-05,NDX,^NDX,2766.949951171875
2012-09-06,NDX,^NDX,2829.7099609375
2012-09-07,NDX,^NDX,2825.110107421875
2012-09-10,NDX,^NDX,2788.35009765625
2012-09-11,NDX,^NDX,2784.889892578125
2012-09-12,NDX,^NDX,2791.679931640625
2012-09-13,NDX,^NDX,2831.35009765625
2012-09-14,NDX,^NDX,2855.22998046875
2012-09-17,NDX,^NDX,2856.43994140625
2012-09-18,NDX,^NDX,2857.3798828125
2012-09-19,NDX,^NDX,2864.030029296875
2012-09-20,NDX,^NDX,2861.699951171875
2012-09-21,NDX,^NDX,2861.639892578125
2012-09-24,NDX,^NDX,2843.97998046875
2012-09-25,NDX,^NDX,2804.530029296875
2012-09-26,NDX,^NDX,2781.6298828125
2012-09-27,NDX,^NDX,2821.60009765625
2012-09-28,NDX,^NDX,2799.18994140625
2012-10-01,NDX,^NDX,2794.280029296875
2012-10-02,NDX,^NDX,2799.2900390625
2012-10-03,NDX,^NDX,2818.840087890625
2012-10-04,NDX,^NDX,2828.60009765625
2012-10-05,NDX,^NDX,2811.93994140625
2012-10-08,NDX,^NDX,2786.919921875
2012-10-09,NDX,^NDX,2741.919921875
2012-10-10,NDX,^NDX,2728.5400390625
2012-10-11,NDX,^NDX,2719.2099609375
2012-10-12,NDX,^NDX,2720.139892578125
2012-10-15,NDX,^NDX,2739.8701171875
2012-10-16,NDX,^NDX,2778.3798828125
2012-10-17,NDX,^NDX,2775.6201171875
2012-10-18,NDX,^NDX,2744.169921875
2012-10-19,NDX,^NDX,2678.320068359375
2012-10-22,NDX,^NDX,2694.56005859375
2012-10-23,NDX,^NDX,2666.02001953125
2012-10-24,NDX,^NDX,2655.550048828125
2012-10-25,NDX,^NDX,2657.659912109375
2012-10-26,NDX,^NDX,2665.830078125
2012-10-31,NDX,^NDX,2647.919921875
2012-11-01,NDX,^NDX,2687.52001953125
2012-11-02,NDX,^NDX,2656.280029296875
2012-11-05,NDX,^NDX,2672.909912109375
2012-11-06,NDX,^NDX,2681.050048828125
2012-11-07,NDX,^NDX,2612.68994140625
2012-11-08,NDX,^NDX,2572.570068359375
2012-11-09,NDX,^NDX,2584.10009765625
2012-11-12,NDX,^NDX,2582.77001953125
2012-11-13,NDX,^NDX,2561.860107421875
2012-11-14,NDX,^NDX,2531.8701171875
2012-11-15,NDX,^NDX,2524.360107421875
2012-11-16,NDX,^NDX,2534.159912109375
2012-11-19,NDX,^NDX,2595.830078125
2012-11-20,NDX,^NDX,2594.659912109375
2012-11-21,NDX,^NDX,2600.47998046875
2012-11-23,NDX,^NDX,2639.590087890625
2012-11-26,NDX,^NDX,2651.669921875
2012-11-27,NDX,^NDX,2641.419921875
2012-11-28,NDX,^NDX,2665.27001953125
2012-11-29,NDX,^NDX,2680.030029296875
2012-11-30,NDX,^NDX,2677.8798828125
2012-12-03,NDX,^NDX,2671.840087890625
2012-12-04,NDX,^NDX,2667.889892578125
2012-12-05,NDX,^NDX,2637.889892578125
2012-12-06,NDX,^NDX,2656.300048828125
2012-12-07,NDX,^NDX,2640.5400390625
2012-12-10,NDX,^NDX,2647.570068359375
2012-12-11,NDX,^NDX,2682.070068359375
2012-12-12,NDX,^NDX,2674.570068359375
2012-12-13,NDX,^NDX,2654.010009765625
2012-12-14,NDX,^NDX,2628.090087890625
2012-12-17,NDX,^NDX,2664.260009765625
2012-12-18,NDX,^NDX,2705.389892578125
2012-12-19,NDX,^NDX,2690.989990234375
2012-12-20,NDX,^NDX,2693.550048828125
2012-12-21,NDX,^NDX,2664.669921875
2012-12-24,NDX,^NDX,2658.050048828125
2012-12-26,NDX,^NDX,2637.179931640625
2012-12-27,NDX,^NDX,2632.93994140625
2012-12-28,NDX,^NDX,2606.360107421875
2012-12-31,NDX,^NDX,2660.929931640625
2013-01-02,NDX,^NDX,2746.469970703125
2013-01-03,NDX,^NDX,2732.260009765625
2013-01-04,NDX,^NDX,2724.489990234375
2013-01-07,NDX,^NDX,2724.219970703125
2013-01-08,NDX,^NDX,2718.719970703125
2013-01-09,NDX,^NDX,2727.64990234375
2013-01-10,NDX,^NDX,2744.179931640625
2013-01-11,NDX,^NDX,2748.260009765625
2013-01-14,NDX,^NDX,2735.699951171875
2013-01-15,NDX,^NDX,2722.97998046875
2013-01-16,NDX,^NDX,2734.72998046875
2013-01-17,NDX,^NDX,2747.14990234375
2013-01-18,NDX,^NDX,2743.239990234375
2013-01-22,NDX,^NDX,2746.18994140625
2013-01-23,NDX,^NDX,2762.169921875
2013-01-24,NDX,^NDX,2723.530029296875
2013-01-25,NDX,^NDX,2736.72998046875
2013-01-28,NDX,^NDX,2742.429931640625
2013-01-29,NDX,^NDX,2743.580078125
2013-01-30,NDX,^NDX,2738.7099609375
2013-01-31,NDX,^NDX,2731.530029296875
2013-02-01,NDX,^NDX,2763.9599609375
2013-02-04,NDX,^NDX,2715.679931640625
2013-02-05,NDX,^NDX,2754.989990234375
2013-02-06,NDX,^NDX,2746.35009765625
2013-02-07,NDX,^NDX,2746.5
2013-02-08,NDX,^NDX,2775.56005859375
2013-02-11,NDX,^NDX,2774.639892578125
2013-02-12,NDX,^NDX,2762.6201171875
2013-02-13,NDX,^NDX,2773.77001953125
2013-02-14,NDX,^NDX,2771.429931640625
2013-02-15,NDX,^NDX,2764.669921875
2013-02-19,NDX,^NDX,2782.860107421875
2013-02-20,NDX,^NDX,2739.989990234375
2013-02-21,NDX,^NDX,2711.510009765625
2013-02-22,NDX,^NDX,2737.280029296875
2013-02-25,NDX,^NDX,2700.969970703125
2013-02-26,NDX,^NDX,2713.02001953125
2013-02-27,NDX,^NDX,2741.260009765625
2013-02-28,NDX,^NDX,2738.580078125
2013-03-01,NDX,^NDX,2747.75
2013-03-04,NDX,^NDX,2759.530029296875
2013-03-05,NDX,^NDX,2799.25
2013-03-06,NDX,^NDX,2792.56005859375
2013-03-07,NDX,^NDX,2799.489990234375
2013-03-08,NDX,^NDX,2804.110107421875
2013-03-11,NDX,^NDX,2811.860107421875
2013-03-12,NDX,^NDX,2800.81005859375
2013-03-13,NDX,^NDX,2798.679931640625
2013-03-14,NDX,^NDX,2807.300048828125
2013-03-15,NDX,^NDX,2799.409912109375
2013-03-18,NDX,^NDX,2792.300048828125
2013-03-19,NDX,^NDX,2787.27001953125
2013-03-20,NDX,^NDX,2805.909912109375
2013-03-21,NDX,^NDX,2774.85009765625
2013-03-22,NDX,^NDX,2800.81005859375
2013-03-25,NDX,^NDX,2789.449951171875
2013-03-26,NDX,^NDX,2806.5
2013-03-27,NDX,^NDX,2809.97998046875
2013-03-28,NDX,^NDX,2818.68994140625
2013-04-01,NDX,^NDX,2797.070068359375
2013-04-02,NDX,^NDX,2820.6201171875
2013-04-03,NDX,^NDX,2795.0400390625
2013-04-04,NDX,^NDX,2794.919921875
2013-04-05,NDX,^NDX,2771.75
2013-04-08,NDX,^NDX,2786.1298828125
2013-04-09,NDX,^NDX,2804.669921875
2013-04-10,NDX,^NDX,2859.2099609375
2013-04-11,NDX,^NDX,2859.070068359375
2013-04-12,NDX,^NDX,2856.47998046875
2013-04-15,NDX,^NDX,2797.469970703125
2013-04-16,NDX,^NDX,2838.409912109375
2013-04-17,NDX,^NDX,2781.97998046875
2013-04-18,NDX,^NDX,2741.949951171875
2013-04-19,NDX,^NDX,2780.4599609375
2013-04-22,NDX,^NDX,2810.070068359375
2013-04-23,NDX,^NDX,2835.3701171875
2013-04-24,NDX,^NDX,2834.1201171875
2013-04-25,NDX,^NDX,2848.659912109375
2013-04-26,NDX,^NDX,2840.550048828125
2013-04-29,NDX,^NDX,2866.949951171875
2013-04-30,NDX,^NDX,2887.43994140625
2013-05-01,NDX,^NDX,2873.35009765625
2013-05-02,NDX,^NDX,2911.139892578125
2013-05-03,NDX,^NDX,2944.590087890625
2013-05-06,NDX,^NDX,2955.360107421875
2013-05-07,NDX,^NDX,2952.8798828125
2013-05-08,NDX,^NDX,2968.239990234375
2013-05-09,NDX,^NDX,2961.1201171875
2013-05-10,NDX,^NDX,2981.02001953125
2013-05-13,NDX,^NDX,2982.090087890625
2013-05-14,NDX,^NDX,2996.050048828125
2013-05-15,NDX,^NDX,3002.6201171875
2013-05-16,NDX,^NDX,2999.340087890625
2013-05-17,NDX,^NDX,3028.9599609375
2013-05-20,NDX,^NDX,3020.969970703125
2013-05-21,NDX,^NDX,3026.449951171875
2013-05-22,NDX,^NDX,2999.1298828125
2013-05-23,NDX,^NDX,2991.449951171875
2013-05-24,NDX,^NDX,2991.02001953125
2013-05-28,NDX,^NDX,3011.93994140625
2013-05-29,NDX,^NDX,2994.820068359375
2013-05-30,NDX,^NDX,3011.830078125
2013-05-31,NDX,^NDX,2981.760009765625
2013-06-03,NDX,^NDX,2990.7900390625
2013-06-04,NDX,^NDX,2973.68994140625
2013-06-05,NDX,^NDX,2937.139892578125
2013-06-06,NDX,^NDX,2950.300048828125
2013-06-07,NDX,^NDX,2990.8701171875
2013-06-10,NDX,^NDX,2990.489990234375
2013-06-11,NDX,^NDX,2959.840087890625
2013-06-12,NDX,^NDX,2926.139892578125
2013-06-13,NDX,^NDX,2962.89990234375
2013-06-14,NDX,^NDX,2943.860107421875
2013-06-17,NDX,^NDX,2971.260009765625
2013-06-18,NDX,^NDX,2996.090087890625
2013-06-19,NDX,^NDX,2959.5
2013-06-20,NDX,^NDX,2890.330078125
2013-06-21,NDX,^NDX,2877.93994140625
2013-06-24,NDX,^NDX,2848.199951171875
2013-06-25,NDX,^NDX,2866.5
2013-06-26,NDX,^NDX,2893.85009765625
2013-06-27,NDX,^NDX,2906.840087890625
2013-06-28,NDX,^NDX,2909.60009765625
2013-07-01,NDX,^NDX,2927.35009765625
2013-07-02,NDX,^NDX,2929.6298828125
2013-07-03,NDX,^NDX,2941.409912109375
2013-07-05,NDX,^NDX,2963.219970703125
2013-07-08,NDX,^NDX,2966.1298828125
2013-07-09,NDX,^NDX,2984.320068359375
2013-07-10,NDX,^NDX,3000.659912109375
2013-07-11,NDX,^NDX,3059.4599609375
2013-07-12,NDX,^NDX,3079.070068359375
2013-07-15,NDX,^NDX,3079.85009765625
2013-07-16,NDX,^NDX,3077.469970703125
2013-07-17,NDX,^NDX,3085.280029296875
2013-07-18,NDX,^NDX,3077.820068359375
2013-07-19,NDX,^NDX,3044.929931640625
2013-07-22,NDX,^NDX,3055.22998046875
2013-07-23,NDX,^NDX,3031.39990234375
2013-07-24,NDX,^NDX,3041.159912109375
2013-07-25,NDX,^NDX,3061.669921875
2013-07-26,NDX,^NDX,3076.22998046875
2013-07-29,NDX,^NDX,3068.949951171875
2013-07-30,NDX,^NDX,3085.330078125
2013-07-31,NDX,^NDX,3090.18994140625
2013-08-01,NDX,^NDX,3126.300048828125
2013-08-02,NDX,^NDX,3143.52001953125
2013-08-05,NDX,^NDX,3143.18994140625
2013-08-06,NDX,^NDX,3122.199951171875
2013-08-07,NDX,^NDX,3118.68994140625
2013-08-08,NDX,^NDX,3130.1298828125
2013-08-09,NDX,^NDX,3118.570068359375
2013-08-12,NDX,^NDX,3125.929931640625
2013-08-13,NDX,^NDX,3141.06005859375
2013-08-14,NDX,^NDX,3129.449951171875
2013-08-15,NDX,^NDX,3076.22998046875
2013-08-16,NDX,^NDX,3073.909912109375
2013-08-19,NDX,^NDX,3069.760009765625
2013-08-20,NDX,^NDX,3082.169921875
2013-08-21,NDX,^NDX,3071.469970703125
2013-08-22,NDX,^NDX,3101.820068359375
2013-08-23,NDX,^NDX,3124.27001953125
2013-08-26,NDX,^NDX,3122.669921875
2013-08-27,NDX,^NDX,3059.580078125
2013-08-28,NDX,^NDX,3072.169921875
2013-08-29,NDX,^NDX,3093.360107421875
2013-08-30,NDX,^NDX,3073.81005859375
2013-09-03,NDX,^NDX,3091.760009765625
2013-09-04,NDX,^NDX,3124.5400390625
2013-09-05,NDX,^NDX,3129.93994140625
2013-09-06,NDX,^NDX,3133.3798828125
2013-09-09,NDX,^NDX,3169.929931640625
2013-09-10,NDX,^NDX,3185.070068359375
2013-09-11,NDX,^NDX,3179.860107421875
2013-09-12,NDX,^NDX,3175.570068359375
2013-09-13,NDX,^NDX,3178.280029296875
2013-09-16,NDX,^NDX,3168.68994140625
2013-09-17,NDX,^NDX,3190.830078125
2013-09-18,NDX,^NDX,3231.31005859375
2013-09-19,NDX,^NDX,3237.610107421875
2013-09-20,NDX,^NDX,3224.72998046875
2013-09-23,NDX,^NDX,3219.340087890625
2013-09-24,NDX,^NDX,3218.659912109375
2013-09-25,NDX,^NDX,3208.550048828125
2013-09-26,NDX,^NDX,3234.0400390625
2013-09-27,NDX,^NDX,3230.300048828125
2013-09-30,NDX,^NDX,3218.199951171875
2013-10-01,NDX,^NDX,3253.050048828125
2013-10-02,NDX,^NDX,3253.260009765625
2013-10-03,NDX,^NDX,3213.830078125
2013-10-04,NDX,^NDX,3242.570068359375
2013-10-07,NDX,^NDX,3215.68994140625
2013-10-08,NDX,^NDX,3153.8701171875
2013-10-09,NDX,^NDX,3142.5400390625
2013-10-10,NDX,^NDX,3210.840087890625
2013-10-11,NDX,^NDX,3233.830078125
2013-10-14,NDX,^NDX,3256.02001953125
2013-10-15,NDX,^NDX,3244.659912109375
2013-10-16,NDX,^NDX,3281.669921875
2013-10-17,NDX,^NDX,3301.280029296875
2013-10-18,NDX,^NDX,3353.8798828125
2013-10-21,NDX,^NDX,3361.179931640625
2013-10-22,NDX,^NDX,3366.929931640625
2013-10-23,NDX,^NDX,3346.050048828125
2013-10-24,NDX,^NDX,3362.3798828125
2013-10-25,NDX,^NDX,3383.830078125
2013-10-28,NDX,^NDX,3382.679931640625
2013-10-29,NDX,^NDX,3391.75
2013-10-30,NDX,^NDX,3385.3798828125
2013-10-31,NDX,^NDX,3377.72998046875
2013-11-01,NDX,^NDX,3379.760009765625
2013-11-04,NDX,^NDX,3384.75
2013-11-05,NDX,^NDX,3388.820068359375
2013-11-06,NDX,^NDX,3385.3798828125
2013-11-07,NDX,^NDX,3321.409912109375
2013-11-08,NDX,^NDX,3366.840087890625
2013-11-11,NDX,^NDX,3362.97998046875
2013-11-12,NDX,^NDX,3365.22998046875
2013-11-13,NDX,^NDX,3405.56005859375
2013-11-14,NDX,^NDX,3415.139892578125
2013-11-15,NDX,^NDX,3422.580078125
2013-11-18,NDX,^NDX,3388.8701171875
2013-11-19,NDX,^NDX,3378.1298828125
2013-11-20,NDX,^NDX,3367.169921875
2013-11-21,NDX,^NDX,3402.739990234375
2013-11-22,NDX,^NDX,3422.02001953125
2013-11-25,NDX,^NDX,3427.489990234375
2013-11-26,NDX,^NDX,3445.760009765625
2013-11-27,NDX,^NDX,3470.47998046875
2013-11-29,NDX,^NDX,3487.820068359375
2013-12-02,NDX,^NDX,3481.14990234375
2013-12-03,NDX,^NDX,3479.340087890625
2013-12-04,NDX,^NDX,3483.010009765625
2013-12-05,NDX,^NDX,3477.72998046875
2013-12-06,NDX,^NDX,3504.260009765625
2013-12-09,NDX,^NDX,3516.169921875
2013-12-10,NDX,^NDX,3514.199951171875
2013-12-11,NDX,^NDX,3468.989990234375
2013-12-12,NDX,^NDX,3460.2900390625
2013-12-13,NDX,^NDX,3456.39990234375
2013-12-16,NDX,^NDX,3475.7900390625
2013-12-17,NDX,^NDX,3469.320068359375
2013-12-18,NDX,^NDX,3509.6298828125
2013-12-19,NDX,^NDX,3498.6298828125
2013-12-20,NDX,^NDX,3531.18994140625
2013-12-23,NDX,^NDX,3569.39990234375
2013-12-24,NDX,^NDX,3572.800048828125
2013-12-26,NDX,^NDX,3584.580078125
2013-12-27,NDX,^NDX,3574.02001953125
2013-12-30,NDX,^NDX,3570.080078125
2013-12-31,NDX,^NDX,3592.0
2014-01-02,NDX,^NDX,3563.570068359375
2014-01-03,NDX,^NDX,3538.72998046875
2014-01-06,NDX,^NDX,3526.9599609375
2014-01-07,NDX,^NDX,3557.85009765625
2014-01-08,NDX,^NDX,3567.5400390625
2014-01-09,NDX,^NDX,3552.580078125
2014-01-10,NDX,^NDX,3565.080078125
2014-01-13,NDX,^NDX,3512.800048828125
2014-01-14,NDX,^NDX,3580.64990234375
2014-01-15,NDX,^NDX,3609.840087890625
2014-01-16,NDX,^NDX,3611.2900390625
2014-01-17,NDX,^NDX,3591.25
2014-01-21,NDX,^NDX,3617.699951171875
2014-01-22,NDX,^NDX,3627.719970703125
2014-01-23,NDX,^NDX,3613.760009765625
2014-01-24,NDX,^NDX,3541.47998046875
2014-01-27,NDX,^NDX,3509.02001953125
2014-01-28,NDX,^NDX,3505.719970703125
2014-01-29,NDX,^NDX,3467.820068359375
2014-01-30,NDX,^NDX,3532.409912109375
2014-01-31,NDX,^NDX,3521.919921875
2014-02-03,NDX,^NDX,3440.5
2014-02-04,NDX,^NDX,3470.199951171875
2014-02-05,NDX,^NDX,3454.89990234375
2014-02-06,NDX,^NDX,3497.60009765625
2014-02-07,NDX,^NDX,3561.909912109375
2014-02-10,NDX,^NDX,3582.110107421875
2014-02-11,NDX,^NDX,3621.719970703125
2014-02-12,NDX,^NDX,3627.360107421875
2014-02-13,NDX,^NDX,3659.56005859375
2014-02-14,NDX,^NDX,3663.8798828125
2014-02-18,NDX,^NDX,3679.429931640625
2014-02-19,NDX,^NDX,3652.85009765625
2014-02-20,NDX,^NDX,3671.929931640625
2014-02-21,NDX,^NDX,3662.60009765625
2014-02-24,NDX,^NDX,3685.81005859375
2014-02-25,NDX,^NDX,3679.139892578125
2014-02-26,NDX,^NDX,3676.60009765625
2014-02-27,NDX,^NDX,3699.800048828125
2014-02-28,NDX,^NDX,3696.10009765625
2014-03-03,NDX,^NDX,3668.3701171875
2014-03-04,NDX,^NDX,3719.929931640625
2014-03-05,NDX,^NDX,3727.18994140625
2014-03-06,NDX,^NDX,3720.929931640625
2014-03-07,NDX,^NDX,3703.39990234375
2014-03-10,NDX,^NDX,3706.340087890625
2014-03-11,NDX,^NDX,3691.5
2014-03-12,NDX,^NDX,3707.06005859375
2014-03-13,NDX,^NDX,3651.489990234375
2014-03-14,NDX,^NDX,3627.8701171875
2014-03-17,NDX,^NDX,3662.510009765625
2014-03-18,NDX,^NDX,3706.6201171875
2014-03-19,NDX,^NDX,3682.739990234375
2014-03-20,NDX,^NDX,3693.969970703125
2014-03-21,NDX,^NDX,3653.070068359375
2014-03-24,NDX,^NDX,3617.389892578125
2014-03-25,NDX,^NDX,3629.72998046875
2014-03-26,NDX,^NDX,3582.889892578125
2014-03-27,NDX,^NDX,3563.1298828125
2014-03-28,NDX,^NDX,3571.489990234375
2014-03-31,NDX,^NDX,3595.739990234375
2014-04-01,NDX,^NDX,3658.39990234375
2014-04-02,NDX,^NDX,3665.989990234375
2014-04-03,NDX,^NDX,3637.580078125
2014-04-04,NDX,^NDX,3539.3798828125
2014-04-07,NDX,^NDX,3507.75
2014-04-08,NDX,^NDX,3538.22998046875
2014-04-09,NDX,^NDX,3600.43994140625
2014-04-10,NDX,^NDX,3487.760009765625
2014-04-11,NDX,^NDX,3446.85009765625
2014-04-14,NDX,^NDX,3474.6298828125
2014-04-15,NDX,^NDX,3487.85009765625
2014-04-16,NDX,^NDX,3533.090087890625
2014-04-17,NDX,^NDX,3534.530029296875
2014-04-21,NDX,^NDX,3559.949951171875
2014-04-22,NDX,^NDX,3588.81005859375
2014-04-23,NDX,^NDX,3557.0400390625
2014-04-24,NDX,^NDX,3591.030029296875
2014-04-25,NDX,^NDX,3533.10009765625
2014-04-28,NDX,^NDX,3545.030029296875
2014-04-29,NDX,^NDX,3573.989990234375
2014-04-30,NDX,^NDX,3582.02001953125
2014-05-01,NDX,^NDX,3594.360107421875
2014-05-02,NDX,^NDX,3587.639892578125
2014-05-05,NDX,^NDX,3605.090087890625
2014-05-06,NDX,^NDX,3556.510009765625
2014-05-07,NDX,^NDX,3546.469970703125
2014-05-08,NDX,^NDX,3540.419921875
2014-05-09,NDX,^NDX,3555.699951171875
2014-05-12,NDX,^NDX,3612.72998046875
2014-05-13,NDX,^NDX,3611.1298828125
2014-05-14,NDX,^NDX,3593.25
2014-05-15,NDX,^NDX,3565.169921875
2014-05-16,NDX,^NDX,3587.199951171875
2014-05-19,NDX,^NDX,3615.6201171875
2014-05-20,NDX,^NDX,3600.31005859375
2014-05-21,NDX,^NDX,3635.610107421875
2014-05-22,NDX,^NDX,3650.860107421875
2014-05-23,NDX,^NDX,3677.330078125
2014-05-27,NDX,^NDX,3723.070068359375
2014-05-28,NDX,^NDX,3712.260009765625
2014-05-29,NDX,^NDX,3735.719970703125
2014-05-30,NDX,^NDX,3736.820068359375
2014-06-02,NDX,^NDX,3732.9599609375
2014-06-03,NDX,^NDX,3730.070068359375
2014-06-04,NDX,^NDX,3743.590087890625
2014-06-05,NDX,^NDX,3776.949951171875
2014-06-06,NDX,^NDX,3794.570068359375
2014-06-09,NDX,^NDX,3795.739990234375
2014-06-10,NDX,^NDX,3800.860107421875
2014-06-11,NDX,^NDX,3797.85009765625
2014-06-12,NDX,^NDX,3763.800048828125
2014-06-13,NDX,^NDX,3775.56005859375
2014-06-16,NDX,^NDX,3779.929931640625
2014-06-17,NDX,^NDX,3781.320068359375
2014-06-18,NDX,^NDX,3804.610107421875
2014-06-19,NDX,^NDX,3800.800048828125
2014-06-20,NDX,^NDX,3802.639892578125
2014-06-23,NDX,^NDX,3805.31005859375
2014-06-24,NDX,^NDX,3799.530029296875
2014-06-25,NDX,^NDX,3827.330078125
2014-06-26,NDX,^NDX,3826.909912109375
2014-06-27,NDX,^NDX,3844.43994140625
2014-06-30,NDX,^NDX,3849.47998046875
2014-07-01,NDX,^NDX,3894.330078125
2014-07-02,NDX,^NDX,3899.27001953125
2014-07-03,NDX,^NDX,3923.010009765625
2014-07-07,NDX,^NDX,3910.7099609375
2014-07-08,NDX,^NDX,3864.070068359375
2014-07-09,NDX,^NDX,3892.909912109375
2014-07-10,NDX,^NDX,3880.0400390625
2014-07-11,NDX,^NDX,3904.580078125
2014-07-14,NDX,^NDX,3929.4599609375
2014-07-15,NDX,^NDX,3914.4599609375
2014-07-16,NDX,^NDX,3932.330078125
2014-07-17,NDX,^NDX,3878.010009765625
2014-07-18,NDX,^NDX,3939.889892578125
2014-07-21,NDX,^NDX,3934.139892578125
2014-07-22,NDX,^NDX,3961.6201171875
2014-07-23,NDX,^NDX,3986.18994140625
2014-07-24,NDX,^NDX,3983.18994140625
2014-07-25,NDX,^NDX,3965.169921875
2014-07-28,NDX,^NDX,3967.239990234375
2014-07-29,NDX,^NDX,3959.030029296875
2014-07-30,NDX,^NDX,3976.070068359375
2014-07-31,NDX,^NDX,3892.5
2014-08-01,NDX,^NDX,3879.669921875
2014-08-04,NDX,^NDX,3908.77001953125
2014-08-05,NDX,^NDX,3874.93994140625
2014-08-06,NDX,^NDX,3874.27001953125
2014-08-07,NDX,^NDX,3857.93994140625
2014-08-08,NDX,^NDX,3888.090087890625
2014-08-11,NDX,^NDX,3910.4599609375
2014-08-12,NDX,^NDX,3905.22998046875
2014-08-13,NDX,^NDX,3949.199951171875
2014-08-14,NDX,^NDX,3969.110107421875
2014-08-15,NDX,^NDX,3987.510009765625
2014-08-18,NDX,^NDX,4020.5
2014-08-19,NDX,^NDX,4040.1298828125
2014-08-20,NDX,^NDX,4040.7099609375
2014-08-21,NDX,^NDX,4047.030029296875
2014-08-22,NDX,^NDX,4052.75
2014-08-25,NDX,^NDX,4067.47998046875
2014-08-26,NDX,^NDX,4071.669921875
2014-08-27,NDX,^NDX,4073.179931640625
2014-08-28,NDX,^NDX,4066.27001953125
2014-08-29,NDX,^NDX,4082.56005859375
2014-09-02,NDX,^NDX,4095.81005859375
2014-09-03,NDX,^NDX,4070.9599609375
2014-09-04,NDX,^NDX,4066.1298828125
2014-09-05,NDX,^NDX,4089.919921875
2014-09-08,NDX,^NDX,4095.469970703125
2014-09-09,NDX,^NDX,4061.8798828125
2014-09-10,NDX,^NDX,4094.969970703125
2014-09-11,NDX,^NDX,4092.64990234375
2014-09-12,NDX,^NDX,4069.22998046875
2014-09-15,NDX,^NDX,4029.889892578125
2014-09-16,NDX,^NDX,4067.27001953125
2014-09-17,NDX,^NDX,4073.570068359375
2014-09-18,NDX,^NDX,4103.080078125
2014-09-19,NDX,^NDX,4100.08984375
2014-09-22,NDX,^NDX,4061.22998046875
2014-09-23,NDX,^NDX,4051.570068359375
2014-09-24,NDX,^NDX,4094.31005859375
2014-09-25,NDX,^NDX,4007.820068359375
2014-09-26,NDX,^NDX,4053.719970703125
2014-09-29,NDX,^NDX,4047.179931640625
2014-09-30,NDX,^NDX,4049.449951171875
2014-10-01,NDX,^NDX,3984.739990234375
2014-10-02,NDX,^NDX,3985.8701171875
2014-10-03,NDX,^NDX,4027.31005859375
2014-10-06,NDX,^NDX,4016.27001953125
2014-10-07,NDX,^NDX,3958.590087890625
2014-10-08,NDX,^NDX,4041.1201171875
2014-10-09,NDX,^NDX,3969.320068359375
2014-10-10,NDX,^NDX,3870.860107421875
2014-10-13,NDX,^NDX,3808.0
2014-10-14,NDX,^NDX,3810.449951171875
2014-10-15,NDX,^NDX,3785.969970703125
2014-10-16,NDX,^NDX,3765.280029296875
2014-10-17,NDX,^NDX,3815.469970703125
2014-10-20,NDX,^NDX,3870.080078125
2014-10-21,NDX,^NDX,3971.389892578125
2014-10-22,NDX,^NDX,3949.590087890625
2014-10-23,NDX,^NDX,4012.27001953125
2014-10-24,NDX,^NDX,4042.02001953125
2014-10-27,NDX,^NDX,4046.02001953125
2014-10-28,NDX,^NDX,4106.6298828125
2014-10-29,NDX,^NDX,4090.550048828125
2014-10-30,NDX,^NDX,4100.64013671875
2014-10-31,NDX,^NDX,4158.2099609375
2014-11-03,NDX,^NDX,4169.27978515625
2014-11-04,NDX,^NDX,4156.22998046875
2014-11-05,NDX,^NDX,4153.27001953125
2014-11-06,NDX,^NDX,4164.080078125
2014-11-07,NDX,^NDX,4160.5
2014-11-10,NDX,^NDX,4175.9501953125
2014-11-11,NDX,^NDX,4187.16015625
2014-11-12,NDX,^NDX,4195.39990234375
2014-11-13,NDX,^NDX,4213.47998046875
2014-11-14,NDX,^NDX,4224.990234375
2014-11-17,NDX,^NDX,4213.7900390625
2014-11-18,NDX,^NDX,4242.18994140625
2014-11-19,NDX,^NDX,4222.66015625
2014-11-20,NDX,^NDX,4242.08984375
2014-11-21,NDX,^NDX,4251.31982421875
2014-11-24,NDX,^NDX,4284.31982421875
2014-11-25,NDX,^NDX,4288.22998046875
2014-11-26,NDX,^NDX,4317.990234375
2014-11-28,NDX,^NDX,4337.7900390625
2014-12-01,NDX,^NDX,4287.81005859375
2014-12-02,NDX,^NDX,4305.9599609375
2014-12-03,NDX,^NDX,4312.93017578125
2014-12-04,NDX,^NDX,4311.93017578125
2014-12-05,NDX,^NDX,4311.56982421875
2014-12-08,NDX,^NDX,4278.33984375
2014-12-09,NDX,^NDX,4294.669921875
2014-12-10,NDX,^NDX,4224.8701171875
2014-12-11,NDX,^NDX,4246.47998046875
2014-12-12,NDX,^NDX,4199.27978515625
2014-12-15,NDX,^NDX,4157.41015625
2014-12-16,NDX,^NDX,4089.60009765625
2014-12-17,NDX,^NDX,4165.10009765625
2014-12-18,NDX,^NDX,4267.77001953125
2014-12-19,NDX,^NDX,4281.77978515625
2014-12-22,NDX,^NDX,4293.669921875
2014-12-23,NDX,^NDX,4279.2998046875
2014-12-24,NDX,^NDX,4283.10009765625
2014-12-26,NDX,^NDX,4314.08984375
2014-12-29,NDX,^NDX,4312.64013671875
2014-12-30,NDX,^NDX,4282.35009765625
2014-12-31,NDX,^NDX,4236.27978515625
2015-01-02,NDX,^NDX,4230.240234375
2015-01-05,NDX,^NDX,4160.9599609375
2015-01-06,NDX,^NDX,4110.830078125
2015-01-07,NDX,^NDX,4160.0
2015-01-08,NDX,^NDX,4240.5498046875
2015-01-09,NDX,^NDX,4213.27978515625
2015-01-12,NDX,^NDX,4169.97021484375
2015-01-13,NDX,^NDX,4166.2001953125
2015-01-14,NDX,^NDX,4145.83984375
2015-01-15,NDX,^NDX,4089.64990234375
2015-01-16,NDX,^NDX,4142.14013671875
2015-01-20,NDX,^NDX,4171.2099609375
2015-01-21,NDX,^NDX,4192.08984375
2015-01-22,NDX,^NDX,4270.35986328125
2015-01-23,NDX,^NDX,4278.14013671875
2015-01-26,NDX,^NDX,4275.72021484375
2015-01-27,NDX,^NDX,4165.5
2015-01-28,NDX,^NDX,4140.3798828125
2015-01-29,NDX,^NDX,4181.35009765625
2015-01-30,NDX,^NDX,4148.43017578125
2015-02-02,NDX,^NDX,4188.58984375
2015-02-03,NDX,^NDX,4229.14990234375
2015-02-04,NDX,^NDX,4221.2001953125
2015-02-05,NDX,^NDX,4256.18017578125
2015-02-06,NDX,^NDX,4228.68017578125
2015-02-09,NDX,^NDX,4216.08984375
2015-02-10,NDX,^NDX,4281.16015625
2015-02-11,NDX,^NDX,4297.27978515625
2015-02-12,NDX,^NDX,4347.97021484375
2015-02-13,NDX,^NDX,4384.02978515625
2015-02-17,NDX,^NDX,4385.33984375
2015-02-18,NDX,^NDX,4390.91015625
2015-02-19,NDX,^NDX,4411.85986328125
2015-02-20,NDX,^NDX,4443.0498046875
2015-02-23,NDX,^NDX,4449.490234375
2015-02-24,NDX,^NDX,4451.02978515625
2015-02-25,NDX,^NDX,4440.58984375
2015-02-26,NDX,^NDX,4462.27001953125
2015-02-27,NDX,^NDX,4440.669921875
2015-03-02,NDX,^NDX,4483.0498046875
2015-03-03,NDX,^NDX,4458.77978515625
2015-03-04,NDX,^NDX,4445.35986328125
2015-03-05,NDX,^NDX,4452.06005859375
2015-03-06,NDX,^NDX,4399.22998046875
2015-03-09,NDX,^NDX,4412.990234375
2015-03-10,NDX,^NDX,4329.080078125
2015-03-11,NDX,^NDX,4305.3798828125
2015-03-12,NDX,^NDX,4336.22998046875
2015-03-13,NDX,^NDX,4314.89990234375
2015-03-16,NDX,^NDX,4370.47021484375
2015-03-17,NDX,^NDX,4375.6298828125
2015-03-18,NDX,^NDX,4422.5
2015-03-19,NDX,^NDX,4426.81982421875
2015-03-20,NDX,^NDX,4458.5400390625
2015-03-23,NDX,^NDX,4445.5400390625
2015-03-24,NDX,^NDX,4430.990234375
2015-03-25,NDX,^NDX,4329.2900390625
2015-03-26,NDX,^NDX,4315.259765625
2015-03-27,NDX,^NDX,4332.85986328125
2015-03-30,NDX,^NDX,4382.81982421875
2015-03-31,NDX,^NDX,4333.68994140625
2015-04-01,NDX,^NDX,4311.259765625
2015-04-02,NDX,^NDX,4316.009765625
2015-04-06,NDX,^NDX,4350.97998046875
2015-04-07,NDX,^NDX,4344.080078125
2015-04-08,NDX,^NDX,4375.9599609375
2015-04-09,NDX,^NDX,4403.9501953125
2015-04-10,NDX,^NDX,4422.02001953125
2015-04-13,NDX,^NDX,4409.2099609375
2015-04-14,NDX,^NDX,4397.64013671875
2015-04-15,NDX,^NDX,4424.52978515625
2015-04-16,NDX,^NDX,4418.830078125
2015-04-17,NDX,^NDX,4351.7998046875
2015-04-20,NDX,^NDX,4417.39990234375
2015-04-21,NDX,^NDX,4435.97998046875
2015-04-22,NDX,^NDX,4460.81005859375
2015-04-23,NDX,^NDX,4477.06982421875
2015-04-24,NDX,^NDX,4536.77978515625
2015-04-27,NDX,^NDX,4525.0400390625
2015-04-28,NDX,^NDX,4515.27001953125
2015-04-29,NDX,^NDX,4488.14990234375
2015-04-30,NDX,^NDX,4414.25
2015-05-01,NDX,^NDX,4479.06005859375
2015-05-04,NDX,^NDX,4482.60986328125
2015-05-05,NDX,^NDX,4409.39013671875
2015-05-06,NDX,^NDX,4379.75
2015-05-07,NDX,^NDX,4401.5498046875
2015-05-08,NDX,^NDX,4458.64990234375
2015-05-11,NDX,^NDX,4438.64013671875
2015-05-12,NDX,^NDX,4420.64990234375
2015-05-13,NDX,^NDX,4426.56005859375
2015-05-14,NDX,^NDX,4495.0400390625
2015-05-15,NDX,^NDX,4494.2900390625
2015-05-18,NDX,^NDX,4512.9501953125
2015-05-19,NDX,^NDX,4503.72021484375
2015-05-20,NDX,^NDX,4505.2998046875
2015-05-21,NDX,^NDX,4529.47021484375
2015-05-22,NDX,^NDX,4527.16015625
2015-05-26,NDX,^NDX,4472.9599609375
2015-05-27,NDX,^NDX,4546.06005859375
2015-05-28,NDX,^NDX,4535.66015625
2015-05-29,NDX,^NDX,4508.25
2015-06-01,NDX,^NDX,4521.85009765625
2015-06-02,NDX,^NDX,4508.89013671875
2015-06-03,NDX,^NDX,4519.85986328125
2015-06-04,NDX,^NDX,4487.02978515625
2015-06-05,NDX,^NDX,4477.18994140625
2015-06-08,NDX,^NDX,4431.509765625
2015-06-09,NDX,^NDX,4427.60986328125
2015-06-10,NDX,^NDX,4485.4599609375
2015-06-11,NDX,^NDX,4488.47021484375
2015-06-12,NDX,^NDX,4453.7900390625
2015-06-15,NDX,^NDX,4432.919921875
2015-06-16,NDX,^NDX,4455.89990234375
2015-06-17,NDX,^NDX,4468.97998046875
2015-06-18,NDX,^NDX,4531.85009765625
2015-06-19,NDX,^NDX,4513.419921875
2015-06-22,NDX,^NDX,4544.0400390625
2015-06-23,NDX,^NDX,4548.740234375
2015-06-24,NDX,^NDX,4524.60009765625
2015-06-25,NDX,^NDX,4514.009765625
2015-06-26,NDX,^NDX,4484.27978515625
2015-06-29,NDX,^NDX,4379.8701171875
2015-06-30,NDX,^NDX,4396.759765625
2015-07-01,NDX,^NDX,4429.22998046875
2015-07-02,NDX,^NDX,4433.39013671875
2015-07-06,NDX,^NDX,4418.66015625
2015-07-07,NDX,^NDX,4429.06005859375
2015-07-08,NDX,^NDX,4351.580078125
2015-07-09,NDX,^NDX,4352.02978515625
2015-07-10,NDX,^NDX,4420.14990234375
2015-07-13,NDX,^NDX,4494.47021484375
2015-07-14,NDX,^NDX,4523.47021484375
2015-07-15,NDX,^NDX,4528.35986328125
2015-07-16,NDX,^NDX,4594.89990234375
2015-07-17,NDX,^NDX,4661.60009765625
2015-07-20,NDX,^NDX,4679.68017578125
2015-07-21,NDX,^NDX,4674.41015625
2015-07-22,NDX,^NDX,4623.240234375
2015-07-23,NDX,^NDX,4602.830078125
2015-07-24,NDX,^NDX,4557.3701171875
2015-07-27,NDX,^NDX,4519.08984375
2015-07-28,NDX,^NDX,4560.22998046875
2015-07-29,NDX,^NDX,4581.60009765625
2015-07-30,NDX,^NDX,4598.58984375
2015-07-31,NDX,^NDX,4588.91015625
2015-08-03,NDX,^NDX,4580.4599609375
2015-08-04,NDX,^NDX,4567.47021484375
2015-08-05,NDX,^NDX,4602.240234375
2015-08-06,NDX,^NDX,4528.509765625
2015-08-07,NDX,^NDX,4520.080078125
2015-08-10,NDX,^NDX,4573.10986328125
2015-08-11,NDX,^NDX,4513.990234375
2015-08-12,NDX,^NDX,4528.18994140625
2015-08-13,NDX,^NDX,4519.31982421875
2015-08-14,NDX,^NDX,4530.740234375
2015-08-17,NDX,^NDX,4566.3701171875
2015-08-18,NDX,^NDX,4542.06982421875
2015-08-19,NDX,^NDX,4510.89990234375
2015-08-20,NDX,^NDX,4385.1298828125
2015-08-21,NDX,^NDX,4197.27001953125
2015-08-24,NDX,^NDX,4038.60009765625
2015-08-25,NDX,^NDX,4016.320068359375
2015-08-26,NDX,^NDX,4219.60009765625
2015-08-27,NDX,^NDX,4324.81982421875
2015-08-28,NDX,^NDX,4329.1201171875
2015-08-31,NDX,^NDX,4274.580078125
2015-09-01,NDX,^NDX,4142.6298828125
2015-09-02,NDX,^NDX,4256.22998046875
2015-09-03,NDX,^NDX,4234.64990234375
2015-09-04,NDX,^NDX,4184.72021484375
2015-09-08,NDX,^NDX,4303.52978515625
2015-09-09,NDX,^NDX,4253.4501953125
2015-09-10,NDX,^NDX,4296.2998046875
2015-09-11,NDX,^NDX,4323.22998046875
2015-09-14,NDX,^NDX,4308.759765625
2015-09-15,NDX,^NDX,4360.27978515625
2015-09-16,NDX,^NDX,4383.669921875
2015-09-17,NDX,^NDX,4384.9599609375
2015-09-18,NDX,^NDX,4323.85986328125
2015-09-21,NDX,^NDX,4336.1298828125
2015-09-22,NDX,^NDX,4274.10009765625
2015-09-23,NDX,^NDX,4273.52978515625
2015-09-24,NDX,^NDX,4261.10009765625
2015-09-25,NDX,^NDX,4224.740234375
2015-09-28,NDX,^NDX,4103.47021484375
2015-09-29,NDX,^NDX,4083.3701171875
2015-09-30,NDX,^NDX,4181.06005859375
2015-10-01,NDX,^NDX,4192.9599609375
2015-10-02,NDX,^NDX,4267.4501953125
2015-10-05,NDX,^NDX,4331.43017578125
2015-10-06,NDX,^NDX,4306.7001953125
2015-10-07,NDX,^NDX,4333.4599609375
2015-10-08,NDX,^NDX,4350.14990234375
2015-10-09,NDX,^NDX,4370.009765625
2015-10-12,NDX,^NDX,4382.56005859375
2015-10-13,NDX,^NDX,4352.93994140625
2015-10-14,NDX,^NDX,4346.919921875
2015-10-15,NDX,^NDX,4418.22021484375
2015-10-16,NDX,^NDX,4438.6201171875
2015-10-19,NDX,^NDX,4462.06982421875
2015-10-20,NDX,^NDX,4438.18017578125
2015-10-21,NDX,^NDX,4413.52001953125
2015-10-22,NDX,^NDX,4503.22021484375
2015-10-23,NDX,^NDX,4624.08984375
2015-10-26,NDX,^NDX,4630.85009765625
2015-10-27,NDX,^NDX,4639.22998046875
2015-10-28,NDX,^NDX,4678.580078125
2015-10-29,NDX,^NDX,4670.759765625
2015-10-30,NDX,^NDX,4648.830078125
2015-11-02,NDX,^NDX,4703.919921875
2015-11-03,NDX,^NDX,4719.0498046875
2015-11-04,NDX,^NDX,4717.5498046875
2015-11-05,NDX,^NDX,4702.89990234375
2015-11-06,NDX,^NDX,4707.22998046875
2015-11-09,NDX,^NDX,4655.52001953125
2015-11-10,NDX,^NDX,4641.72998046875
2015-11-11,NDX,^NDX,4636.93994140625
2015-11-12,NDX,^NDX,4588.93017578125
2015-11-13,NDX,^NDX,4502.14013671875
2015-11-16,NDX,^NDX,4565.47021484375
2015-11-17,NDX,^NDX,4565.81982421875
2015-11-18,NDX,^NDX,4653.43994140625
2015-11-19,NDX,^NDX,4655.35009765625
2015-11-20,NDX,^NDX,4686.35986328125
2015-11-23,NDX,^NDX,4674.7900390625
2015-11-24,NDX,^NDX,4669.41015625
2015-11-25,NDX,^NDX,4672.8798828125
2015-11-27,NDX,^NDX,4680.47021484375
2015-11-30,NDX,^NDX,4664.509765625
2015-12-01,NDX,^NDX,4716.16015625
2015-12-02,NDX,^NDX,4686.22021484375
2015-12-03,NDX,^NDX,4606.75
2015-12-04,NDX,^NDX,4716.1201171875
2015-12-07,NDX,^NDX,4693.6201171875
2015-12-08,NDX,^NDX,4694.77001953125
2015-12-09,NDX,^NDX,4622.14013671875
2015-12-10,NDX,^NDX,4643.0498046875
2015-12-11,NDX,^NDX,4537.56005859375
2015-12-14,NDX,^NDX,4570.16015625
2015-12-15,NDX,^NDX,4597.330078125
2015-12-16,NDX,^NDX,4664.56005859375
2015-12-17,NDX,^NDX,4598.14013671875
2015-12-18,NDX,^NDX,4514.830078125
2015-12-21,NDX,^NDX,4560.5498046875
2015-12-22,NDX,^NDX,4589.259765625
2015-12-23,NDX,^NDX,4624.58984375
2015-12-24,NDX,^NDX,4622.77001953125
2015-12-28,NDX,^NDX,4621.35009765625
2015-12-29,NDX,^NDX,4691.080078125
2015-12-30,NDX,^NDX,4652.009765625
2015-12-31,NDX,^NDX,4593.27001953125
2016-01-04,NDX,^NDX,4497.85986328125
2016-01-05,NDX,^NDX,4484.18017578125
2016-01-06,NDX,^NDX,4443.990234375
2016-01-07,NDX,^NDX,4305.72021484375
2016-01-08,NDX,^NDX,4270.77978515625
2016-01-11,NDX,^NDX,4283.5498046875
2016-01-12,NDX,^NDX,4333.72021484375
2016-01-13,NDX,^NDX,4183.1201171875
2016-01-14,NDX,^NDX,4272.97021484375
2016-01-15,NDX,^NDX,4141.080078125
2016-01-19,NDX,^NDX,4147.06982421875
2016-01-20,NDX,^NDX,4136.27978515625
2016-01-21,NDX,^NDX,4142.60009765625
2016-01-22,NDX,^NDX,4259.77001953125
2016-01-25,NDX,^NDX,4196.52978515625
2016-01-26,NDX,^NDX,4233.85009765625
2016-01-27,NDX,^NDX,4128.85986328125
2016-01-28,NDX,^NDX,4186.06005859375
2016-01-29,NDX,^NDX,4279.169921875
2016-02-01,NDX,^NDX,4286.56005859375
2016-02-02,NDX,^NDX,4193.10009765625
2016-02-03,NDX,^NDX,4171.97021484375
2016-02-04,NDX,^NDX,4167.77001953125
2016-02-05,NDX,^NDX,4024.469970703125
2016-02-08,NDX,^NDX,3960.669921875
2016-02-09,NDX,^NDX,3947.800048828125
2016-02-10,NDX,^NDX,3966.280029296875
2016-02-11,NDX,^NDX,3962.219970703125
2016-02-12,NDX,^NDX,4019.18994140625
2016-02-16,NDX,^NDX,4104.330078125
2016-02-17,NDX,^NDX,4199.10009765625
2016-02-18,NDX,^NDX,4151.490234375
2016-02-19,NDX,^NDX,4164.08984375
2016-02-22,NDX,^NDX,4231.27001953125
2016-02-23,NDX,^NDX,4162.5400390625
2016-02-24,NDX,^NDX,4200.66015625
2016-02-25,NDX,^NDX,4241.06005859375
2016-02-26,NDX,^NDX,4235.6201171875
2016-02-29,NDX,^NDX,4201.1201171875
2016-03-01,NDX,^NDX,4333.60986328125
2016-03-02,NDX,^NDX,4334.39013671875
2016-03-03,NDX,^NDX,4325.85986328125
2016-03-04,NDX,^NDX,4329.0
2016-03-07,NDX,^NDX,4303.330078125
2016-03-08,NDX,^NDX,4265.509765625
2016-03-09,NDX,^NDX,4293.22998046875
2016-03-10,NDX,^NDX,4286.97021484375
2016-03-11,NDX,^NDX,4361.830078125
2016-03-14,NDX,^NDX,4367.330078125
2016-03-15,NDX,^NDX,4367.080078125
2016-03-16,NDX,^NDX,4404.2001953125
2016-03-17,NDX,^NDX,4400.259765625
2016-03-18,NDX,^NDX,4410.830078125
2016-03-21,NDX,^NDX,4426.97998046875
2016-03-22,NDX,^NDX,4437.6201171875
2016-03-23,NDX,^NDX,4402.56005859375
2016-03-24,NDX,^NDX,4405.52978515625
2016-03-28,NDX,^NDX,4398.06982421875
2016-03-29,NDX,^NDX,4467.72021484375
2016-03-30,NDX,^NDX,4490.8798828125
2016-03-31,NDX,^NDX,4483.66015625
2016-04-01,NDX,^NDX,4532.080078125
2016-04-04,NDX,^NDX,4511.7001953125
2016-04-05,NDX,^NDX,4470.75
2016-04-06,NDX,^NDX,4543.77978515625
2016-04-07,NDX,^NDX,4475.2900390625
2016-04-08,NDX,^NDX,4474.93017578125
2016-04-11,NDX,^NDX,4458.7099609375
2016-04-12,NDX,^NDX,4496.0400390625
2016-04-13,NDX,^NDX,4554.72021484375
2016-04-14,NDX,^NDX,4554.6298828125
2016-04-15,NDX,^NDX,4543.16015625
2016-04-18,NDX,^NDX,4569.31005859375
2016-04-19,NDX,^NDX,4537.08984375
2016-04-20,NDX,^NDX,4540.43994140625
2016-04-21,NDX,^NDX,4540.7998046875
2016-04-22,NDX,^NDX,4474.18994140625
2016-04-25,NDX,^NDX,4474.1298828125
2016-04-26,NDX,^NDX,4452.97021484375
2016-04-27,NDX,^NDX,4416.6298828125
2016-04-28,NDX,^NDX,4363.990234375
2016-04-29,NDX,^NDX,4341.2998046875
2016-05-02,NDX,^NDX,4381.2998046875
2016-05-03,NDX,^NDX,4341.39013671875
2016-05-04,NDX,^NDX,4312.009765625
2016-05-05,NDX,^NDX,4309.47998046875
2016-05-06,NDX,^NDX,4330.169921875
2016-05-09,NDX,^NDX,4341.22998046875
2016-05-10,NDX,^NDX,4402.0400390625
2016-05-11,NDX,^NDX,4361.02978515625
2016-05-12,NDX,^NDX,4342.81005859375
2016-05-13,NDX,^NDX,4326.52978515625
2016-05-16,NDX,^NDX,4380.47998046875
2016-05-17,NDX,^NDX,4322.56005859375
2016-05-18,NDX,^NDX,4338.22998046875
2016-05-19,NDX,^NDX,4315.580078125
2016-05-20,NDX,^NDX,4362.89990234375
2016-05-23,NDX,^NDX,4355.10009765625
2016-05-24,NDX,^NDX,4444.2998046875
2016-05-25,NDX,^NDX,4476.43017578125
2016-05-26,NDX,^NDX,4487.9599609375
2016-05-27,NDX,^NDX,4512.5400390625
2016-05-31,NDX,^NDX,4523.89013671875
2016-06-01,NDX,^NDX,4520.06982421875
2016-06-02,NDX,^NDX,4531.35009765625
2016-06-03,NDX,^NDX,4509.7900390625
2016-06-06,NDX,^NDX,4523.6298828125
2016-06-07,NDX,^NDX,4513.08984375
2016-06-08,NDX,^NDX,4520.6298828125
2016-06-09,NDX,^NDX,4512.68994140625
2016-06-10,NDX,^NDX,4461.0498046875
2016-06-13,NDX,^NDX,4422.759765625
2016-06-14,NDX,^NDX,4424.91015625
2016-06-15,NDX,^NDX,4409.509765625
2016-06-16,NDX,^NDX,4424.22998046875
2016-06-17,NDX,^NDX,4374.3798828125
2016-06-20,NDX,^NDX,4400.16015625
2016-06-21,NDX,^NDX,4413.39990234375
2016-06-22,NDX,^NDX,4404.72998046875
2016-06-23,NDX,^NDX,4467.47998046875
2016-06-24,NDX,^NDX,4285.7001953125
2016-06-27,NDX,^NDX,4201.0498046875
2016-06-28,NDX,^NDX,4290.47021484375
2016-06-29,NDX,^NDX,4364.740234375
2016-06-30,NDX,^NDX,4417.7001953125
2016-07-01,NDX,^NDX,4437.4501953125
2016-07-05,NDX,^NDX,4410.75
2016-07-06,NDX,^NDX,4444.7001953125
2016-07-07,NDX,^NDX,4459.580078125
2016-07-08,NDX,^NDX,4528.35986328125
2016-07-11,NDX,^NDX,4554.7099609375
2016-07-12,NDX,^NDX,4577.60986328125
2016-07-13,NDX,^NDX,4565.77001953125
2016-07-14,NDX,^NDX,4596.490234375
2016-07-15,NDX,^NDX,4589.830078125
2016-07-18,NDX,^NDX,4619.68017578125
2016-07-19,NDX,^NDX,4603.27978515625
2016-07-20,NDX,^NDX,4657.2001953125
2016-07-21,NDX,^NDX,4647.02001953125
2016-07-22,NDX,^NDX,4666.06982421875
2016-07-25,NDX,^NDX,4665.93017578125
2016-07-26,NDX,^NDX,4672.10986328125
2016-07-27,NDX,^NDX,4702.8798828125
2016-07-28,NDX,^NDX,4721.41015625
2016-07-29,NDX,^NDX,4730.22998046875
2016-08-01,NDX,^NDX,4756.0400390625
2016-08-02,NDX,^NDX,4719.2099609375
2016-08-03,NDX,^NDX,4734.330078125
2016-08-04,NDX,^NDX,4743.81005859375
2016-08-05,NDX,^NDX,4791.2099609375
2016-08-08,NDX,^NDX,4784.740234375
2016-08-09,NDX,^NDX,4795.75
2016-08-10,NDX,^NDX,4783.39013671875
2016-08-11,NDX,^NDX,4803.31005859375
2016-08-12,NDX,^NDX,4807.080078125
2016-08-15,NDX,^NDX,4827.1201171875
2016-08-16,NDX,^NDX,4797.18994140625
2016-08-17,NDX,^NDX,4805.4501953125
2016-08-18,NDX,^NDX,4808.68017578125
2016-08-19,NDX,^NDX,4806.14013671875
2016-08-22,NDX,^NDX,4808.56005859375
2016-08-23,NDX,^NDX,4818.47998046875
2016-08-24,NDX,^NDX,4783.490234375
2016-08-25,NDX,^NDX,4775.43017578125
2016-08-26,NDX,^NDX,4783.68994140625
2016-08-29,NDX,^NDX,4791.08984375
2016-08-30,NDX,^NDX,4775.990234375
2016-08-31,NDX,^NDX,4771.0498046875
2016-09-01,NDX,^NDX,4783.93994140625
2016-09-02,NDX,^NDX,4798.740234375
2016-09-06,NDX,^NDX,4829.509765625
2016-09-07,NDX,^NDX,4831.85986328125
2016-09-08,NDX,^NDX,4804.0
2016-09-09,NDX,^NDX,4681.5400390625
2016-09-12,NDX,^NDX,4764.64990234375
2016-09-13,NDX,^NDX,4722.85009765625
2016-09-14,NDX,^NDX,4746.06005859375
2016-09-15,NDX,^NDX,4819.89990234375
2016-09-16,NDX,^NDX,4818.0498046875
2016-09-19,NDX,^NDX,4796.06982421875
2016-09-20,NDX,^NDX,4805.22021484375
2016-09-21,NDX,^NDX,4853.75
2016-09-22,NDX,^NDX,4891.35986328125
2016-09-23,NDX,^NDX,4858.91015625
2016-09-26,NDX,^NDX,4817.169921875
2016-09-27,NDX,^NDX,4866.7099609375
2016-09-28,NDX,^NDX,4875.27001953125
2016-09-29,NDX,^NDX,4838.2998046875
2016-09-30,NDX,^NDX,4875.7001953125
2016-10-03,NDX,^NDX,4866.6298828125
2016-10-04,NDX,^NDX,4859.47021484375
2016-10-05,NDX,^NDX,4877.75
2016-10-06,NDX,^NDX,4873.919921875
2016-10-07,NDX,^NDX,4864.52001953125
2016-10-10,NDX,^NDX,4893.77001953125
2016-10-11,NDX,^NDX,4821.91015625
2016-10-12,NDX,^NDX,4819.64013671875
2016-10-13,NDX,^NDX,4803.10009765625
2016-10-14,NDX,^NDX,4808.47998046875
2016-10-17,NDX,^NDX,4796.169921875
2016-10-18,NDX,^NDX,4839.72021484375
2016-10-19,NDX,^NDX,4836.60986328125
2016-10-20,NDX,^NDX,4832.7099609375
2016-10-21,NDX,^NDX,4851.85986328125
2016-10-24,NDX,^NDX,4909.97021484375
2016-10-25,NDX,^NDX,4891.4501953125
2016-10-26,NDX,^NDX,4860.58984375
2016-10-27,NDX,^NDX,4836.4501953125
2016-10-28,NDX,^NDX,4805.58984375
2016-10-31,NDX,^NDX,4801.27001953125
2016-11-01,NDX,^NDX,4766.93994140625
2016-11-02,NDX,^NDX,4726.91015625
2016-11-03,NDX,^NDX,4679.10009765625
2016-11-04,NDX,^NDX,4660.4599609375
2016-11-07,NDX,^NDX,4773.72998046875
2016-11-08,NDX,^NDX,4804.919921875
2016-11-09,NDX,^NDX,4825.18017578125
2016-11-10,NDX,^NDX,4747.02978515625
2016-11-11,NDX,^NDX,4751.9501953125
2016-11-14,NDX,^NDX,4702.0400390625
2016-11-15,NDX,^NDX,4764.47021484375
2016-11-16,NDX,^NDX,4792.27001953125
2016-11-17,NDX,^NDX,4826.58984375
2016-11-18,NDX,^NDX,4808.0400390625
2016-11-21,NDX,^NDX,4859.0
2016-11-22,NDX,^NDX,4873.83984375
2016-11-23,NDX,^NDX,4853.85986328125
2016-11-25,NDX,^NDX,4870.02001953125
2016-11-28,NDX,^NDX,4857.02001953125
2016-11-29,NDX,^NDX,4873.2099609375
2016-11-30,NDX,^NDX,4810.81005859375
2016-12-01,NDX,^NDX,4734.10009765625
2016-12-02,NDX,^NDX,4739.3701171875
2016-12-05,NDX,^NDX,4778.14013671875
2016-12-06,NDX,^NDX,4788.669921875
2016-12-07,NDX,^NDX,4851.93994140625
2016-12-08,NDX,^NDX,4859.18994140625
2016-12-09,NDX,^NDX,4895.89990234375
2016-12-12,NDX,^NDX,4874.2998046875
2016-12-13,NDX,^NDX,4935.83984375
2016-12-14,NDX,^NDX,4921.22021484375
2016-12-15,NDX,^NDX,4933.41015625
2016-12-16,NDX,^NDX,4914.85986328125
2016-12-19,NDX,^NDX,4934.85009765625
2016-12-20,NDX,^NDX,4953.7998046875
2016-12-21,NDX,^NDX,4948.91015625
2016-12-22,NDX,^NDX,4934.39013671875
2016-12-23,NDX,^NDX,4940.02001953125
2016-12-27,NDX,^NDX,4965.81005859375
2016-12-28,NDX,^NDX,4926.2900390625
2016-12-29,NDX,^NDX,4918.27978515625
2016-12-30,NDX,^NDX,4863.6201171875
2017-01-03,NDX,^NDX,4911.330078125
2017-01-04,NDX,^NDX,4937.2099609375
2017-01-05,NDX,^NDX,4964.9501953125
2017-01-06,NDX,^NDX,5007.080078125
2017-01-09,NDX,^NDX,5024.89990234375
2017-01-10,NDX,^NDX,5035.169921875
2017-01-11,NDX,^NDX,5050.2099609375
2017-01-12,NDX,^NDX,5041.43017578125
2017-01-13,NDX,^NDX,5059.509765625
2017-01-17,NDX,^NDX,5044.64990234375
2017-01-18,NDX,^NDX,5055.85009765625
2017-01-19,NDX,^NDX,5051.169921875
2017-01-20,NDX,^NDX,5063.2001953125
2017-01-23,NDX,^NDX,5065.7001953125
2017-01-24,NDX,^NDX,5101.06005859375
2017-01-25,NDX,^NDX,5151.47021484375
2017-01-26,NDX,^NDX,5156.919921875
2017-01-27,NDX,^NDX,5168.06005859375
2017-01-30,NDX,^NDX,5129.330078125
2017-01-31,NDX,^NDX,5116.77001953125
2017-02-01,NDX,^NDX,5152.68994140625
2017-02-02,NDX,^NDX,5147.7001953125
2017-02-03,NDX,^NDX,5161.60009765625
2017-02-06,NDX,^NDX,5167.9599609375
2017-02-07,NDX,^NDX,5185.8798828125
2017-02-08,NDX,^NDX,5196.580078125
2017-02-09,NDX,^NDX,5212.16015625
2017-02-10,NDX,^NDX,5226.68994140625
2017-02-13,NDX,^NDX,5256.81982421875
2017-02-14,NDX,^NDX,5271.06982421875
2017-02-15,NDX,^NDX,5302.39013671875
2017-02-16,NDX,^NDX,5300.64013671875
2017-02-17,NDX,^NDX,5324.72021484375
2017-02-21,NDX,^NDX,5350.72998046875
2017-02-22,NDX,^NDX,5352.1298828125
2017-02-23,NDX,^NDX,5332.3701171875
2017-02-24,NDX,^NDX,5343.31005859375
2017-02-27,NDX,^NDX,5347.5498046875
2017-02-28,NDX,^NDX,5330.31005859375
2017-03-01,NDX,^NDX,5390.990234375
2017-03-02,NDX,^NDX,5363.259765625
2017-03-03,NDX,^NDX,5373.47998046875
2017-03-06,NDX,^NDX,5360.31005859375
2017-03-07,NDX,^NDX,5351.27978515625
2017-03-08,NDX,^NDX,5359.81005859375
2017-03-09,NDX,^NDX,5363.97998046875
2017-03-10,NDX,^NDX,5385.89990234375
2017-03-13,NDX,^NDX,5394.56982421875
2017-03-14,NDX,^NDX,5382.169921875
2017-03-15,NDX,^NDX,5416.25
2017-03-16,NDX,^NDX,5412.080078125
2017-03-17,NDX,^NDX,5408.759765625
2017-03-20,NDX,^NDX,5413.31005859375
2017-03-21,NDX,^NDX,5332.52978515625
2017-03-22,NDX,^NDX,5367.5498046875
2017-03-23,NDX,^NDX,5355.14013671875
2017-03-24,NDX,^NDX,5364.0
2017-03-27,NDX,^NDX,5374.27001953125
2017-03-28,NDX,^NDX,5407.2099609375
2017-03-29,NDX,^NDX,5430.27001953125
2017-03-30,NDX,^NDX,5439.740234375
2017-03-31,NDX,^NDX,5436.22998046875
2017-04-03,NDX,^NDX,5432.2001953125
2017-04-04,NDX,^NDX,5440.41015625
2017-04-05,NDX,^NDX,5418.52001953125
2017-04-06,NDX,^NDX,5420.8798828125
2017-04-07,NDX,^NDX,5418.3701171875
2017-04-10,NDX,^NDX,5421.68017578125
2017-04-11,NDX,^NDX,5398.39990234375
2017-04-12,NDX,^NDX,5377.02978515625
2017-04-13,NDX,^NDX,5353.58984375
2017-04-17,NDX,^NDX,5399.2001953125
2017-04-18,NDX,^NDX,5391.66015625
2017-04-19,NDX,^NDX,5399.64013671875
2017-04-20,NDX,^NDX,5443.52978515625
2017-04-21,NDX,^NDX,5442.0498046875
2017-04-24,NDX,^NDX,5508.02978515625
2017-04-25,NDX,^NDX,5548.18994140625
2017-04-26,NDX,^NDX,5541.08984375
2017-04-27,NDX,^NDX,5571.27978515625
2017-04-28,NDX,^NDX,5583.52978515625
2017-05-01,NDX,^NDX,5629.6298828125
2017-05-02,NDX,^NDX,5644.06982421875
2017-05-03,NDX,^NDX,5625.16015625
2017-05-04,NDX,^NDX,5626.31982421875
2017-05-05,NDX,^NDX,5646.08984375
2017-05-08,NDX,^NDX,5659.06982421875
2017-05-09,NDX,^NDX,5678.31005859375
2017-05-10,NDX,^NDX,5681.68017578125
2017-05-11,NDX,^NDX,5674.22021484375
2017-05-12,NDX,^NDX,5686.81005859375
2017-05-15,NDX,^NDX,5704.47998046875
2017-05-16,NDX,^NDX,5724.43994140625
2017-05-17,NDX,^NDX,5580.5498046875
2017-05-18,NDX,^NDX,5626.31005859375
2017-05-19,NDX,^NDX,5651.56005859375
2017-05-22,NDX,^NDX,5699.39990234375
2017-05-23,NDX,^NDX,5703.35009765625
2017-05-24,NDX,^NDX,5730.2998046875
2017-05-25,NDX,^NDX,5778.3701171875
2017-05-26,NDX,^NDX,5788.35986328125
2017-05-30,NDX,^NDX,5794.6298828125
2017-05-31,NDX,^NDX,5788.7998046875
2017-06-01,NDX,^NDX,5816.509765625
2017-06-02,NDX,^NDX,5881.4599609375
2017-06-05,NDX,^NDX,5878.1201171875
2017-06-06,NDX,^NDX,5856.77001953125
2017-06-07,NDX,^NDX,5877.58984375
2017-06-08,NDX,^NDX,5885.2998046875
2017-06-09,NDX,^NDX,5741.93994140625
2017-06-12,NDX,^NDX,5708.18017578125
2017-06-13,NDX,^NDX,5751.81982421875
2017-06-14,NDX,^NDX,5727.06982421875
2017-06-15,NDX,^NDX,5700.89013671875
2017-06-16,NDX,^NDX,5681.47998046875
2017-06-19,NDX,^NDX,5772.22021484375
2017-06-20,NDX,^NDX,5726.31005859375
2017-06-21,NDX,^NDX,5782.39013671875
2017-06-22,NDX,^NDX,5779.8701171875
2017-06-23,NDX,^NDX,5803.10986328125
2017-06-26,NDX,^NDX,5777.58984375
2017-06-27,NDX,^NDX,5671.60009765625
2017-06-28,NDX,^NDX,5753.02978515625
2017-06-29,NDX,^NDX,5653.02001953125
2017-06-30,NDX,^NDX,5646.919921875
2017-07-03,NDX,^NDX,5596.9599609375
2017-07-05,NDX,^NDX,5648.81982421875
2017-07-06,NDX,^NDX,5597.89990234375
2017-07-07,NDX,^NDX,5656.47021484375
2017-07-10,NDX,^NDX,5694.14990234375
2017-07-11,NDX,^NDX,5709.7998046875
2017-07-12,NDX,^NDX,5778.9501953125
2017-07-13,NDX,^NDX,5793.35986328125
2017-07-14,NDX,^NDX,5838.080078125
2017-07-17,NDX,^NDX,5839.740234375
2017-07-18,NDX,^NDX,5880.10009765625
2017-07-19,NDX,^NDX,5916.16015625
2017-07-20,NDX,^NDX,5921.22021484375
2017-07-21,NDX,^NDX,5921.52978515625
2017-07-24,NDX,^NDX,5941.3701171875
2017-07-25,NDX,^NDX,5930.64990234375
2017-07-26,NDX,^NDX,5950.72998046875
2017-07-27,NDX,^NDX,5917.02978515625
2017-07-28,NDX,^NDX,5908.919921875
2017-07-31,NDX,^NDX,5880.330078125
2017-08-01,NDX,^NDX,5895.169921875
2017-08-02,NDX,^NDX,5914.22998046875
2017-08-03,NDX,^NDX,5891.2001953125
2017-08-04,NDX,^NDX,5899.91015625
2017-08-07,NDX,^NDX,5934.72998046875
2017-08-08,NDX,^NDX,5926.35009765625
2017-08-09,NDX,^NDX,5919.39013671875
2017-08-10,NDX,^NDX,5788.18994140625
2017-08-11,NDX,^NDX,5831.52978515625
2017-08-14,NDX,^NDX,5908.169921875
2017-08-15,NDX,^NDX,5907.72998046875
2017-08-16,NDX,^NDX,5917.419921875
2017-08-17,NDX,^NDX,5796.31982421875
2017-08-18,NDX,^NDX,5790.91015625
2017-08-21,NDX,^NDX,5786.5400390625
2017-08-22,NDX,^NDX,5873.330078125
2017-08-23,NDX,^NDX,5851.77978515625
2017-08-24,NDX,^NDX,5834.43994140625
2017-08-25,NDX,^NDX,5822.52978515625
2017-08-28,NDX,^NDX,5838.080078125
2017-08-29,NDX,^NDX,5862.14013671875
2017-08-30,NDX,^NDX,5932.89990234375
2017-08-31,NDX,^NDX,5988.60009765625
2017-09-01,NDX,^NDX,5987.89990234375
2017-09-05,NDX,^NDX,5932.72998046875
2017-09-06,NDX,^NDX,5951.1298828125
2017-09-07,NDX,^NDX,5964.31005859375
2017-09-08,NDX,^NDX,5913.3701171875
2017-09-11,NDX,^NDX,5980.52978515625
2017-09-12,NDX,^NDX,5995.64013671875
2017-09-13,NDX,^NDX,6004.3798828125
2017-09-14,NDX,^NDX,5968.81982421875
2017-09-15,NDX,^NDX,5988.0
2017-09-18,NDX,^NDX,5981.1201171875
2017-09-19,NDX,^NDX,5991.080078125
2017-09-20,NDX,^NDX,5973.60986328125
2017-09-21,NDX,^NDX,5934.91015625
2017-09-22,NDX,^NDX,5932.31982421875
2017-09-25,NDX,^NDX,5867.35009765625
2017-09-26,NDX,^NDX,5881.33984375
2017-09-27,NDX,^NDX,5937.7900390625
2017-09-28,NDX,^NDX,5933.06982421875
2017-09-29,NDX,^NDX,5979.2998046875
2017-10-02,NDX,^NDX,5981.919921875
2017-10-03,NDX,^NDX,5995.06005859375
2017-10-04,NDX,^NDX,5998.83984375
2017-10-05,NDX,^NDX,6057.14013671875
2017-10-06,NDX,^NDX,6064.56982421875
2017-10-09,NDX,^NDX,6058.52978515625
2017-10-10,NDX,^NDX,6063.52001953125
2017-10-11,NDX,^NDX,6081.25
2017-10-12,NDX,^NDX,6069.990234375
2017-10-13,NDX,^NDX,6092.4501953125
2017-10-16,NDX,^NDX,6114.52978515625
2017-10-17,NDX,^NDX,6122.60986328125
2017-10-18,NDX,^NDX,6114.35009765625
2017-10-19,NDX,^NDX,6092.6201171875
2017-10-20,NDX,^NDX,6108.81982421875
2017-10-23,NDX,^NDX,6067.830078125
2017-10-24,NDX,^NDX,6080.22021484375
2017-10-25,NDX,^NDX,6055.0400390625
2017-10-26,NDX,^NDX,6037.8701171875
2017-10-27,NDX,^NDX,6213.47021484375
2017-10-30,NDX,^NDX,6227.58984375
2017-10-31,NDX,^NDX,6248.56005859375
2017-11-01,NDX,^NDX,6248.64990234375
2017-11-02,NDX,^NDX,6236.39013671875
2017-11-03,NDX,^NDX,6295.580078125
2017-11-06,NDX,^NDX,6313.60986328125
2017-11-07,NDX,^NDX,6320.77978515625
2017-11-08,NDX,^NDX,6345.81005859375
2017-11-09,NDX,^NDX,6312.2099609375
2017-11-10,NDX,^NDX,6309.06982421875
2017-11-13,NDX,^NDX,6316.18017578125
2017-11-14,NDX,^NDX,6293.64013671875
2017-11-15,NDX,^NDX,6258.35986328125
2017-11-16,NDX,^NDX,6339.14013671875
2017-11-17,NDX,^NDX,6314.509765625
2017-11-20,NDX,^NDX,6308.60986328125
2017-11-21,NDX,^NDX,6378.6298828125
2017-11-22,NDX,^NDX,6386.1201171875
2017-11-24,NDX,^NDX,6409.2900390625
2017-11-27,NDX,^NDX,6405.97021484375
2017-11-28,NDX,^NDX,6422.56005859375
2017-11-29,NDX,^NDX,6311.3798828125
2017-11-30,NDX,^NDX,6365.56005859375
2017-12-01,NDX,^NDX,6337.8701171875
2017-12-04,NDX,^NDX,6263.7001953125
2017-12-05,NDX,^NDX,6265.10986328125
2017-12-06,NDX,^NDX,6293.0498046875
2017-12-07,NDX,^NDX,6316.27978515625
2017-12-08,NDX,^NDX,6344.56982421875
2017-12-11,NDX,^NDX,6393.89013671875
2017-12-12,NDX,^NDX,6383.64990234375
2017-12-13,NDX,^NDX,6394.669921875
2017-12-14,NDX,^NDX,6389.91015625
2017-12-15,NDX,^NDX,6466.31982421875
2017-12-18,NDX,^NDX,6513.27001953125
2017-12-19,NDX,^NDX,6480.669921875
2017-12-20,NDX,^NDX,6472.47998046875
2017-12-21,NDX,^NDX,6472.68994140625
2017-12-22,NDX,^NDX,6465.169921875
2017-12-26,NDX,^NDX,6433.16015625
2017-12-27,NDX,^NDX,6435.14990234375
2017-12-28,NDX,^NDX,6441.419921875
2017-12-29,NDX,^NDX,6396.419921875
2018-01-02,NDX,^NDX,6511.33984375
2018-01-03,NDX,^NDX,6575.7998046875
2018-01-04,NDX,^NDX,6584.580078125
2018-01-05,NDX,^NDX,6653.2900390625
2018-01-08,NDX,^NDX,6676.6298828125
2018-01-09,NDX,^NDX,6677.93994140625
2018-01-10,NDX,^NDX,6662.66015625
2018-01-11,NDX,^NDX,6708.490234375
2018-01-12,NDX,^NDX,6758.5400390625
2018-01-16,NDX,^NDX,6737.14013671875
2018-01-17,NDX,^NDX,6810.27978515625
2018-01-18,NDX,^NDX,6811.3798828125
2018-01-19,NDX,^NDX,6834.330078125
2018-01-22,NDX,^NDX,6906.27978515625
2018-01-23,NDX,^NDX,6963.4599609375
2018-01-24,NDX,^NDX,6919.35009765625
2018-01-25,NDX,^NDX,6916.2998046875
2018-01-26,NDX,^NDX,7022.97021484375
2018-01-29,NDX,^NDX,6988.31982421875
2018-01-30,NDX,^NDX,6930.72998046875
2018-01-31,NDX,^NDX,6949.990234375
2018-02-01,NDX,^NDX,6901.5
2018-02-02,NDX,^NDX,6760.2900390625
2018-02-05,NDX,^NDX,6495.919921875
2018-02-06,NDX,^NDX,6665.97998046875
2018-02-07,NDX,^NDX,6582.02001953125
2018-02-08,NDX,^NDX,6306.10009765625
2018-02-09,NDX,^NDX,6412.68017578125
2018-02-12,NDX,^NDX,6523.85009765625
2018-02-13,NDX,^NDX,6553.85986328125
2018-02-14,NDX,^NDX,6675.02978515625
2018-02-15,NDX,^NDX,6794.919921875
2018-02-16,NDX,^NDX,6770.66015625
2018-02-20,NDX,^NDX,6779.68994140625
2018-02-21,NDX,^NDX,6759.259765625
2018-02-22,NDX,^NDX,6761.85009765625
2018-02-23,NDX,^NDX,6896.60009765625
2018-02-26,NDX,^NDX,6989.10009765625
2018-02-27,NDX,^NDX,6900.35009765625
2018-02-28,NDX,^NDX,6854.419921875
2018-03-01,NDX,^NDX,6750.5400390625
2018-03-02,NDX,^NDX,6811.0400390625
2018-03-05,NDX,^NDX,6881.27978515625
2018-03-06,NDX,^NDX,6913.02001953125
2018-03-07,NDX,^NDX,6929.39013671875
2018-03-08,NDX,^NDX,6966.43017578125
2018-03-09,NDX,^NDX,7101.18017578125
2018-03-12,NDX,^NDX,7131.1201171875
2018-03-13,NDX,^NDX,7046.509765625
2018-03-14,NDX,^NDX,7040.97998046875
2018-03-15,NDX,^NDX,7030.97021484375
2018-03-16,NDX,^NDX,7019.9501953125
2018-03-19,NDX,^NDX,6864.8798828125
2018-03-20,NDX,^NDX,6885.919921875
2018-03-21,NDX,^NDX,6853.4501953125
2018-03-22,NDX,^NDX,6682.259765625
2018-03-23,NDX,^NDX,6508.08984375
2018-03-26,NDX,^NDX,6753.830078125
2018-03-27,NDX,^NDX,6529.83984375
2018-03-28,NDX,^NDX,6460.81005859375
2018-03-29,NDX,^NDX,6581.1298828125
2018-04-02,NDX,^NDX,6390.83984375
2018-04-03,NDX,^NDX,6458.830078125
2018-04-04,NDX,^NDX,6560.06005859375
2018-04-05,NDX,^NDX,6594.83984375
2018-04-06,NDX,^NDX,6433.2099609375
2018-04-09,NDX,^NDX,6472.33984375
2018-04-10,NDX,^NDX,6615.8701171875
2018-04-11,NDX,^NDX,6583.43994140625
2018-04-12,NDX,^NDX,6656.259765625
2018-04-13,NDX,^NDX,6628.33984375
2018-04-16,NDX,^NDX,6675.18017578125
2018-04-17,NDX,^NDX,6816.3701171875
2018-04-18,NDX,^NDX,6833.2099609375
2018-04-19,NDX,^NDX,6774.89013671875
2018-04-20,NDX,^NDX,6667.75
2018-04-23,NDX,^NDX,6648.7998046875
2018-04-24,NDX,^NDX,6509.0498046875
2018-04-25,NDX,^NDX,6513.93994140625
2018-04-26,NDX,^NDX,6649.64990234375
2018-04-27,NDX,^NDX,6656.35009765625
2018-04-30,NDX,^NDX,6605.56982421875
2018-05-01,NDX,^NDX,6681.9599609375
2018-05-02,NDX,^NDX,6644.47998046875
2018-05-03,NDX,^NDX,6643.47998046875
2018-05-04,NDX,^NDX,6769.1201171875
2018-05-07,NDX,^NDX,6821.8701171875
2018-05-08,NDX,^NDX,6815.47998046875
2018-05-09,NDX,^NDX,6893.2099609375
2018-05-10,NDX,^NDX,6963.5498046875
2018-05-11,NDX,^NDX,6952.56005859375
2018-05-14,NDX,^NDX,6964.3701171875
2018-05-15,NDX,^NDX,6888.5400390625
2018-05-16,NDX,^NDX,6929.97021484375
2018-05-17,NDX,^NDX,6901.6298828125
2018-05-18,NDX,^NDX,6866.25
2018-05-21,NDX,^NDX,6905.52978515625
2018-05-22,NDX,^NDX,6893.6201171875
2018-05-23,NDX,^NDX,6953.6298828125
2018-05-24,NDX,^NDX,6949.7001953125
2018-05-25,NDX,^NDX,6960.919921875
2018-05-29,NDX,^NDX,6926.5400390625
2018-05-30,NDX,^NDX,6976.3701171875
2018-05-31,NDX,^NDX,6967.72998046875
2018-06-01,NDX,^NDX,7083.93017578125
2018-06-04,NDX,^NDX,7143.56982421875
2018-06-05,NDX,^NDX,7166.75
2018-06-06,NDX,^NDX,7210.080078125
2018-06-07,NDX,^NDX,7152.830078125
2018-06-08,NDX,^NDX,7152.6201171875
2018-06-11,NDX,^NDX,7168.47998046875
2018-06-12,NDX,^NDX,7209.18017578125
2018-06-13,NDX,^NDX,7205.259765625
2018-06-14,NDX,^NDX,7279.58984375
2018-06-15,NDX,^NDX,7255.759765625
2018-06-18,NDX,^NDX,7251.41015625
2018-06-19,NDX,^NDX,7228.0400390625
2018-06-20,NDX,^NDX,7280.7001953125
2018-06-21,NDX,^NDX,7217.490234375
2018-06-22,NDX,^NDX,7197.509765625
2018-06-25,NDX,^NDX,7038.169921875
2018-06-26,NDX,^NDX,7068.2001953125
2018-06-27,NDX,^NDX,6969.669921875
2018-06-28,NDX,^NDX,7031.60009765625
2018-06-29,NDX,^NDX,7040.7998046875
2018-07-02,NDX,^NDX,7097.81982421875
2018-07-03,NDX,^NDX,7014.5498046875
2018-07-05,NDX,^NDX,7101.0498046875
2018-07-06,NDX,^NDX,7207.330078125
2018-07-09,NDX,^NDX,7276.0
2018-07-10,NDX,^NDX,7282.60009765625
2018-07-11,NDX,^NDX,7243.97998046875
2018-07-12,NDX,^NDX,7366.25
2018-07-13,NDX,^NDX,7375.81982421875
2018-07-16,NDX,^NDX,7357.89990234375
2018-07-17,NDX,^NDX,7403.89013671875
2018-07-18,NDX,^NDX,7390.1298828125
2018-07-19,NDX,^NDX,7352.35986328125
2018-07-20,NDX,^NDX,7350.22998046875
2018-07-23,NDX,^NDX,7371.77978515625
2018-07-24,NDX,^NDX,7406.25
2018-07-25,NDX,^NDX,7508.58984375
2018-07-26,NDX,^NDX,7400.75
2018-07-27,NDX,^NDX,7296.77978515625
2018-07-30,NDX,^NDX,7193.10009765625
2018-07-31,NDX,^NDX,7231.97998046875
2018-08-01,NDX,^NDX,7272.89013671875
2018-08-02,NDX,^NDX,7372.14990234375
2018-08-03,NDX,^NDX,7395.490234375
2018-08-06,NDX,^NDX,7438.990234375
2018-08-07,NDX,^NDX,7462.64990234375
2018-08-08,NDX,^NDX,7469.5498046875
2018-08-09,NDX,^NDX,7466.9599609375
2018-08-10,NDX,^NDX,7408.2998046875
2018-08-13,NDX,^NDX,7401.169921875
2018-08-14,NDX,^NDX,7447.169921875
2018-08-15,NDX,^NDX,7354.66015625
2018-08-16,NDX,^NDX,7374.2900390625
2018-08-17,NDX,^NDX,7377.5400390625
2018-08-20,NDX,^NDX,7371.419921875
2018-08-21,NDX,^NDX,7397.22998046875
2018-08-22,NDX,^NDX,7424.60009765625
2018-08-23,NDX,^NDX,7413.83984375
2018-08-24,NDX,^NDX,7485.39990234375
2018-08-27,NDX,^NDX,7559.1298828125
2018-08-28,NDX,^NDX,7570.25
2018-08-29,NDX,^NDX,7660.18017578125
2018-08-30,NDX,^NDX,7642.669921875
2018-08-31,NDX,^NDX,7654.5498046875
2018-09-04,NDX,^NDX,7622.31982421875
2018-09-05,NDX,^NDX,7523.259765625
2018-09-06,NDX,^NDX,7453.169921875
2018-09-07,NDX,^NDX,7430.259765625
2018-09-10,NDX,^NDX,7447.68017578125
2018-09-11,NDX,^NDX,7507.8701171875
2018-09-12,NDX,^NDX,7488.06005859375
2018-09-13,NDX,^NDX,7561.68994140625
2018-09-14,NDX,^NDX,7545.5
2018-09-17,NDX,^NDX,7434.72998046875
2018-09-18,NDX,^NDX,7494.39990234375
2018-09-19,NDX,^NDX,7490.31982421875
2018-09-20,NDX,^NDX,7569.02978515625
2018-09-21,NDX,^NDX,7531.06982421875
2018-09-24,NDX,^NDX,7548.75
2018-09-25,NDX,^NDX,7563.18994140625
2018-09-26,NDX,^NDX,7563.08984375
2018-09-27,NDX,^NDX,7629.56982421875
2018-09-28,NDX,^NDX,7627.64990234375
2018-10-01,NDX,^NDX,7645.4501953125
2018-10-02,NDX,^NDX,7628.27978515625
2018-10-03,NDX,^NDX,7637.43017578125
2018-10-04,NDX,^NDX,7490.0
2018-10-05,NDX,^NDX,7399.009765625
2018-10-08,NDX,^NDX,7352.81982421875
2018-10-09,NDX,^NDX,7371.6201171875
2018-10-10,NDX,^NDX,7044.5
2018-10-11,NDX,^NDX,6964.02978515625
2018-10-12,NDX,^NDX,7157.2099609375
2018-10-15,NDX,^NDX,7068.669921875
2018-10-16,NDX,^NDX,7276.43017578125
2018-10-17,NDX,^NDX,7278.6298828125
2018-10-18,NDX,^NDX,7116.08984375
2018-10-19,NDX,^NDX,7107.22998046875
2018-10-22,NDX,^NDX,7141.2099609375
2018-10-23,NDX,^NDX,7118.669921875
2018-10-24,NDX,^NDX,6789.14990234375
2018-10-25,NDX,^NDX,7016.39013671875
2018-10-26,NDX,^NDX,6852.39990234375
2018-10-29,NDX,^NDX,6713.89990234375
2018-10-30,NDX,^NDX,6810.1201171875
2018-10-31,NDX,^NDX,6967.10009765625
2018-11-01,NDX,^NDX,7069.169921875
2018-11-02,NDX,^NDX,6965.2900390625
2018-11-05,NDX,^NDX,6937.08984375
2018-11-06,NDX,^NDX,6988.85009765625
2018-11-07,NDX,^NDX,7203.1298828125
2018-11-08,NDX,^NDX,7158.58984375
2018-11-09,NDX,^NDX,7039.14990234375
2018-11-12,NDX,^NDX,6829.10009765625
2018-11-13,NDX,^NDX,6830.91015625
2018-11-14,NDX,^NDX,6769.8701171875
2018-11-15,NDX,^NDX,6890.4501953125
2018-11-16,NDX,^NDX,6867.02001953125
2018-11-19,NDX,^NDX,6642.919921875
2018-11-20,NDX,^NDX,6526.9599609375
2018-11-21,NDX,^NDX,6575.66015625
2018-11-23,NDX,^NDX,6527.35009765625
2018-11-26,NDX,^NDX,6678.33984375
2018-11-27,NDX,^NDX,6701.0400390625
2018-11-28,NDX,^NDX,6913.330078125
2018-11-29,NDX,^NDX,6892.39990234375
2018-11-30,NDX,^NDX,6949.009765625
2018-12-03,NDX,^NDX,7062.1298828125
2018-12-04,NDX,^NDX,6795.2099609375
2018-12-06,NDX,^NDX,6838.85009765625
2018-12-07,NDX,^NDX,6613.27978515625
2018-12-10,NDX,^NDX,6682.740234375
2018-12-11,NDX,^NDX,6704.240234375
2018-12-12,NDX,^NDX,6763.9599609375
2018-12-13,NDX,^NDX,6767.97021484375
2018-12-14,NDX,^NDX,6594.9599609375
2018-12-17,NDX,^NDX,6448.39013671875
2018-12-18,NDX,^NDX,6491.52001953125
2018-12-19,NDX,^NDX,6342.97021484375
2018-12-20,NDX,^NDX,6243.18994140625
2018-12-21,NDX,^NDX,6046.56005859375
2018-12-24,NDX,^NDX,5899.35009765625
2018-12-26,NDX,^NDX,6262.77001953125
2018-12-27,NDX,^NDX,6288.2998046875
2018-12-28,NDX,^NDX,6285.27001953125
2018-12-31,NDX,^NDX,6329.97021484375
2019-01-02,NDX,^NDX,6360.8701171875
2019-01-03,NDX,^NDX,6147.1298828125
2019-01-04,NDX,^NDX,6422.669921875
2019-01-07,NDX,^NDX,6488.25
2019-01-08,NDX,^NDX,6551.85009765625
2019-01-09,NDX,^NDX,6600.68994140625
2019-01-10,NDX,^NDX,6620.93994140625
2019-01-11,NDX,^NDX,6601.39990234375
2019-01-14,NDX,^NDX,6541.0400390625
2019-01-15,NDX,^NDX,6669.64013671875
2019-01-16,NDX,^NDX,6668.56005859375
2019-01-17,NDX,^NDX,6718.4501953125
2019-01-18,NDX,^NDX,6784.60986328125
2019-01-22,NDX,^NDX,6646.81005859375
2019-01-23,NDX,^NDX,6658.759765625
2019-01-24,NDX,^NDX,6702.5498046875
2019-01-25,NDX,^NDX,6787.3701171875
2019-01-28,NDX,^NDX,6697.08984375
2019-01-29,NDX,^NDX,6632.7900390625
2019-01-30,NDX,^NDX,6807.91015625
2019-01-31,NDX,^NDX,6906.83984375
2019-02-01,NDX,^NDX,6875.52001953125
2019-02-04,NDX,^NDX,6959.9599609375
2019-02-05,NDX,^NDX,7023.52001953125
2019-02-06,NDX,^NDX,6997.6201171875
2019-02-07,NDX,^NDX,6904.97998046875
2019-02-08,NDX,^NDX,6913.1298828125
2019-02-11,NDX,^NDX,6909.18017578125
2019-02-12,NDX,^NDX,7014.669921875
2019-02-13,NDX,^NDX,7015.8798828125
2019-02-14,NDX,^NDX,7022.419921875
2019-02-15,NDX,^NDX,7055.18017578125
2019-02-19,NDX,^NDX,7066.60986328125
2019-02-20,NDX,^NDX,7062.33984375
2019-02-21,NDX,^NDX,7035.16015625
2019-02-22,NDX,^NDX,7090.6298828125
2019-02-25,NDX,^NDX,7115.43017578125
2019-02-26,NDX,^NDX,7123.22021484375
2019-02-27,NDX,^NDX,7117.0
2019-02-28,NDX,^NDX,7097.52978515625
2019-03-01,NDX,^NDX,7151.56982421875
2019-03-04,NDX,^NDX,7150.830078125
2019-03-05,NDX,^NDX,7156.7900390625
2019-03-06,NDX,^NDX,7112.47021484375
2019-03-07,NDX,^NDX,7026.8798828125
2019-03-08,NDX,^NDX,7015.68994140625
2019-03-11,NDX,^NDX,7164.02001953125
2019-03-12,NDX,^NDX,7201.27978515625
2019-03-13,NDX,^NDX,7256.97998046875
2019-03-14,NDX,^NDX,7243.009765625
2019-03-15,NDX,^NDX,7306.990234375
2019-03-18,NDX,^NDX,7326.27978515625
2019-03-19,NDX,^NDX,7349.27978515625
2019-03-20,NDX,^NDX,7380.75
2019-03-21,NDX,^NDX,7493.27001953125
2019-03-22,NDX,^NDX,7326.06005859375
2019-03-25,NDX,^NDX,7316.9599609375
2019-03-26,NDX,^NDX,7351.14990234375
2019-03-27,NDX,^NDX,7308.18994140625
2019-03-28,NDX,^NDX,7320.47021484375
2019-03-29,NDX,^NDX,7378.77001953125
2019-04-01,NDX,^NDX,7478.419921875
2019-04-02,NDX,^NDX,7499.64013671875
2019-04-03,NDX,^NDX,7544.97021484375
2019-04-04,NDX,^NDX,7540.56982421875
2019-04-05,NDX,^NDX,7578.83984375
2019-04-08,NDX,^NDX,7599.740234375
2019-04-09,NDX,^NDX,7568.490234375
2019-04-10,NDX,^NDX,7611.490234375
2019-04-11,NDX,^NDX,7594.89013671875
2019-04-12,NDX,^NDX,7628.14990234375
2019-04-15,NDX,^NDX,7629.1201171875
2019-04-16,NDX,^NDX,7654.72998046875
2019-04-17,NDX,^NDX,7680.72021484375
2019-04-18,NDX,^NDX,7689.72021484375
2019-04-22,NDX,^NDX,7713.490234375
2019-04-23,NDX,^NDX,7810.7099609375
2019-04-24,NDX,^NDX,7784.41015625
2019-04-25,NDX,^NDX,7816.919921875
2019-04-26,NDX,^NDX,7826.68017578125
2019-04-29,NDX,^NDX,7839.0400390625
2019-04-30,NDX,^NDX,7781.4599609375
2019-05-01,NDX,^NDX,7751.85009765625
2019-05-02,NDX,^NDX,7724.06005859375
2019-05-03,NDX,^NDX,7845.72998046875
2019-05-06,NDX,^NDX,7794.08984375
2019-05-07,NDX,^NDX,7640.14990234375
2019-05-08,NDX,^NDX,7617.5498046875
2019-05-09,NDX,^NDX,7582.75
2019-05-10,NDX,^NDX,7586.52978515625
2019-05-13,NDX,^NDX,7324.1298828125
2019-05-14,NDX,^NDX,7401.8798828125
2019-05-15,NDX,^NDX,7503.25
2019-05-16,NDX,^NDX,7580.14013671875
2019-05-17,NDX,^NDX,7503.68017578125
2019-05-20,NDX,^NDX,7376.7001953125
2019-05-21,NDX,^NDX,7451.02001953125
2019-05-22,NDX,^NDX,7420.66015625
2019-05-23,NDX,^NDX,7307.93017578125
2019-05-24,NDX,^NDX,7300.9599609375
2019-05-28,NDX,^NDX,7278.3798828125
2019-05-29,NDX,^NDX,7216.85986328125
2019-05-30,NDX,^NDX,7245.39990234375
2019-05-31,NDX,^NDX,7127.9599609375
2019-06-03,NDX,^NDX,6978.02001953125
2019-06-04,NDX,^NDX,7166.75
2019-06-05,NDX,^NDX,7220.89990234375
2019-06-06,NDX,^NDX,7275.93017578125
2019-06-07,NDX,^NDX,7417.2900390625
2019-06-10,NDX,^NDX,7501.93017578125
2019-06-11,NDX,^NDX,7513.85009765625
2019-06-12,NDX,^NDX,7472.2900390625
2019-06-13,NDX,^NDX,7510.68017578125
2019-06-14,NDX,^NDX,7479.10986328125
2019-06-17,NDX,^NDX,7526.52001953125
2019-06-18,NDX,^NDX,7635.39990234375
2019-06-19,NDX,^NDX,7667.740234375
2019-06-20,NDX,^NDX,7738.0498046875
2019-06-21,NDX,^NDX,7728.77978515625
2019-06-24,NDX,^NDX,7723.02001953125
2019-06-25,NDX,^NDX,7591.5400390625
2019-06-26,NDX,^NDX,7627.0498046875
2019-06-27,NDX,^NDX,7657.0498046875
2019-06-28,NDX,^NDX,7671.080078125
2019-07-01,NDX,^NDX,7768.14013671875
2019-07-02,NDX,^NDX,7799.81982421875
2019-07-03,NDX,^NDX,7857.68994140625
2019-07-05,NDX,^NDX,7841.2998046875
2019-07-08,NDX,^NDX,7785.7900390625
2019-07-09,NDX,^NDX,7826.85986328125
2019-07-10,NDX,^NDX,7903.39990234375
2019-07-11,NDX,^NDX,7896.77978515625
2019-07-12,NDX,^NDX,7943.240234375
2019-07-15,NDX,^NDX,7966.93017578125
2019-07-16,NDX,^NDX,7927.080078125
2019-07-17,NDX,^NDX,7888.759765625
2019-07-18,NDX,^NDX,7904.1298828125
2019-07-19,NDX,^NDX,7834.89990234375
2019-07-22,NDX,^NDX,7905.1201171875
2019-07-23,NDX,^NDX,7954.56005859375
2019-07-24,NDX,^NDX,8010.60986328125
2019-07-25,NDX,^NDX,7929.8701171875
2019-07-26,NDX,^NDX,8016.9501953125
2019-07-29,NDX,^NDX,7989.080078125
2019-07-30,NDX,^NDX,7952.47021484375
2019-07-31,NDX,^NDX,7848.77978515625
2019-08-01,NDX,^NDX,7801.14990234375
2019-08-02,NDX,^NDX,7692.7998046875
2019-08-05,NDX,^NDX,7415.68994140625
2019-08-06,NDX,^NDX,7521.31982421875
2019-08-07,NDX,^NDX,7551.89990234375
2019-08-08,NDX,^NDX,7724.830078125
2019-08-09,NDX,^NDX,7646.27001953125
2019-08-12,NDX,^NDX,7561.68017578125
2019-08-13,NDX,^NDX,7728.14990234375
2019-08-14,NDX,^NDX,7490.1298828125
2019-08-15,NDX,^NDX,7484.89013671875
2019-08-16,NDX,^NDX,7604.10986328125
2019-08-19,NDX,^NDX,7719.31982421875
2019-08-20,NDX,^NDX,7664.47021484375
2019-08-21,NDX,^NDX,7733.22021484375
2019-08-22,NDX,^NDX,7707.43017578125
2019-08-23,NDX,^NDX,7464.990234375
2019-08-26,NDX,^NDX,7575.02001953125
2019-08-27,NDX,^NDX,7566.02978515625
2019-08-28,NDX,^NDX,7587.89990234375
2019-08-29,NDX,^NDX,7702.31005859375
2019-08-30,NDX,^NDX,7691.0
2019-09-03,NDX,^NDX,7609.509765625
2019-09-04,NDX,^NDX,7719.25
2019-09-05,NDX,^NDX,7862.5400390625
2019-09-06,NDX,^NDX,7852.5400390625
2019-09-09,NDX,^NDX,7832.39990234375
2019-09-10,NDX,^NDX,7814.740234375
2019-09-11,NDX,^NDX,7887.580078125
2019-09-12,NDX,^NDX,7917.33984375
2019-09-13,NDX,^NDX,7892.9501953125
2019-09-16,NDX,^NDX,7852.41015625
2019-09-17,NDX,^NDX,7888.7900390625
2019-09-18,NDX,^NDX,7888.56005859375
2019-09-19,NDX,^NDX,7901.7900390625
2019-09-20,NDX,^NDX,7823.5498046875
2019-09-23,NDX,^NDX,7818.60986328125
2019-09-24,NDX,^NDX,7710.0400390625
2019-09-25,NDX,^NDX,7803.5400390625
2019-09-26,NDX,^NDX,7771.990234375
2019-09-27,NDX,^NDX,7681.580078125
2019-09-30,NDX,^NDX,7749.4501953125
2019-10-01,NDX,^NDX,7684.14013671875
2019-10-02,NDX,^NDX,7550.7900390625
2019-10-03,NDX,^NDX,7638.39013671875
2019-10-04,NDX,^NDX,7754.10009765625
2019-10-07,NDX,^NDX,7725.1298828125
2019-10-08,NDX,^NDX,7604.27001953125
2019-10-09,NDX,^NDX,7690.52978515625
2019-10-10,NDX,^NDX,7740.35986328125
2019-10-11,NDX,^NDX,7843.8798828125
2019-10-14,NDX,^NDX,7842.330078125
2019-10-15,NDX,^NDX,7942.85009765625
2019-10-16,NDX,^NDX,7920.2099609375
2019-10-17,NDX,^NDX,7942.14013671875
2019-10-18,NDX,^NDX,7868.490234375
2019-10-21,NDX,^NDX,7940.330078125
2019-10-22,NDX,^NDX,7874.6201171875
2019-10-23,NDX,^NDX,7889.47021484375
2019-10-24,NDX,^NDX,7966.72021484375
2019-10-25,NDX,^NDX,8029.22021484375
2019-10-28,NDX,^NDX,8110.669921875
2019-10-29,NDX,^NDX,8047.509765625
2019-10-30,NDX,^NDX,8083.10986328125
2019-10-31,NDX,^NDX,8083.830078125
2019-11-01,NDX,^NDX,8161.169921875
2019-11-04,NDX,^NDX,8210.66015625
2019-11-05,NDX,^NDX,8210.1796875
2019-11-06,NDX,^NDX,8196.0302734375
2019-11-07,NDX,^NDX,8219.650390625
2019-11-08,NDX,^NDX,8255.8896484375
2019-11-11,NDX,^NDX,8241.91015625
2019-11-12,NDX,^NDX,8263.7900390625
2019-11-13,NDX,^NDX,8259.8095703125
2019-11-14,NDX,^NDX,8257.830078125
2019-11-15,NDX,^NDX,8315.51953125
2019-11-18,NDX,^NDX,8328.48046875
2019-11-19,NDX,^NDX,8338.740234375
2019-11-20,NDX,^NDX,8283.75
2019-11-21,NDX,^NDX,8265.6201171875
2019-11-22,NDX,^NDX,8272.0498046875
2019-11-25,NDX,^NDX,8371.9296875
2019-11-26,NDX,^NDX,8385.75
2019-11-27,NDX,^NDX,8444.7099609375
2019-11-29,NDX,^NDX,8403.6796875
2019-12-02,NDX,^NDX,8309.259765625
2019-12-03,NDX,^NDX,8254.740234375
2019-12-04,NDX,^NDX,8296.5302734375
2019-12-05,NDX,^NDX,8308.400390625
2019-12-06,NDX,^NDX,8397.3701171875
2019-12-09,NDX,^NDX,8362.740234375
2019-12-10,NDX,^NDX,8354.2900390625
2019-12-11,NDX,^NDX,8402.6103515625
2019-12-12,NDX,^NDX,8466.8896484375
2019-12-13,NDX,^NDX,8487.7099609375
2019-12-16,NDX,^NDX,8570.330078125
2019-12-17,NDX,^NDX,8575.7001953125
2019-12-18,NDX,^NDX,8580.6201171875
2019-12-19,NDX,^NDX,8641.2900390625
2019-12-20,NDX,^NDX,8678.490234375
2019-12-23,NDX,^NDX,8696.009765625
2019-12-24,NDX,^NDX,8699.509765625
2019-12-26,NDX,^NDX,8778.3095703125
2019-12-27,NDX,^NDX,8770.98046875
2019-12-30,NDX,^NDX,8709.73046875
2019-12-31,NDX,^NDX,8733.0703125
2020-01-02,NDX,^NDX,8872.2197265625
2020-01-03,NDX,^NDX,8793.900390625
2020-01-06,NDX,^NDX,8848.51953125
2020-01-07,NDX,^NDX,8846.4501953125
2020-01-08,NDX,^NDX,8912.3701171875
2020-01-09,NDX,^NDX,8989.6298828125
2020-01-10,NDX,^NDX,8966.6396484375
2020-01-13,NDX,^NDX,9070.650390625
2020-01-14,NDX,^NDX,9033.419921875
2020-01-15,NDX,^NDX,9035.669921875
2020-01-16,NDX,^NDX,9125.0
2020-01-17,NDX,^NDX,9173.73046875
2020-01-21,NDX,^NDX,9166.6298828125
2020-01-22,NDX,^NDX,9188.580078125
2020-01-23,NDX,^NDX,9216.98046875
2020-01-24,NDX,^NDX,9141.4697265625
2020-01-27,NDX,^NDX,8952.1796875
2020-01-28,NDX,^NDX,9090.9296875
2020-01-29,NDX,^NDX,9101.6103515625
2020-01-30,NDX,^NDX,9136.08984375
2020-01-31,NDX,^NDX,8991.509765625
2020-02-03,NDX,^NDX,9126.23046875
2020-02-04,NDX,^NDX,9334.0595703125
2020-02-05,NDX,^NDX,9367.48046875
2020-02-06,NDX,^NDX,9445.919921875
2020-02-07,NDX,^NDX,9401.099609375
2020-02-10,NDX,^NDX,9516.83984375
2020-02-11,NDX,^NDX,9517.8603515625
2020-02-12,NDX,^NDX,9613.2001953125
2020-02-13,NDX,^NDX,9595.7001953125
2020-02-14,NDX,^NDX,9623.580078125
2020-02-18,NDX,^NDX,9629.7998046875
2020-02-19,NDX,^NDX,9718.73046875
2020-02-20,NDX,^NDX,9627.830078125
2020-02-21,NDX,^NDX,9446.6904296875
2020-02-24,NDX,^NDX,9079.6298828125
2020-02-25,NDX,^NDX,8834.8701171875
2020-02-26,NDX,^NDX,8873.759765625
2020-02-27,NDX,^NDX,8436.669921875
2020-02-28,NDX,^NDX,8461.830078125
2020-03-02,NDX,^NDX,8877.98046875
2020-03-03,NDX,^NDX,8594.490234375
2020-03-04,NDX,^NDX,8949.2802734375
2020-03-05,NDX,^NDX,8671.66015625
2020-03-06,NDX,^NDX,8530.33984375
2020-03-09,NDX,^NDX,7948.02978515625
2020-03-10,NDX,^NDX,8372.26953125
2020-03-11,NDX,^NDX,8006.1201171875
2020-03-12,NDX,^NDX,7263.64990234375
2020-03-13,NDX,^NDX,7995.259765625
2020-03-16,NDX,^NDX,7020.3798828125
2020-03-17,NDX,^NDX,7473.9501953125
2020-03-18,NDX,^NDX,7175.18017578125
2020-03-19,NDX,^NDX,7288.52001953125
2020-03-20,NDX,^NDX,6994.2900390625
2020-03-23,NDX,^NDX,7006.919921875
2020-03-24,NDX,^NDX,7553.830078125
2020-03-25,NDX,^NDX,7469.6201171875
2020-03-26,NDX,^NDX,7897.1298828125
2020-03-27,NDX,^NDX,7588.3701171875
2020-03-30,NDX,^NDX,7889.009765625
2020-03-31,NDX,^NDX,7813.5
2020-04-01,NDX,^NDX,7486.2900390625
2020-04-02,NDX,^NDX,7635.66015625
2020-04-03,NDX,^NDX,7528.10986328125
2020-04-06,NDX,^NDX,8081.66015625
2020-04-07,NDX,^NDX,8049.31005859375
2020-04-08,NDX,^NDX,8229.5400390625
2020-04-09,NDX,^NDX,8238.5302734375
2020-04-13,NDX,^NDX,8332.740234375
2020-04-14,NDX,^NDX,8692.16015625
2020-04-15,NDX,^NDX,8591.9599609375
2020-04-16,NDX,^NDX,8757.830078125
2020-04-17,NDX,^NDX,8832.41015625
2020-04-20,NDX,^NDX,8726.509765625
2020-04-21,NDX,^NDX,8403.0
2020-04-22,NDX,^NDX,8664.6396484375
2020-04-23,NDX,^NDX,8641.5
2020-04-24,NDX,^NDX,8786.599609375
2020-04-27,NDX,^NDX,8837.66015625
2020-04-28,NDX,^NDX,8677.599609375
2020-04-29,NDX,^NDX,8982.759765625
2020-04-30,NDX,^NDX,9000.509765625
2020-05-01,NDX,^NDX,8718.1796875
2020-05-04,NDX,^NDX,8834.1103515625
2020-05-05,NDX,^NDX,8930.6201171875
2020-05-06,NDX,^NDX,8984.8603515625
2020-05-07,NDX,^NDX,9101.8798828125
2020-05-08,NDX,^NDX,9220.349609375
2020-05-11,NDX,^NDX,9298.919921875
2020-05-12,NDX,^NDX,9112.4501953125
2020-05-13,NDX,^NDX,9000.080078125
2020-05-14,NDX,^NDX,9094.419921875
2020-05-15,NDX,^NDX,9152.6396484375
2020-05-18,NDX,^NDX,9331.9296875
2020-05-19,NDX,^NDX,9298.5400390625
2020-05-20,NDX,^NDX,9485.01953125
2020-05-21,NDX,^NDX,9377.990234375
2020-05-22,NDX,^NDX,9413.990234375
2020-05-26,NDX,^NDX,9389.98046875
2020-05-27,NDX,^NDX,9442.0498046875
2020-05-28,NDX,^NDX,9416.7099609375
2020-05-29,NDX,^NDX,9555.5302734375
2020-06-01,NDX,^NDX,9598.8896484375
2020-06-02,NDX,^NDX,9657.3095703125
2020-06-03,NDX,^NDX,9704.6904296875
2020-06-04,NDX,^NDX,9629.66015625
2020-06-05,NDX,^NDX,9824.3896484375
2020-06-08,NDX,^NDX,9901.51953125
2020-06-09,NDX,^NDX,9967.169921875
2020-06-10,NDX,^NDX,10094.259765625
2020-06-11,NDX,^NDX,9588.48046875
2020-06-12,NDX,^NDX,9663.7802734375
2020-06-15,NDX,^NDX,9776.8896484375
2020-06-16,NDX,^NDX,9949.3701171875
2020-06-17,NDX,^NDX,9982.48046875
2020-06-18,NDX,^NDX,10012.0498046875
2020-06-19,NDX,^NDX,10008.6396484375
2020-06-22,NDX,^NDX,10130.330078125
2020-06-23,NDX,^NDX,10209.8203125
2020-06-24,NDX,^NDX,10002.7001953125
2020-06-25,NDX,^NDX,10101.830078125
2020-06-26,NDX,^NDX,9849.3603515625
2020-06-29,NDX,^NDX,9961.16015625
2020-06-30,NDX,^NDX,10156.849609375
2020-07-01,NDX,^NDX,10279.25
2020-07-02,NDX,^NDX,10341.8896484375
2020-07-06,NDX,^NDX,10604.0595703125
2020-07-07,NDX,^NDX,10524.009765625
2020-07-08,NDX,^NDX,10666.7001953125
2020-07-09,NDX,^NDX,10754.58984375
2020-07-10,NDX,^NDX,10836.330078125
2020-07-13,NDX,^NDX,10602.2099609375
2020-07-14,NDX,^NDX,10689.51953125
2020-07-15,NDX,^NDX,10701.6796875
2020-07-16,NDX,^NDX,10626.4599609375
2020-07-17,NDX,^NDX,10645.2197265625
2020-07-20,NDX,^NDX,10952.080078125
2020-07-21,NDX,^NDX,10833.0703125
2020-07-22,NDX,^NDX,10870.75
2020-07-23,NDX,^NDX,10580.58984375
2020-07-24,NDX,^NDX,10483.1298828125
2020-07-27,NDX,^NDX,10674.3798828125
2020-07-28,NDX,^NDX,10532.5
2020-07-29,NDX,^NDX,10662.98046875
2020-07-30,NDX,^NDX,10715.509765625
2020-07-31,NDX,^NDX,10905.8798828125
2020-08-03,NDX,^NDX,11055.080078125
2020-08-04,NDX,^NDX,11096.5400390625
2020-08-05,NDX,^NDX,11125.4404296875
2020-08-06,NDX,^NDX,11267.080078125
2020-08-07,NDX,^NDX,11139.3896484375
2020-08-10,NDX,^NDX,11085.169921875
2020-08-11,NDX,^NDX,10876.080078125
2020-08-12,NDX,^NDX,11157.7197265625
2020-08-13,NDX,^NDX,11178.3701171875
2020-08-14,NDX,^NDX,11164.4501953125
2020-08-17,NDX,^NDX,11288.5703125
2020-08-18,NDX,^NDX,11399.0302734375
2020-08-19,NDX,^NDX,11318.6396484375
2020-08-20,NDX,^NDX,11477.0498046875
2020-08-21,NDX,^NDX,11555.16015625
2020-08-24,NDX,^NDX,11626.169921875
2020-08-25,NDX,^NDX,11721.8095703125
2020-08-26,NDX,^NDX,11971.9404296875
2020-08-27,NDX,^NDX,11926.16015625
2020-08-28,NDX,^NDX,11995.849609375
2020-08-31,NDX,^NDX,12110.7001953125
2020-09-01,NDX,^NDX,12292.8603515625
2020-09-02,NDX,^NDX,12420.5400390625
2020-09-03,NDX,^NDX,11771.3701171875
2020-09-04,NDX,^NDX,11622.1298828125
2020-09-08,NDX,^NDX,11068.259765625
2020-09-09,NDX,^NDX,11395.849609375
2020-09-10,NDX,^NDX,11154.1201171875
2020-09-11,NDX,^NDX,11087.400390625
2020-09-14,NDX,^NDX,11277.759765625
2020-09-15,NDX,^NDX,11438.8701171875
2020-09-16,NDX,^NDX,11247.599609375
2020-09-17,NDX,^NDX,11080.9501953125
2020-09-18,NDX,^NDX,10936.98046875
2020-09-21,NDX,^NDX,10980.2197265625
2020-09-22,NDX,^NDX,11186.3701171875
2020-09-23,NDX,^NDX,10833.330078125
2020-09-24,NDX,^NDX,10896.4697265625
2020-09-25,NDX,^NDX,11151.1298828125
2020-09-28,NDX,^NDX,11364.4501953125
2020-09-29,NDX,^NDX,11322.9501953125
2020-09-30,NDX,^NDX,11418.0595703125
2020-10-01,NDX,^NDX,11583.2001953125
2020-10-02,NDX,^NDX,11255.6904296875
2020-10-05,NDX,^NDX,11509.0595703125
2020-10-06,NDX,^NDX,11291.26953125
2020-10-07,NDX,^NDX,11503.1904296875
2020-10-08,NDX,^NDX,11550.9404296875
2020-10-09,NDX,^NDX,11725.849609375
2020-10-12,NDX,^NDX,12088.1103515625
2020-10-13,NDX,^NDX,12083.169921875
2020-10-14,NDX,^NDX,11985.3603515625
2020-10-15,NDX,^NDX,11898.5703125
2020-10-16,NDX,^NDX,11852.169921875
2020-10-19,NDX,^NDX,11634.349609375
2020-10-20,NDX,^NDX,11677.83984375
2020-10-21,NDX,^NDX,11665.3701171875
2020-10-22,NDX,^NDX,11662.91015625
2020-10-23,NDX,^NDX,11692.5703125
2020-10-26,NDX,^NDX,11504.51953125
2020-10-27,NDX,^NDX,11598.9501953125
2020-10-28,NDX,^NDX,11142.759765625
2020-10-29,NDX,^NDX,11350.740234375
2020-10-30,NDX,^NDX,11052.9501953125
2020-11-02,NDX,^NDX,11084.759765625
2020-11-03,NDX,^NDX,11279.91015625
2020-11-04,NDX,^NDX,11777.01953125
2020-11-05,NDX,^NDX,12078.0703125
2020-11-06,NDX,^NDX,12091.349609375
2020-11-09,NDX,^NDX,11830.3896484375
2020-11-10,NDX,^NDX,11624.2900390625
2020-11-11,NDX,^NDX,11892.9296875
2020-11-12,NDX,^NDX,11827.1396484375
2020-11-13,NDX,^NDX,11937.83984375
2020-11-16,NDX,^NDX,12013.3798828125
2020-11-17,NDX,^NDX,11977.490234375
2020-11-18,NDX,^NDX,11894.7099609375
2020-11-19,NDX,^NDX,11985.4296875
2020-11-20,NDX,^NDX,11906.4404296875
2020-11-23,NDX,^NDX,11905.9404296875
2020-11-24,NDX,^NDX,12079.8095703125
2020-11-25,NDX,^NDX,12152.2197265625
2020-11-27,NDX,^NDX,12258.2099609375
2020-11-30,NDX,^NDX,12268.3203125
2020-12-01,NDX,^NDX,12455.330078125
2020-12-02,NDX,^NDX,12456.41015625
2020-12-03,NDX,^NDX,12467.1298828125
2020-12-04,NDX,^NDX,12528.48046875
2020-12-07,NDX,^NDX,12596.4697265625
2020-12-08,NDX,^NDX,12635.7197265625
2020-12-09,NDX,^NDX,12364.6396484375
2020-12-10,NDX,^NDX,12401.740234375
2020-12-11,NDX,^NDX,12375.41015625
2020-12-14,NDX,^NDX,12462.2099609375
2020-12-15,NDX,^NDX,12595.919921875
2020-12-16,NDX,^NDX,12668.16015625
2020-12-17,NDX,^NDX,12752.0595703125
2020-12-18,NDX,^NDX,12738.1796875
2020-12-21,NDX,^NDX,12690.259765625
2020-12-22,NDX,^NDX,12717.5595703125
2020-12-23,NDX,^NDX,12653.1396484375
2020-12-24,NDX,^NDX,12711.009765625
2020-12-28,NDX,^NDX,12838.8603515625
2020-12-29,NDX,^NDX,12843.490234375
2020-12-30,NDX,^NDX,12845.3603515625
2020-12-31,NDX,^NDX,12888.2802734375
2021-01-04,NDX,^NDX,12694.66015625
2021-01-05,NDX,^NDX,12802.3798828125
2021-01-06,NDX,^NDX,12623.349609375
2021-01-07,NDX,^NDX,12939.5703125
2021-01-08,NDX,^NDX,13105.2001953125
2021-01-11,NDX,^NDX,12902.490234375
2021-01-12,NDX,^NDX,12892.08984375
2021-01-13,NDX,^NDX,12973.6298828125
2021-01-14,NDX,^NDX,12898.6904296875
2021-01-15,NDX,^NDX,12803.9296875
2021-01-19,NDX,^NDX,12996.5400390625
2021-01-20,NDX,^NDX,13296.4501953125
2021-01-21,NDX,^NDX,13404.990234375
2021-01-22,NDX,^NDX,13366.400390625
2021-01-25,NDX,^NDX,13483.2900390625
2021-01-26,NDX,^NDX,13490.1904296875
2021-01-27,NDX,^NDX,13112.650390625
2021-01-28,NDX,^NDX,13201.5302734375
2021-01-29,NDX,^NDX,12925.3798828125
2021-02-01,NDX,^NDX,13248.900390625
2021-02-02,NDX,^NDX,13456.1201171875
2021-02-03,NDX,^NDX,13402.3701171875
2021-02-04,NDX,^NDX,13560.8896484375
2021-02-05,NDX,^NDX,13603.9599609375
2021-02-08,NDX,^NDX,13695.01953125
2021-02-09,NDX,^NDX,13687.080078125
2021-02-10,NDX,^NDX,13655.26953125
2021-02-11,NDX,^NDX,13734.349609375
2021-02-12,NDX,^NDX,13807.7001953125
2021-02-16,NDX,^NDX,13773.76953125
2021-02-17,NDX,^NDX,13699.7099609375
2021-02-18,NDX,^NDX,13637.509765625
2021-02-19,NDX,^NDX,13580.7802734375
2021-02-22,NDX,^NDX,13223.740234375
2021-02-23,NDX,^NDX,13194.7099609375
2021-02-24,NDX,^NDX,13302.1904296875
2021-02-25,NDX,^NDX,12828.3095703125
2021-02-26,NDX,^NDX,12909.4404296875
2021-03-01,NDX,^NDX,13282.9501953125
2021-03-02,NDX,^NDX,13059.9501953125
2021-03-03,NDX,^NDX,12683.330078125
2021-03-04,NDX,^NDX,12464.0
2021-03-05,NDX,^NDX,12668.509765625
2021-03-08,NDX,^NDX,12299.080078125
2021-03-09,NDX,^NDX,12794.490234375
2021-03-10,NDX,^NDX,12752.0703125
2021-03-11,NDX,^NDX,13052.900390625
2021-03-12,NDX,^NDX,12937.2900390625
2021-03-15,NDX,^NDX,13082.5400390625
2021-03-16,NDX,^NDX,13152.2802734375
2021-03-17,NDX,^NDX,13202.3798828125
2021-03-18,NDX,^NDX,12789.1396484375
2021-03-19,NDX,^NDX,12866.990234375
2021-03-22,NDX,^NDX,13086.509765625
2021-03-23,NDX,^NDX,13017.7900390625
2021-03-24,NDX,^NDX,12798.8798828125
2021-03-25,NDX,^NDX,12780.509765625
2021-03-26,NDX,^NDX,12979.1201171875
2021-03-29,NDX,^NDX,12965.740234375
2021-03-30,NDX,^NDX,12896.5302734375
2021-03-31,NDX,^NDX,13091.4404296875
2021-04-01,NDX,^NDX,13329.51953125
2021-04-05,NDX,^NDX,13598.16015625
2021-04-06,NDX,^NDX,13578.4599609375
2021-04-07,NDX,^NDX,13616.7001953125
2021-04-08,NDX,^NDX,13758.509765625
2021-04-09,NDX,^NDX,13845.0595703125
2021-04-12,NDX,^NDX,13819.349609375
2021-04-13,NDX,^NDX,13986.490234375
2021-04-14,NDX,^NDX,13803.91015625
2021-04-15,NDX,^NDX,14026.1904296875
2021-04-16,NDX,^NDX,14041.91015625
2021-04-19,NDX,^NDX,13907.669921875
2021-04-20,NDX,^NDX,13809.2998046875
2021-04-21,NDX,^NDX,13935.150390625
2021-04-22,NDX,^NDX,13762.3603515625
2021-04-23,NDX,^NDX,13941.4404296875
2021-04-26,NDX,^NDX,14026.16015625
2021-04-27,NDX,^NDX,13960.2802734375
2021-04-28,NDX,^NDX,13901.6201171875
2021-04-29,NDX,^NDX,13970.2001953125
2021-04-30,NDX,^NDX,13860.759765625
2021-05-03,NDX,^NDX,13799.7197265625
2021-05-04,NDX,^NDX,13544.669921875
2021-05-05,NDX,^NDX,13503.3701171875
2021-05-06,NDX,^NDX,13613.73046875
2021-05-07,NDX,^NDX,13719.6298828125
2021-05-10,NDX,^NDX,13359.080078125
2021-05-11,NDX,^NDX,13351.26953125
2021-05-12,NDX,^NDX,13001.6298828125
2021-05-13,NDX,^NDX,13109.150390625
2021-05-14,NDX,^NDX,13393.1201171875
2021-05-17,NDX,^NDX,13312.91015625
2021-05-18,NDX,^NDX,13217.6796875
2021-05-19,NDX,^NDX,13237.91015625
2021-05-20,NDX,^NDX,13494.08984375
2021-05-21,NDX,^NDX,13411.740234375
2021-05-24,NDX,^NDX,13641.75
2021-05-25,NDX,^NDX,13657.73046875
2021-05-26,NDX,^NDX,13702.740234375
2021-05-27,NDX,^NDX,13657.849609375
2021-05-28,NDX,^NDX,13686.509765625
2021-06-01,NDX,^NDX,13654.58984375
2021-06-02,NDX,^NDX,13675.7900390625
2021-06-03,NDX,^NDX,13529.6796875
2021-06-04,NDX,^NDX,13770.76953125
2021-06-07,NDX,^NDX,13802.8896484375
2021-06-08,NDX,^NDX,13810.8603515625
2021-06-09,NDX,^NDX,13814.9404296875
2021-06-10,NDX,^NDX,13960.349609375
2021-06-11,NDX,^NDX,13998.2998046875
2021-06-14,NDX,^NDX,14128.2001953125
2021-06-15,NDX,^NDX,14030.41015625
2021-06-16,NDX,^NDX,13983.009765625
2021-06-17,NDX,^NDX,14163.8095703125
2021-06-18,NDX,^NDX,14049.580078125
2021-06-21,NDX,^NDX,14137.23046875
2021-06-22,NDX,^NDX,14270.419921875
2021-06-23,NDX,^NDX,14274.240234375
2021-06-24,NDX,^NDX,14365.9599609375
2021-06-25,NDX,^NDX,14345.1796875
2021-06-28,NDX,^NDX,14524.98046875
2021-06-29,NDX,^NDX,14572.75
2021-06-30,NDX,^NDX,14554.7998046875
2021-07-01,NDX,^NDX,14560.0498046875
2021-07-02,NDX,^NDX,14727.6298828125
2021-07-06,NDX,^NDX,14786.3603515625
2021-07-07,NDX,^NDX,14810.5400390625
2021-07-08,NDX,^NDX,14722.1396484375
2021-07-09,NDX,^NDX,14826.08984375
2021-07-12,NDX,^NDX,14877.8896484375
2021-07-13,NDX,^NDX,14874.5400390625
2021-07-14,NDX,^NDX,14900.4404296875
2021-07-15,NDX,^NDX,14794.6904296875
2021-07-16,NDX,^NDX,14681.3798828125
2021-07-19,NDX,^NDX,14549.08984375
2021-07-20,NDX,^NDX,14728.2099609375
2021-07-21,NDX,^NDX,14842.6298828125
2021-07-22,NDX,^NDX,14940.169921875
2021-07-23,NDX,^NDX,15111.7900390625
2021-07-26,NDX,^NDX,15125.9501953125
2021-07-27,NDX,^NDX,14956.9697265625
2021-07-28,NDX,^NDX,15018.099609375
2021-07-29,NDX,^NDX,15048.3603515625
2021-07-30,NDX,^NDX,14959.900390625
2021-08-02,NDX,^NDX,14963.6201171875
2021-08-03,NDX,^NDX,15061.419921875
2021-08-04,NDX,^NDX,15083.3896484375
2021-08-05,NDX,^NDX,15181.6396484375
2021-08-06,NDX,^NDX,15109.3603515625
2021-08-09,NDX,^NDX,15133.1103515625
2021-08-10,NDX,^NDX,15053.580078125
2021-08-11,NDX,^NDX,15027.759765625
2021-08-12,NDX,^NDX,15088.98046875
2021-08-13,NDX,^NDX,15136.6796875
2021-08-16,NDX,^NDX,15140.76953125
2021-08-17,NDX,^NDX,15002.830078125
2021-08-18,NDX,^NDX,14857.919921875
2021-08-19,NDX,^NDX,14933.9404296875
2021-08-20,NDX,^NDX,15092.5703125
2021-08-23,NDX,^NDX,15312.8203125
2021-08-24,NDX,^NDX,15357.6796875
2021-08-25,NDX,^NDX,15368.919921875
2021-08-26,NDX,^NDX,15278.51953125
2021-08-27,NDX,^NDX,15432.9501953125
2021-08-30,NDX,^NDX,15605.08984375
2021-08-31,NDX,^NDX,15582.509765625
2021-09-01,NDX,^NDX,15611.5703125
2021-09-02,NDX,^NDX,15604.25
2021-09-03,NDX,^NDX,15652.8603515625
2021-09-07,NDX,^NDX,15675.759765625
2021-09-08,NDX,^NDX,15620.849609375
2021-09-09,NDX,^NDX,15561.0498046875
2021-09-10,NDX,^NDX,15440.75
2021-09-13,NDX,^NDX,15434.5
2021-09-14,NDX,^NDX,15382.900390625
2021-09-15,NDX,^NDX,15503.5302734375
2021-09-16,NDX,^NDX,15515.91015625
2021-09-17,NDX,^NDX,15333.4697265625
2021-09-20,NDX,^NDX,15012.1904296875
2021-09-21,NDX,^NDX,15027.76953125
2021-09-22,NDX,^NDX,15176.509765625
2021-09-23,NDX,^NDX,15316.580078125
2021-09-24,NDX,^NDX,15329.6796875
2021-09-27,NDX,^NDX,15204.8203125
2021-09-28,NDX,^NDX,14770.2998046875
2021-09-29,NDX,^NDX,14752.8896484375
2021-09-30,NDX,^NDX,14689.6201171875
2021-10-01,NDX,^NDX,14791.8701171875
2021-10-04,NDX,^NDX,14472.1201171875
2021-10-05,NDX,^NDX,14674.150390625
2021-10-06,NDX,^NDX,14766.75
2021-10-07,NDX,^NDX,14897.1298828125
2021-10-08,NDX,^NDX,14820.75
2021-10-11,NDX,^NDX,14713.73046875
2021-10-12,NDX,^NDX,14662.1103515625
2021-10-13,NDX,^NDX,14774.599609375
2021-10-14,NDX,^NDX,15052.419921875
2021-10-15,NDX,^NDX,15146.919921875
2021-10-18,NDX,^NDX,15300.8896484375
2021-10-19,NDX,^NDX,15410.7197265625
2021-10-20,NDX,^NDX,15388.7099609375
2021-10-21,NDX,^NDX,15489.58984375
2021-10-22,NDX,^NDX,15355.0703125
2021-10-25,NDX,^NDX,15514.1904296875
2021-10-26,NDX,^NDX,15559.490234375
2021-10-27,NDX,^NDX,15598.3896484375
2021-10-28,NDX,^NDX,15778.16015625
2021-10-29,NDX,^NDX,15850.4697265625
2021-11-01,NDX,^NDX,15905.2802734375
2021-11-02,NDX,^NDX,15972.490234375
2021-11-03,NDX,^NDX,16144.5
2021-11-04,NDX,^NDX,16346.240234375
2021-11-05,NDX,^NDX,16359.3798828125
2021-11-08,NDX,^NDX,16336.0302734375
2021-11-09,NDX,^NDX,16219.9404296875
2021-11-10,NDX,^NDX,15985.5703125
2021-11-11,NDX,^NDX,16032.4697265625
2021-11-12,NDX,^NDX,16199.8896484375
2021-11-15,NDX,^NDX,16189.1201171875
2021-11-16,NDX,^NDX,16309.76953125
2021-11-17,NDX,^NDX,16308.0703125
2021-11-18,NDX,^NDX,16482.970703125
2021-11-19,NDX,^NDX,16573.33984375
2021-11-22,NDX,^NDX,16380.98046875
2021-11-23,NDX,^NDX,16306.7197265625
2021-11-24,NDX,^NDX,16367.8095703125
2021-11-26,NDX,^NDX,16025.580078125
2021-11-29,NDX,^NDX,16399.240234375
2021-11-30,NDX,^NDX,16135.919921875
2021-12-01,NDX,^NDX,15877.7197265625
2021-12-02,NDX,^NDX,15990.759765625
2021-12-03,NDX,^NDX,15712.0400390625
2021-12-06,NDX,^NDX,15846.16015625
2021-12-07,NDX,^NDX,16325.66015625
2021-12-08,NDX,^NDX,16394.33984375
2021-12-09,NDX,^NDX,16149.5703125
2021-12-10,NDX,^NDX,16331.98046875
2021-12-13,NDX,^NDX,16082.5498046875
2021-12-14,NDX,^NDX,15914.900390625
2021-12-15,NDX,^NDX,16289.58984375
2021-12-16,NDX,^NDX,15863.9404296875
2021-12-17,NDX,^NDX,15801.4599609375
2021-12-20,NDX,^NDX,15627.6396484375
2021-12-21,NDX,^NDX,15986.2802734375
2021-12-22,NDX,^NDX,16180.1396484375
2021-12-23,NDX,^NDX,16308.2099609375
2021-12-27,NDX,^NDX,16567.5
2021-12-28,NDX,^NDX,16488.66015625
2021-12-29,NDX,^NDX,16491.009765625
2021-12-30,NDX,^NDX,16429.099609375
2021-12-31,NDX,^NDX,16320.080078125
2022-01-03,NDX,^NDX,16501.76953125
2022-01-04,NDX,^NDX,16279.73046875
2022-01-05,NDX,^NDX,15771.7802734375
2022-01-06,NDX,^NDX,15765.3603515625
2022-01-07,NDX,^NDX,15592.1904296875
2022-01-10,NDX,^NDX,15614.4296875
2022-01-11,NDX,^NDX,15844.1201171875
2022-01-12,NDX,^NDX,15905.099609375
2022-01-13,NDX,^NDX,15495.6201171875
2022-01-14,NDX,^NDX,15611.58984375
2022-01-18,NDX,^NDX,15210.759765625
2022-01-19,NDX,^NDX,15047.83984375
2022-01-20,NDX,^NDX,14846.4599609375
2022-01-21,NDX,^NDX,14438.400390625
2022-01-24,NDX,^NDX,14509.580078125
2022-01-25,NDX,^NDX,14149.1201171875
2022-01-26,NDX,^NDX,14172.759765625
2022-01-27,NDX,^NDX,14003.1103515625
2022-01-28,NDX,^NDX,14454.6103515625
2022-01-31,NDX,^NDX,14930.0498046875
2022-02-01,NDX,^NDX,15019.6796875
2022-02-02,NDX,^NDX,15139.740234375
2022-02-03,NDX,^NDX,14501.1103515625
2022-02-04,NDX,^NDX,14694.349609375
2022-02-07,NDX,^NDX,14571.25
2022-02-08,NDX,^NDX,14747.0302734375
2022-02-09,NDX,^NDX,15056.9599609375
2022-02-10,NDX,^NDX,14705.6396484375
2022-02-11,NDX,^NDX,14253.83984375
2022-02-14,NDX,^NDX,14268.58984375
2022-02-15,NDX,^NDX,14620.8203125
2022-02-16,NDX,^NDX,14603.6396484375
2022-02-17,NDX,^NDX,14171.740234375
2022-02-18,NDX,^NDX,14009.5400390625
2022-02-22,NDX,^NDX,13870.5302734375
2022-02-23,NDX,^NDX,13509.4296875
2022-02-24,NDX,^NDX,13974.669921875
2022-02-25,NDX,^NDX,14189.16015625
2022-02-28,NDX,^NDX,14237.8095703125
2022-03-01,NDX,^NDX,14005.990234375
2022-03-02,NDX,^NDX,14243.6904296875
2022-03-03,NDX,^NDX,14035.2099609375
2022-03-04,NDX,^NDX,13837.830078125
2022-03-07,NDX,^NDX,13319.3798828125
2022-03-08,NDX,^NDX,13267.6103515625
2022-03-09,NDX,^NDX,13742.2001953125
2022-03-10,NDX,^NDX,13591.0
2022-03-11,NDX,^NDX,13301.830078125
2022-03-14,NDX,^NDX,13046.6396484375
2022-03-15,NDX,^NDX,13458.5595703125
2022-03-16,NDX,^NDX,13956.7900390625
2022-03-17,NDX,^NDX,14118.599609375
2022-03-18,NDX,^NDX,14420.080078125
2022-03-21,NDX,^NDX,14376.08984375
2022-03-22,NDX,^NDX,14654.330078125
2022-03-23,NDX,^NDX,14447.5498046875
2022-03-24,NDX,^NDX,14765.6904296875
2022-03-25,NDX,^NDX,14754.3095703125
2022-03-28,NDX,^NDX,14987.400390625
2022-03-29,NDX,^NDX,15239.3203125
2022-03-30,NDX,^NDX,15071.5498046875
2022-03-31,NDX,^NDX,14838.490234375
2022-04-01,NDX,^NDX,14861.2099609375
2022-04-04,NDX,^NDX,15159.580078125
2022-04-05,NDX,^NDX,14820.6396484375
2022-04-06,NDX,^NDX,14498.8896484375
2022-04-07,NDX,^NDX,14531.8095703125
2022-04-08,NDX,^NDX,14327.259765625
2022-04-11,NDX,^NDX,13990.2099609375
2022-04-12,NDX,^NDX,13940.240234375
2022-04-13,NDX,^NDX,14217.2900390625
2022-04-14,NDX,^NDX,13893.2099609375
2022-04-18,NDX,^NDX,13910.759765625
2022-04-19,NDX,^NDX,14210.259765625
2022-04-20,NDX,^NDX,13998.5302734375
2022-04-21,NDX,^NDX,13720.4501953125
2022-04-22,NDX,^NDX,13356.8701171875
2022-04-25,NDX,^NDX,13533.2197265625
2022-04-26,NDX,^NDX,13009.7099609375
2022-04-27,NDX,^NDX,13003.3603515625
2022-04-28,NDX,^NDX,13456.0595703125
2022-04-29,NDX,^NDX,12854.7998046875
2022-05-02,NDX,^NDX,13075.849609375
2022-05-03,NDX,^NDX,13089.900390625
2022-05-04,NDX,^NDX,13535.7099609375
2022-05-05,NDX,^NDX,12850.5498046875
2022-05-06,NDX,^NDX,12693.5302734375
2022-05-09,NDX,^NDX,12187.7197265625
2022-05-10,NDX,^NDX,12345.8603515625
2022-05-11,NDX,^NDX,11967.5595703125
2022-05-12,NDX,^NDX,11945.5
2022-05-13,NDX,^NDX,12387.400390625
2022-05-16,NDX,^NDX,12243.580078125
2022-05-17,NDX,^NDX,12564.099609375
2022-05-18,NDX,^NDX,11928.3095703125
2022-05-19,NDX,^NDX,11875.6298828125
2022-05-20,NDX,^NDX,11835.6201171875
2022-05-23,NDX,^NDX,12034.2802734375
2022-05-24,NDX,^NDX,11769.83984375
2022-05-25,NDX,^NDX,11943.9296875
2022-05-26,NDX,^NDX,12276.7900390625
2022-05-27,NDX,^NDX,12681.419921875
2022-05-31,NDX,^NDX,12642.099609375
2022-06-01,NDX,^NDX,12548.3603515625
2022-06-02,NDX,^NDX,12892.8896484375
2022-06-03,NDX,^NDX,12548.0302734375
2022-06-06,NDX,^NDX,12599.6298828125
2022-06-07,NDX,^NDX,12711.6796875
2022-06-08,NDX,^NDX,12615.1298828125
2022-06-09,NDX,^NDX,12269.7802734375
2022-06-10,NDX,^NDX,11832.8203125
2022-06-13,NDX,^NDX,11288.3203125
2022-06-14,NDX,^NDX,11311.6904296875
2022-06-15,NDX,^NDX,11593.76953125
2022-06-16,NDX,^NDX,11127.5703125
2022-06-17,NDX,^NDX,11265.990234375
2022-06-21,NDX,^NDX,11546.759765625
2022-06-22,NDX,^NDX,11527.7099609375
2022-06-23,NDX,^NDX,11697.6796875
2022-06-24,NDX,^NDX,12105.849609375
2022-06-27,NDX,^NDX,12008.240234375
2022-06-28,NDX,^NDX,11637.76953125
2022-06-29,NDX,^NDX,11658.259765625
2022-06-30,NDX,^NDX,11503.7197265625
2022-07-01,NDX,^NDX,11585.6796875
2022-07-05,NDX,^NDX,11779.900390625
2022-07-06,NDX,^NDX,11852.58984375
2022-07-07,NDX,^NDX,12109.0498046875
2022-07-08,NDX,^NDX,12125.6904296875
2022-07-11,NDX,^NDX,11860.2802734375
2022-07-12,NDX,^NDX,11744.990234375
2022-07-13,NDX,^NDX,11728.5302734375
2022-07-14,NDX,^NDX,11768.400390625
2022-07-15,NDX,^NDX,11983.6201171875
2022-07-18,NDX,^NDX,11877.5
2022-07-19,NDX,^NDX,12249.419921875
2022-07-20,NDX,^NDX,12439.6796875
2022-07-21,NDX,^NDX,12619.41015625
2022-07-22,NDX,^NDX,12396.4697265625
2022-07-25,NDX,^NDX,12328.41015625
2022-07-26,NDX,^NDX,12086.900390625
2022-07-27,NDX,^NDX,12601.4697265625
2022-07-28,NDX,^NDX,12717.8701171875
2022-07-29,NDX,^NDX,12947.9697265625
2022-08-01,NDX,^NDX,12940.7802734375
2022-08-02,NDX,^NDX,12901.599609375
2022-08-03,NDX,^NDX,13253.259765625
2022-08-04,NDX,^NDX,13311.0400390625
2022-08-05,NDX,^NDX,13207.6904296875
2022-08-08,NDX,^NDX,13159.16015625
2022-08-09,NDX,^NDX,13008.169921875
2022-08-10,NDX,^NDX,13378.3203125
2022-08-11,NDX,^NDX,13291.990234375
2022-08-12,NDX,^NDX,13565.8701171875
2022-08-15,NDX,^NDX,13667.1796875
2022-08-16,NDX,^NDX,13635.2099609375
2022-08-17,NDX,^NDX,13470.8603515625
2022-08-18,NDX,^NDX,13505.990234375
2022-08-19,NDX,^NDX,13242.900390625
2022-08-22,NDX,^NDX,12890.5400390625
2022-08-23,NDX,^NDX,12881.7900390625
2022-08-24,NDX,^NDX,12917.8603515625
2022-08-25,NDX,^NDX,13143.580078125
2022-08-26,NDX,^NDX,12605.169921875
2022-08-29,NDX,^NDX,12484.3203125
2022-08-30,NDX,^NDX,12342.7001953125
2022-08-31,NDX,^NDX,12272.0302734375
2022-09-01,NDX,^NDX,12274.6201171875
2022-09-02,NDX,^NDX,12098.4404296875
2022-09-06,NDX,^NDX,12011.3095703125
2022-09-07,NDX,^NDX,12259.3896484375
2022-09-08,NDX,^NDX,12321.1904296875
2022-09-09,NDX,^NDX,12588.2900390625
2022-09-12,NDX,^NDX,12739.7197265625
2022-09-13,NDX,^NDX,12033.6201171875
2022-09-14,NDX,^NDX,12134.400390625
2022-09-15,NDX,^NDX,11927.490234375
2022-09-16,NDX,^NDX,11861.3798828125
2022-09-19,NDX,^NDX,11953.26953125
2022-09-20,NDX,^NDX,11851.5400390625
2022-09-21,NDX,^NDX,11637.7900390625
2022-09-22,NDX,^NDX,11501.650390625
2022-09-23,NDX,^NDX,11311.240234375
2022-09-26,NDX,^NDX,11254.1103515625
2022-09-27,NDX,^NDX,11271.75
2022-09-28,NDX,^NDX,11493.830078125
2022-09-29,NDX,^NDX,11164.7802734375
2022-09-30,NDX,^NDX,10971.2197265625
2022-10-03,NDX,^NDX,11229.73046875
2022-10-04,NDX,^NDX,11582.5400390625
2022-10-05,NDX,^NDX,11573.1796875
2022-10-06,NDX,^NDX,11485.5
2022-10-07,NDX,^NDX,11039.4697265625
2022-10-10,NDX,^NDX,10926.9697265625
2022-10-11,NDX,^NDX,10791.349609375
2022-10-12,NDX,^NDX,10785.6201171875
2022-10-13,NDX,^NDX,11033.580078125
2022-10-14,NDX,^NDX,10692.0595703125
2022-10-17,NDX,^NDX,11062.5302734375
2022-10-18,NDX,^NDX,11147.740234375
2022-10-19,NDX,^NDX,11103.3798828125
2022-10-20,NDX,^NDX,11046.7099609375
2022-10-21,NDX,^NDX,11310.330078125
2022-10-24,NDX,^NDX,11430.259765625
2022-10-25,NDX,^NDX,11669.990234375
2022-10-26,NDX,^NDX,11405.900390625
2022-10-27,NDX,^NDX,11191.6298828125
2022-10-28,NDX,^NDX,11546.2099609375
2022-10-31,NDX,^NDX,11405.5703125
2022-11-01,NDX,^NDX,11288.9501953125
2022-11-02,NDX,^NDX,10906.33984375
2022-11-03,NDX,^NDX,10690.599609375
2022-11-04,NDX,^NDX,10857.0302734375
2022-11-07,NDX,^NDX,10977.0
2022-11-08,NDX,^NDX,11059.5
2022-11-09,NDX,^NDX,10797.5498046875
2022-11-10,NDX,^NDX,11605.9599609375
2022-11-11,NDX,^NDX,11817.009765625
2022-11-14,NDX,^NDX,11700.9404296875
2022-11-15,NDX,^NDX,11871.150390625
2022-11-16,NDX,^NDX,11699.08984375
2022-11-17,NDX,^NDX,11676.8603515625
2022-11-18,NDX,^NDX,11677.01953125
2022-11-21,NDX,^NDX,11553.4501953125
2022-11-22,NDX,^NDX,11724.83984375
2022-11-23,NDX,^NDX,11838.7197265625
2022-11-25,NDX,^NDX,11756.0302734375
2022-11-28,NDX,^NDX,11587.75
2022-11-29,NDX,^NDX,11503.4501953125
2022-11-30,NDX,^NDX,12030.0595703125
2022-12-01,NDX,^NDX,12041.8896484375
2022-12-02,NDX,^NDX,11994.259765625
2022-12-05,NDX,^NDX,11786.7998046875
2022-12-06,NDX,^NDX,11549.6904296875
2022-12-07,NDX,^NDX,11497.3896484375
2022-12-08,NDX,^NDX,11637.5
2022-12-09,NDX,^NDX,11563.330078125
2022-12-12,NDX,^NDX,11706.4404296875
2022-12-13,NDX,^NDX,11834.2099609375
2022-12-14,NDX,^NDX,11740.919921875
2022-12-15,NDX,^NDX,11345.2197265625
2022-12-16,NDX,^NDX,11243.7197265625
2022-12-19,NDX,^NDX,11084.58984375
2022-12-20,NDX,^NDX,11072.419921875
2022-12-21,NDX,^NDX,11235.8798828125
2022-12-22,NDX,^NDX,10956.1396484375
2022-12-23,NDX,^NDX,10985.4501953125
2022-12-27,NDX,^NDX,10822.509765625
2022-12-28,NDX,^NDX,10679.33984375
2022-12-29,NDX,^NDX,10951.0498046875
2022-12-30,NDX,^NDX,10939.759765625
2023-01-03,NDX,^NDX,10862.6396484375
2023-01-04,NDX,^NDX,10914.7998046875
2023-01-05,NDX,^NDX,10741.2197265625
2023-01-06,NDX,^NDX,11040.349609375
2023-01-09,NDX,^NDX,11108.4501953125
2023-01-10,NDX,^NDX,11205.7802734375
2023-01-11,NDX,^NDX,11402.51953125
2023-01-12,NDX,^NDX,11459.6103515625
2023-01-13,NDX,^NDX,11541.48046875
2023-01-17,NDX,^NDX,11557.1904296875
2023-01-18,NDX,^NDX,11410.2900390625
2023-01-19,NDX,^NDX,11295.669921875
2023-01-20,NDX,^NDX,11619.0302734375
2023-01-23,NDX,^NDX,11872.5400390625
2023-01-24,NDX,^NDX,11846.6396484375
2023-01-25,NDX,^NDX,11814.6904296875
2023-01-26,NDX,^NDX,12051.48046875
2023-01-27,NDX,^NDX,12166.599609375
2023-01-30,NDX,^NDX,11912.3896484375
2023-01-31,NDX,^NDX,12101.9296875
2023-02-01,NDX,^NDX,12363.099609375
2023-02-02,NDX,^NDX,12803.1396484375
2023-02-03,NDX,^NDX,12573.3603515625
2023-02-06,NDX,^NDX,12464.509765625
2023-02-07,NDX,^NDX,12728.26953125
2023-02-08,NDX,^NDX,12495.3798828125
2023-02-09,NDX,^NDX,12381.169921875
2023-02-10,NDX,^NDX,12304.919921875
2023-02-13,NDX,^NDX,12502.3095703125
2023-02-14,NDX,^NDX,12590.8896484375
2023-02-15,NDX,^NDX,12687.8896484375
2023-02-16,NDX,^NDX,12442.48046875
2023-02-17,NDX,^NDX,12358.1796875
2023-02-21,NDX,^NDX,12060.2998046875
2023-02-22,NDX,^NDX,12066.26953125
2023-02-23,NDX,^NDX,12180.1396484375
2023-02-24,NDX,^NDX,11969.650390625
2023-02-27,NDX,^NDX,12057.7900390625
2023-02-28,NDX,^NDX,12042.1201171875
2023-03-01,NDX,^NDX,11938.5703125
2023-03-02,NDX,^NDX,12044.8701171875
2023-03-03,NDX,^NDX,12290.8095703125
2023-03-06,NDX,^NDX,12302.48046875
2023-03-07,NDX,^NDX,12152.169921875
2023-03-08,NDX,^NDX,12215.330078125
2023-03-09,NDX,^NDX,11995.8798828125
2023-03-10,NDX,^NDX,11830.2802734375
2023-03-13,NDX,^NDX,11923.169921875
2023-03-14,NDX,^NDX,12199.7900390625
2023-03-15,NDX,^NDX,12251.3203125
2023-03-16,NDX,^NDX,12581.3896484375
2023-03-17,NDX,^NDX,12519.8798828125
2023-03-20,NDX,^NDX,12562.6103515625
2023-03-21,NDX,^NDX,12741.4404296875
2023-03-22,NDX,^NDX,12567.150390625
2023-03-23,NDX,^NDX,12729.23046875
2023-03-24,NDX,^NDX,12767.0498046875
2023-03-27,NDX,^NDX,12673.0703125
2023-03-28,NDX,^NDX,12610.5703125
2023-03-29,NDX,^NDX,12846.0302734375
2023-03-30,NDX,^NDX,12963.1396484375
2023-03-31,NDX,^NDX,13181.349609375
2023-04-03,NDX,^NDX,13148.349609375
2023-04-04,NDX,^NDX,13100.080078125
2023-04-05,NDX,^NDX,12967.2001953125
2023-04-06,NDX,^NDX,13062.599609375
2023-04-10,NDX,^NDX,13051.23046875
2023-04-11,NDX,^NDX,12964.150390625
2023-04-12,NDX,^NDX,12848.349609375
2023-04-13,NDX,^NDX,13109.3896484375
2023-04-14,NDX,^NDX,13079.51953125
2023-04-17,NDX,^NDX,13087.7099609375
2023-04-18,NDX,^NDX,13091.7900390625
2023-04-19,NDX,^NDX,13088.7099609375
2023-04-20,NDX,^NDX,12985.98046875
2023-04-21,NDX,^NDX,13000.76953125
2023-04-24,NDX,^NDX,12969.759765625
2023-04-25,NDX,^NDX,12725.1103515625
2023-04-26,NDX,^NDX,12806.48046875
2023-04-27,NDX,^NDX,13160.0302734375
2023-04-28,NDX,^NDX,13245.990234375
2023-05-01,NDX,^NDX,13231.4697265625
2023-05-02,NDX,^NDX,13113.66015625
2023-05-03,NDX,^NDX,13030.2099609375
2023-05-04,NDX,^NDX,12982.48046875
2023-05-05,NDX,^NDX,13259.1298828125
2023-05-08,NDX,^NDX,13291.6396484375
2023-05-09,NDX,^NDX,13201.1103515625
2023-05-10,NDX,^NDX,13347.830078125
2023-05-11,NDX,^NDX,13389.7802734375
2023-05-12,NDX,^NDX,13340.1796875
2023-05-15,NDX,^NDX,13413.509765625
2023-05-16,NDX,^NDX,13426.009765625
2023-05-17,NDX,^NDX,13589.259765625
2023-05-18,NDX,^NDX,13834.6201171875
2023-05-19,NDX,^NDX,13803.490234375
2023-05-22,NDX,^NDX,13849.740234375
2023-05-23,NDX,^NDX,13672.5400390625
2023-05-24,NDX,^NDX,13604.48046875
2023-05-25,NDX,^NDX,13938.5302734375
2023-05-26,NDX,^NDX,14298.41015625
2023-05-30,NDX,^NDX,14354.990234375
2023-05-31,NDX,^NDX,14254.08984375
2023-06-01,NDX,^NDX,14441.509765625
2023-06-02,NDX,^NDX,14546.6396484375
2023-06-05,NDX,^NDX,14556.5
2023-06-06,NDX,^NDX,14558.08984375
2023-06-07,NDX,^NDX,14303.2900390625
2023-06-08,NDX,^NDX,14484.5400390625
2023-06-09,NDX,^NDX,14528.3603515625
2023-06-12,NDX,^NDX,14784.2998046875
2023-06-13,NDX,^NDX,14900.849609375
2023-06-14,NDX,^NDX,15005.6904296875
2023-06-15,NDX,^NDX,15185.48046875
2023-06-16,NDX,^NDX,15083.919921875
2023-06-20,NDX,^NDX,15070.150390625
2023-06-21,NDX,^NDX,14867.4501953125
2023-06-22,NDX,^NDX,15042.3203125
2023-06-23,NDX,^NDX,14891.48046875
2023-06-26,NDX,^NDX,14689.01953125
2023-06-27,NDX,^NDX,14945.91015625
2023-06-28,NDX,^NDX,14964.5703125
2023-06-29,NDX,^NDX,14939.9501953125
2023-06-30,NDX,^NDX,15179.2099609375
2023-07-03,NDX,^NDX,15208.6904296875
2023-07-05,NDX,^NDX,15203.7802734375
2023-07-06,NDX,^NDX,15089.4501953125
2023-07-07,NDX,^NDX,15036.849609375
2023-07-10,NDX,^NDX,15045.6396484375
2023-07-11,NDX,^NDX,15119.0595703125
2023-07-12,NDX,^NDX,15307.23046875
2023-07-13,NDX,^NDX,15571.98046875
2023-07-14,NDX,^NDX,15565.599609375
2023-07-17,NDX,^NDX,15713.2802734375
2023-07-18,NDX,^NDX,15841.349609375
2023-07-19,NDX,^NDX,15826.349609375
2023-07-20,NDX,^NDX,15466.08984375
2023-07-21,NDX,^NDX,15425.669921875
2023-07-24,NDX,^NDX,15448.01953125
2023-07-25,NDX,^NDX,15561.419921875
2023-07-26,NDX,^NDX,15499.259765625
2023-07-27,NDX,^NDX,15464.9296875
2023-07-28,NDX,^NDX,15750.9296875
2023-07-31,NDX,^NDX,15757.0
2023-08-01,NDX,^NDX,15718.009765625
2023-08-02,NDX,^NDX,15370.740234375
2023-08-03,NDX,^NDX,15353.5400390625
2023-08-04,NDX,^NDX,15274.919921875
2023-08-07,NDX,^NDX,15407.849609375
2023-08-08,NDX,^NDX,15273.0498046875
2023-08-09,NDX,^NDX,15101.7099609375
2023-08-10,NDX,^NDX,15128.83984375
2023-08-11,NDX,^NDX,15028.0703125
2023-08-14,NDX,^NDX,15205.58984375
2023-08-15,NDX,^NDX,15037.650390625
2023-08-16,NDX,^NDX,14876.4697265625
2023-08-17,NDX,^NDX,14715.8095703125
2023-08-18,NDX,^NDX,14694.83984375
2023-08-21,NDX,^NDX,14936.6904296875
2023-08-22,NDX,^NDX,14908.9599609375
2023-08-23,NDX,^NDX,15148.0595703125
2023-08-24,NDX,^NDX,14816.4404296875
2023-08-25,NDX,^NDX,14941.830078125
2023-08-28,NDX,^NDX,15052.4599609375
2023-08-29,NDX,^NDX,15376.5498046875
2023-08-30,NDX,^NDX,15462.4296875
2023-08-31,NDX,^NDX,15501.0703125
2023-09-01,NDX,^NDX,15490.8603515625
2023-09-05,NDX,^NDX,15508.240234375
2023-09-06,NDX,^NDX,15371.4404296875
2023-09-07,NDX,^NDX,15258.51953125
2023-09-08,NDX,^NDX,15280.23046875
2023-09-11,NDX,^NDX,15461.8701171875
2023-09-12,NDX,^NDX,15289.740234375
2023-09-13,NDX,^NDX,15348.5302734375
2023-09-14,NDX,^NDX,15473.8896484375
2023-09-15,NDX,^NDX,15202.400390625
2023-09-18,NDX,^NDX,15225.3701171875
2023-09-19,NDX,^NDX,15191.23046875
2023-09-20,NDX,^NDX,14969.919921875
2023-09-21,NDX,^NDX,14694.240234375
2023-09-22,NDX,^NDX,14701.099609375
2023-09-25,NDX,^NDX,14768.900390625
2023-09-26,NDX,^NDX,14545.830078125
2023-09-27,NDX,^NDX,14580.16015625
2023-09-28,NDX,^NDX,14702.76953125
2023-09-29,NDX,^NDX,14715.240234375
2023-10-02,NDX,^NDX,14837.5703125
2023-10-03,NDX,^NDX,14565.6201171875
2023-10-04,NDX,^NDX,14776.25
2023-10-05,NDX,^NDX,14723.2197265625
2023-10-06,NDX,^NDX,14973.240234375
2023-10-09,NDX,^NDX,15047.150390625
2023-10-10,NDX,^NDX,15131.51953125
2023-10-11,NDX,^NDX,15241.1201171875
2023-10-12,NDX,^NDX,15184.099609375
2023-10-13,NDX,^NDX,14995.1201171875
2023-10-16,NDX,^NDX,15172.73046875
2023-10-17,NDX,^NDX,15122.009765625
2023-10-18,NDX,^NDX,14909.259765625
2023-10-19,NDX,^NDX,14783.1298828125
2023-10-20,NDX,^NDX,14560.8798828125
2023-10-23,NDX,^NDX,14604.849609375
2023-10-24,NDX,^NDX,14745.8603515625
2023-10-25,NDX,^NDX,14381.6396484375
2023-10-26,NDX,^NDX,14109.5703125
2023-10-27,NDX,^NDX,14180.419921875
2023-10-30,NDX,^NDX,14335.509765625
2023-10-31,NDX,^NDX,14409.7802734375
2023-11-01,NDX,^NDX,14664.91015625
2023-11-02,NDX,^NDX,14919.5498046875
2023-11-03,NDX,^NDX,15099.490234375
2023-11-06,NDX,^NDX,15154.9296875
2023-11-07,NDX,^NDX,15296.01953125
2023-11-08,NDX,^NDX,15313.240234375
2023-11-09,NDX,^NDX,15187.900390625
2023-11-10,NDX,^NDX,15529.1201171875
2023-11-13,NDX,^NDX,15482.7900390625
2023-11-14,NDX,^NDX,15812.4697265625
2023-11-15,NDX,^NDX,15817.1796875
2023-11-16,NDX,^NDX,15833.169921875
2023-11-17,NDX,^NDX,15837.990234375
2023-11-20,NDX,^NDX,16027.0595703125
2023-11-21,NDX,^NDX,15933.6201171875
2023-11-22,NDX,^NDX,16001.3896484375
2023-11-24,NDX,^NDX,15982.009765625
2023-11-27,NDX,^NDX,15961.98046875
2023-11-28,NDX,^NDX,16010.4296875
2023-11-29,NDX,^NDX,15987.599609375
2023-11-30,NDX,^NDX,15947.8701171875
2023-12-01,NDX,^NDX,15997.580078125
2023-12-04,NDX,^NDX,15839.669921875
2023-12-05,NDX,^NDX,15877.7099609375
2023-12-06,NDX,^NDX,15788.0498046875
2023-12-07,NDX,^NDX,16022.490234375
2023-12-08,NDX,^NDX,16084.6904296875
2023-12-11,NDX,^NDX,16221.73046875
2023-12-12,NDX,^NDX,16354.25
2023-12-13,NDX,^NDX,16562.369140625
2023-12-14,NDX,^NDX,16537.830078125
2023-12-15,NDX,^NDX,16623.44921875
2023-12-18,NDX,^NDX,16729.80078125
2023-12-19,NDX,^NDX,16811.849609375
2023-12-20,NDX,^NDX,16554.16015625
2023-12-21,NDX,^NDX,16757.41015625
2023-12-22,NDX,^NDX,16777.400390625
2023-12-26,NDX,^NDX,16878.4609375
2023-12-27,NDX,^NDX,16906.80078125
2023-12-28,NDX,^NDX,16898.470703125
2023-12-29,NDX,^NDX,16825.9296875
2024-01-02,NDX,^NDX,16543.939453125
2024-01-03,NDX,^NDX,16368.490234375
2024-01-04,NDX,^NDX,16282.009765625
2024-01-05,NDX,^NDX,16305.98046875
2024-01-08,NDX,^NDX,16649.869140625
2024-01-09,NDX,^NDX,16678.69921875
2024-01-10,NDX,^NDX,16793.05078125
2024-01-11,NDX,^NDX,16820.900390625
2024-01-12,NDX,^NDX,16832.919921875
2024-01-16,NDX,^NDX,16830.7109375
2024-01-17,NDX,^NDX,16736.279296875
2024-01-18,NDX,^NDX,16982.2890625
2024-01-19,NDX,^NDX,17314.0
2024-01-22,NDX,^NDX,17330.380859375
2024-01-23,NDX,^NDX,17404.2109375
2024-01-24,NDX,^NDX,17499.30078125
2024-01-25,NDX,^NDX,17516.990234375
2024-01-26,NDX,^NDX,17421.009765625
2024-01-29,NDX,^NDX,17596.26953125
2024-01-30,NDX,^NDX,17476.7109375
2024-01-31,NDX,^NDX,17137.240234375
2024-02-01,NDX,^NDX,17344.7109375
2024-02-02,NDX,^NDX,17642.73046875
2024-02-05,NDX,^NDX,17613.0390625
2024-02-06,NDX,^NDX,17572.73046875
2024-02-07,NDX,^NDX,17755.0703125
2024-02-08,NDX,^NDX,17783.169921875
2024-02-09,NDX,^NDX,17962.41015625
2024-02-12,NDX,^NDX,17882.66015625
2024-02-13,NDX,^NDX,17600.419921875
2024-02-14,NDX,^NDX,17807.630859375
2024-02-15,NDX,^NDX,17845.720703125
2024-02-16,NDX,^NDX,17685.98046875
2024-02-20,NDX,^NDX,17546.099609375
2024-02-21,NDX,^NDX,17478.91015625
2024-02-22,NDX,^NDX,18004.69921875
2024-02-23,NDX,^NDX,17937.609375
2024-02-26,NDX,^NDX,17933.330078125
2024-02-27,NDX,^NDX,17971.05078125
2024-02-28,NDX,^NDX,17874.5
2024-02-29,NDX,^NDX,18043.849609375
2024-03-01,NDX,^NDX,18302.91015625
2024-03-04,NDX,^NDX,18226.48046875
2024-03-05,NDX,^NDX,17897.869140625
2024-03-06,NDX,^NDX,18017.5703125
2024-03-07,NDX,^NDX,18297.990234375
2024-03-08,NDX,^NDX,18018.44921875
2024-03-11,NDX,^NDX,17951.689453125
2024-03-12,NDX,^NDX,18219.109375
2024-03-13,NDX,^NDX,18068.470703125
2024-03-14,NDX,^NDX,18014.810546875
2024-03-15,NDX,^NDX,17808.25
2024-03-18,NDX,^NDX,17985.009765625
2024-03-19,NDX,^NDX,18032.19921875
2024-03-20,NDX,^NDX,18240.109375
2024-03-21,NDX,^NDX,18320.380859375
2024-03-22,NDX,^NDX,18339.439453125
2024-03-25,NDX,^NDX,18277.060546875
2024-03-26,NDX,^NDX,18210.5390625
2024-03-27,NDX,^NDX,18280.83984375
2024-03-28,NDX,^NDX,18254.689453125
2024-04-01,NDX,^NDX,18293.19921875
2024-04-02,NDX,^NDX,18121.779296875
2024-04-03,NDX,^NDX,18160.189453125
2024-04-04,NDX,^NDX,17878.779296875
2024-04-05,NDX,^NDX,18108.4609375
2024-04-08,NDX,^NDX,18100.189453125
2024-04-09,NDX,^NDX,18169.900390625
2024-04-10,NDX,^NDX,18011.66015625
2024-04-11,NDX,^NDX,18307.98046875
2024-04-12,NDX,^NDX,18003.490234375
2024-04-15,NDX,^NDX,17706.830078125
2024-04-16,NDX,^NDX,17713.66015625
2024-04-17,NDX,^NDX,17493.619140625
2024-04-18,NDX,^NDX,17394.310546875
2024-04-19,NDX,^NDX,17037.650390625
2024-04-22,NDX,^NDX,17210.890625
2024-04-23,NDX,^NDX,17471.470703125
2024-04-24,NDX,^NDX,17526.80078125
2024-04-25,NDX,^NDX,17430.5
2024-04-26,NDX,^NDX,17718.30078125
2024-04-29,NDX,^NDX,17782.720703125
2024-04-30,NDX,^NDX,17440.689453125
2024-05-01,NDX,^NDX,17318.55078125
2024-05-02,NDX,^NDX,17541.5390625
2024-05-03,NDX,^NDX,17890.80078125
2024-05-06,NDX,^NDX,18093.5703125
2024-05-07,NDX,^NDX,18091.44921875
2024-05-08,NDX,^NDX,18085.009765625
2024-05-09,NDX,^NDX,18113.4609375
2024-05-10,NDX,^NDX,18161.1796875
2024-05-13,NDX,^NDX,18198.609375
2024-05-14,NDX,^NDX,18322.76953125
2024-05-15,NDX,^NDX,18596.650390625
2024-05-16,NDX,^NDX,18557.9609375
2024-05-17,NDX,^NDX,18546.23046875
2024-05-20,NDX,^NDX,18674.189453125
2024-05-21,NDX,^NDX,18713.80078125
2024-05-22,NDX,^NDX,18705.19921875
2024-05-23,NDX,^NDX,18623.390625
2024-05-24,NDX,^NDX,18808.349609375
2024-05-28,NDX,^NDX,18869.439453125
2024-05-29,NDX,^NDX,18736.75
2024-05-30,NDX,^NDX,18538.66015625
2024-05-31,NDX,^NDX,18536.650390625
2024-06-03,NDX,^NDX,18600.970703125
2024-06-04,NDX,^NDX,18654.83984375
2024-06-05,NDX,^NDX,19035.05078125
2024-06-06,NDX,^NDX,19021.189453125
2024-06-07,NDX,^NDX,19000.94921875
2024-06-10,NDX,^NDX,19074.669921875
2024-06-11,NDX,^NDX,19210.1796875
2024-06-12,NDX,^NDX,19465.1796875
2024-06-13,NDX,^NDX,19576.919921875
2024-06-14,NDX,^NDX,19659.80078125
2024-06-17,NDX,^NDX,19902.75
2024-06-18,NDX,^NDX,19908.859375
2024-06-20,NDX,^NDX,19752.30078125
2024-06-21,NDX,^NDX,19700.4296875
2024-06-24,NDX,^NDX,19474.619140625
2024-06-25,NDX,^NDX,19701.130859375
2024-06-26,NDX,^NDX,19751.05078125
2024-06-27,NDX,^NDX,19789.029296875
2024-06-28,NDX,^NDX,19682.869140625
2024-07-01,NDX,^NDX,19812.220703125
2024-07-02,NDX,^NDX,20011.890625
2024-07-03,NDX,^NDX,20186.630859375
2024-07-05,NDX,^NDX,20391.970703125
2024-07-08,NDX,^NDX,20439.5390625
2024-07-09,NDX,^NDX,20453.01953125
2024-07-10,NDX,^NDX,20675.380859375
2024-07-11,NDX,^NDX,20211.359375
2024-07-12,NDX,^NDX,20331.490234375
2024-07-15,NDX,^NDX,20386.880859375
2024-07-16,NDX,^NDX,20398.619140625
2024-07-17,NDX,^NDX,19799.140625
2024-07-18,NDX,^NDX,19705.08984375
2024-07-19,NDX,^NDX,19522.619140625
2024-07-22,NDX,^NDX,19822.869140625
2024-07-23,NDX,^NDX,19754.33984375
2024-07-24,NDX,^NDX,19032.390625
2024-07-25,NDX,^NDX,18830.580078125
2024-07-26,NDX,^NDX,19023.66015625
2024-07-29,NDX,^NDX,19059.490234375
2024-07-30,NDX,^NDX,18796.26953125
2024-07-31,NDX,^NDX,19362.4296875
2024-08-01,NDX,^NDX,18890.390625
2024-08-02,NDX,^NDX,18440.849609375
2024-08-05,NDX,^NDX,17895.16015625
2024-08-06,NDX,^NDX,18077.919921875
2024-08-07,NDX,^NDX,17867.369140625
2024-08-08,NDX,^NDX,18413.8203125
2024-08-09,NDX,^NDX,18513.099609375
2024-08-12,NDX,^NDX,18542.029296875
2024-08-13,NDX,^NDX,19006.4296875
2024-08-14,NDX,^NDX,19022.6796875
2024-08-15,NDX,^NDX,19490.150390625
2024-08-16,NDX,^NDX,19508.51953125
2024-08-19,NDX,^NDX,19766.490234375
2024-08-20,NDX,^NDX,19719.8203125
2024-08-21,NDX,^NDX,19824.83984375
2024-08-22,NDX,^NDX,19491.83984375
2024-08-23,NDX,^NDX,19720.869140625
2024-08-26,NDX,^NDX,19516.439453125
2024-08-27,NDX,^NDX,19581.51953125
2024-08-28,NDX,^NDX,19350.779296875
2024-08-29,NDX,^NDX,19325.44921875
2024-08-30,NDX,^NDX,19574.640625
2024-09-03,NDX,^NDX,18958.740234375
2024-09-04,NDX,^NDX,18921.400390625
2024-09-05,NDX,^NDX,18930.330078125
2024-09-06,NDX,^NDX,18421.310546875
2024-09-09,NDX,^NDX,18660.779296875
2024-09-10,NDX,^NDX,18829.140625
2024-09-11,NDX,^NDX,19237.30078125
2024-09-12,NDX,^NDX,19423.0703125
2024-09-13,NDX,^NDX,19514.58984375
2024-09-16,NDX,^NDX,19423.060546875
2024-09-17,NDX,^NDX,19432.400390625
2024-09-18,NDX,^NDX,19344.490234375
2024-09-19,NDX,^NDX,19839.830078125
2024-09-20,NDX,^NDX,19791.490234375
2024-09-23,NDX,^NDX,19852.19921875
2024-09-24,NDX,^NDX,19944.83984375
2024-09-25,NDX,^NDX,19972.609375
2024-09-26,NDX,^NDX,20115.5390625
2024-09-27,NDX,^NDX,20008.619140625
2024-09-30,NDX,^NDX,20060.689453125
2024-10-01,NDX,^NDX,19773.30078125
2024-10-02,NDX,^NDX,19802.58984375
2024-10-03,NDX,^NDX,19793.33984375
2024-10-04,NDX,^NDX,20035.01953125
2024-10-07,NDX,^NDX,19800.740234375
2024-10-08,NDX,^NDX,20107.779296875
2024-10-09,NDX,^NDX,20268.859375
2024-10-10,NDX,^NDX,20241.759765625
2024-10-11,NDX,^NDX,20271.970703125
2024-10-14,NDX,^NDX,20439.05078125
2024-10-15,NDX,^NDX,20159.830078125
2024-10-16,NDX,^NDX,20174.05078125
2024-10-17,NDX,^NDX,20190.419921875
2024-10-18,NDX,^NDX,20324.0390625
2024-10-21,NDX,^NDX,20361.470703125
2024-10-22,NDX,^NDX,20390.4609375
2024-10-23,NDX,^NDX,20066.9609375
2024-10-24,NDX,^NDX,20232.869140625
2024-10-25,NDX,^NDX,20352.01953125
2024-10-28,NDX,^NDX,20351.0703125
2024-10-29,NDX,^NDX,20550.650390625
2024-10-30,NDX,^NDX,20387.69921875
2024-10-31,NDX,^NDX,19890.419921875
2024-11-01,NDX,^NDX,20033.140625
2024-11-04,NDX,^NDX,19963.599609375
2024-11-05,NDX,^NDX,20227.4609375
2024-11-06,NDX,^NDX,20781.330078125
2024-11-07,NDX,^NDX,21101.5703125
2024-11-08,NDX,^NDX,21117.1796875
2024-11-11,NDX,^NDX,21106.58984375
2024-11-12,NDX,^NDX,21070.7890625
2024-11-13,NDX,^NDX,21036.16015625
2024-11-14,NDX,^NDX,20896.669921875
2024-11-15,NDX,^NDX,20394.130859375
2024-11-18,NDX,^NDX,20539.189453125
2024-11-19,NDX,^NDX,20684.58984375
2024-11-20,NDX,^NDX,20667.099609375
2024-11-21,NDX,^NDX,20740.779296875
2024-11-22,NDX,^NDX,20776.23046875
2024-11-25,NDX,^NDX,20804.890625
2024-11-26,NDX,^NDX,20922.900390625
2024-11-27,NDX,^NDX,20744.490234375
2024-11-29,NDX,^NDX,20930.369140625
2024-12-02,NDX,^NDX,21164.599609375
2024-12-03,NDX,^NDX,21229.3203125
2024-12-04,NDX,^NDX,21492.359375
2024-12-05,NDX,^NDX,21425.220703125
2024-12-06,NDX,^NDX,21622.25
2024-12-09,NDX,^NDX,21440.8203125
2024-12-10,NDX,^NDX,21368.1796875
2024-12-11,NDX,^NDX,21763.98046875
2024-12-12,NDX,^NDX,21615.26953125
2024-12-13,NDX,^NDX,21780.25
2024-12-16,NDX,^NDX,22096.66015625
2024-12-17,NDX,^NDX,22001.080078125
2024-12-18,NDX,^NDX,21209.3203125
2024-12-19,NDX,^NDX,21110.509765625
2024-12-20,NDX,^NDX,21289.150390625
2024-12-23,NDX,^NDX,21503.169921875
2024-12-24,NDX,^NDX,21797.650390625
2024-12-26,NDX,^NDX,21768.310546875
2024-12-27,NDX,^NDX,21473.01953125
2024-12-30,NDX,^NDX,21197.08984375
2024-12-31,NDX,^NDX,21012.169921875
2025-01-02,NDX,^NDX,20975.619140625
2025-01-03,NDX,^NDX,21326.16015625
2025-01-06,NDX,^NDX,21559.5
2025-01-07,NDX,^NDX,21173.0390625
2025-01-08,NDX,^NDX,21180.970703125
2025-01-10,NDX,^NDX,20847.580078125
2025-01-13,NDX,^NDX,20784.720703125
2025-01-14,NDX,^NDX,20757.41015625
2025-01-15,NDX,^NDX,21237.849609375
2025-01-16,NDX,^NDX,21091.25
2025-01-17,NDX,^NDX,21441.16015625
2025-01-21,NDX,^NDX,21566.509765625
2025-01-22,NDX,^NDX,21853.0
2025-01-23,NDX,^NDX,21900.9296875
2025-01-24,NDX,^NDX,21774.009765625
2025-01-27,NDX,^NDX,21127.279296875
2025-01-28,NDX,^NDX,21463.0390625
2025-01-29,NDX,^NDX,21411.4609375
2025-01-30,NDX,^NDX,21508.119140625
2025-01-31,NDX,^NDX,21478.05078125
2025-02-03,NDX,^NDX,21297.580078125
2025-02-04,NDX,^NDX,21566.919921875
2025-02-05,NDX,^NDX,21658.16015625
2025-02-06,NDX,^NDX,21774.0703125
2025-02-07,NDX,^NDX,21491.310546875
2025-02-10,NDX,^NDX,21756.73046875
2025-02-11,NDX,^NDX,21693.51953125
2025-02-12,NDX,^NDX,21719.259765625
2025-02-13,NDX,^NDX,22030.7109375
2025-02-14,NDX,^NDX,22114.689453125
2025-02-18,NDX,^NDX,22164.609375
2025-02-19,NDX,^NDX,22175.599609375
2025-02-20,NDX,^NDX,22068.060546875
2025-02-21,NDX,^NDX,21614.080078125
2025-02-24,NDX,^NDX,21352.080078125
2025-02-25,NDX,^NDX,21087.25
2025-02-26,NDX,^NDX,21132.919921875
2025-02-27,NDX,^NDX,20550.94921875
2025-02-28,NDX,^NDX,20884.41015625
2025-03-03,NDX,^NDX,20425.580078125
2025-03-04,NDX,^NDX,20352.529296875
2025-03-05,NDX,^NDX,20628.4609375
2025-03-06,NDX,^NDX,20052.630859375
2025-03-07,NDX,^NDX,20201.369140625
2025-03-10,NDX,^NDX,19430.94921875
2025-03-11,NDX,^NDX,19376.9609375
2025-03-12,NDX,^NDX,19596.01953125
2025-03-13,NDX,^NDX,19225.48046875
2025-03-14,NDX,^NDX,19704.640625
2025-03-17,NDX,^NDX,19812.240234375
2025-03-18,NDX,^NDX,19483.359375
2025-03-19,NDX,^NDX,19736.66015625
2025-03-20,NDX,^NDX,19677.609375
2025-03-21,NDX,^NDX,19753.970703125
2025-03-24,NDX,^NDX,20180.44921875
2025-03-25,NDX,^NDX,20287.830078125
2025-03-26,NDX,^NDX,19916.990234375
2025-03-27,NDX,^NDX,19798.619140625
2025-03-28,NDX,^NDX,19281.400390625
2025-03-31,NDX,^NDX,19278.44921875
2025-04-01,NDX,^NDX,19436.419921875
2025-04-02,NDX,^NDX,19581.779296875
2025-04-03,NDX,^NDX,18521.470703125
2025-04-04,NDX,^NDX,17397.69921875
2025-04-07,NDX,^NDX,17430.6796875
2025-04-08,NDX,^NDX,17090.400390625
2025-04-09,NDX,^NDX,19145.060546875
2025-04-10,NDX,^NDX,18343.5703125
2025-04-11,NDX,^NDX,18690.05078125
2025-04-14,NDX,^NDX,18796.01953125
2025-04-15,NDX,^NDX,18830.23046875
2025-04-16,NDX,^NDX,18257.640625
2025-04-17,NDX,^NDX,18258.08984375
2025-04-21,NDX,^NDX,17808.30078125
2025-04-22,NDX,^NDX,18276.41015625
2025-04-23,NDX,^NDX,18693.259765625
2025-04-24,NDX,^NDX,19214.400390625
2025-04-25,NDX,^NDX,19432.560546875
2025-04-28,NDX,^NDX,19427.2890625
2025-04-29,NDX,^NDX,19544.94921875
2025-04-30,NDX,^NDX,19571.01953125
2025-05-01,NDX,^NDX,19786.7109375
2025-05-02,NDX,^NDX,20102.609375
2025-05-05,NDX,^NDX,19967.939453125
2025-05-06,NDX,^NDX,19791.349609375
2025-05-07,NDX,^NDX,19867.970703125
2025-05-08,NDX,^NDX,20063.560546875
2025-05-09,NDX,^NDX,20061.44921875
2025-05-12,NDX,^NDX,20868.150390625
2025-05-13,NDX,^NDX,21197.69921875
2025-05-14,NDX,^NDX,21319.2109375
2025-05-15,NDX,^NDX,21335.8203125
2025-05-16,NDX,^NDX,21427.939453125
2025-05-19,NDX,^NDX,21447.05078125
2025-05-20,NDX,^NDX,21367.369140625
2025-05-21,NDX,^NDX,21080.359375
2025-05-22,NDX,^NDX,21112.470703125
2025-05-23,NDX,^NDX,20915.66015625
2025-05-27,NDX,^NDX,21414.990234375
2025-05-28,NDX,^NDX,21318.169921875
2025-05-29,NDX,^NDX,21363.94921875
2025-05-30,NDX,^NDX,21340.990234375
2025-06-02,NDX,^NDX,21491.75
2025-06-03,NDX,^NDX,21662.580078125
2025-06-04,NDX,^NDX,21721.919921875
2025-06-05,NDX,^NDX,21547.4296875
2025-06-06,NDX,^NDX,21761.7890625
2025-06-09,NDX,^NDX,21797.869140625
2025-06-10,NDX,^NDX,21941.919921875
2025-06-11,NDX,^NDX,21860.80078125
2025-06-12,NDX,^NDX,21913.3203125
2025-06-13,NDX,^NDX,21631.0390625
2025-06-16,NDX,^NDX,21937.5703125
2025-06-17,NDX,^NDX,21719.080078125
2025-06-18,NDX,^NDX,21719.689453125
2025-06-20,NDX,^NDX,21626.390625
2025-06-23,NDX,^NDX,21856.330078125
2025-06-24,NDX,^NDX,22190.51953125
2025-06-25,NDX,^NDX,22237.740234375
2025-06-26,NDX,^NDX,22447.2890625
2025-06-27,NDX,^NDX,22534.19921875
2025-06-30,NDX,^NDX,22679.009765625
2025-07-01,NDX,^NDX,22478.130859375
2025-07-02,NDX,^NDX,22641.890625
2025-07-03,NDX,^NDX,22866.970703125
2025-07-07,NDX,^NDX,22685.5703125
2025-07-08,NDX,^NDX,22702.25
2025-07-09,NDX,^NDX,22864.91015625
2025-07-10,NDX,^NDX,22829.259765625
2025-07-11,NDX,^NDX,22780.599609375
2025-07-14,NDX,^NDX,22855.630859375
2025-07-15,NDX,^NDX,22884.58984375
2025-07-16,NDX,^NDX,22907.970703125
2025-07-17,NDX,^NDX,23081.05078125
2025-07-18,NDX,^NDX,23065.470703125
2025-07-21,NDX,^NDX,23180.060546875
2025-07-22,NDX,^NDX,23063.580078125
2025-07-23,NDX,^NDX,23162.41015625
2025-07-24,NDX,^NDX,23219.869140625
2025-07-25,NDX,^NDX,23272.25
2025-07-28,NDX,^NDX,23356.26953125
2025-07-29,NDX,^NDX,23308.30078125
2025-07-30,NDX,^NDX,23345.41015625
2025-07-31,NDX,^NDX,23218.119140625
2025-08-01,NDX,^NDX,22763.310546875
2025-08-04,NDX,^NDX,23188.609375
2025-08-05,NDX,^NDX,23018.560546875
2025-08-06,NDX,^NDX,23315.0390625
2025-08-07,NDX,^NDX,23389.529296875
2025-08-08,NDX,^NDX,23611.26953125
2025-08-11,NDX,^NDX,23526.630859375
2025-08-12,NDX,^NDX,23839.19921875
2025-08-13,NDX,^NDX,23849.0390625
2025-08-14,NDX,^NDX,23832.439453125
2025-08-15,NDX,^NDX,23712.0703125
2025-08-18,NDX,^NDX,23713.759765625
2025-08-19,NDX,^NDX,23384.76953125
2025-08-20,NDX,^NDX,23249.5703125
2025-08-21,NDX,^NDX,23142.580078125
2025-08-22,NDX,^NDX,23498.119140625
2025-08-25,NDX,^NDX,23425.609375
2025-08-26,NDX,^NDX,23525.2890625
2025-08-27,NDX,^NDX,23565.849609375
2025-08-28,NDX,^NDX,23703.44921875
2025-08-29,NDX,^NDX,23415.419921875
2025-09-02,NDX,^NDX,23231.109375
2025-09-03,NDX,^NDX,23414.83984375
2025-09-04,NDX,^NDX,23633.009765625
2025-09-05,NDX,^NDX,23652.439453125
2025-09-08,NDX,^NDX,23762.30078125
2025-09-09,NDX,^NDX,23839.80078125
2025-09-10,NDX,^NDX,23849.26953125
2025-09-11,NDX,^NDX,23992.560546875
2025-09-12,NDX,^NDX,24092.189453125
2025-09-15,NDX,^NDX,24293.779296875
2025-09-16,NDX,^NDX,24274.25
2025-09-17,NDX,^NDX,24223.689453125
2025-09-18,NDX,^NDX,24454.890625
2025-09-19,NDX,^NDX,24626.25
2025-09-22,NDX,^NDX,24761.0703125
2025-09-23,NDX,^NDX,24580.169921875
2025-09-24,NDX,^NDX,24503.5703125
2025-09-25,NDX,^NDX,24397.310546875
2025-09-26,NDX,^NDX,24503.849609375
2025-09-29,NDX,^NDX,24611.349609375
2025-09-30,NDX,^NDX,24679.990234375
2025-10-01,NDX,^NDX,24800.859375
2025-10-02,NDX,^NDX,24892.759765625
2025-10-03,NDX,^NDX,24785.51953125
2025-10-06,NDX,^NDX,24978.560546875
2025-10-07,NDX,^NDX,24840.23046875
2025-10-08,NDX,^NDX,25136.619140625
2025-10-09,NDX,^NDX,25098.1796875
2025-10-10,NDX,^NDX,24221.740234375
2025-10-13,NDX,^NDX,24750.25
2025-10-14,NDX,^NDX,24579.3203125
2025-10-15,NDX,^NDX,24745.359375
2025-10-16,NDX,^NDX,24657.240234375
2025-10-17,NDX,^NDX,24817.94921875
2025-10-20,NDX,^NDX,25141.01953125
2025-10-21,NDX,^NDX,25127.130859375
2025-10-22,NDX,^NDX,24879.009765625
2025-10-23,NDX,^NDX,25097.41015625
2025-10-24,NDX,^NDX,25358.16015625
2025-10-27,NDX,^NDX,25821.55078125
2025-10-28,NDX,^NDX,26012.150390625
2025-10-29,NDX,^NDX,26119.849609375
2025-10-30,NDX,^NDX,25734.810546875
2025-10-31,NDX,^NDX,25858.130859375
2025-11-03,NDX,^NDX,25972.939453125
2025-11-04,NDX,^NDX,25435.69921875
2025-11-05,NDX,^NDX,25620.029296875
2025-11-06,NDX,^NDX,25130.0390625
2025-11-07,NDX,^NDX,25059.810546875
2025-11-10,NDX,^NDX,25611.740234375
2025-11-11,NDX,^NDX,25533.490234375
2025-11-12,NDX,^NDX,25517.330078125
2025-11-13,NDX,^NDX,24993.4609375
2025-11-14,NDX,^NDX,25008.240234375
2025-11-17,NDX,^NDX,24799.919921875
2025-11-18,NDX,^NDX,24503.099609375
2025-11-19,NDX,^NDX,24640.51953125
2025-11-20,NDX,^NDX,24054.380859375
2025-11-21,NDX,^NDX,24239.5703125
2025-11-24,NDX,^NDX,24873.849609375
2025-11-25,NDX,^NDX,25018.359375
2025-11-26,NDX,^NDX,25236.939453125
2025-11-28,NDX,^NDX,25434.890625
2025-12-01,NDX,^NDX,25342.849609375
2025-12-02,NDX,^NDX,25555.859375
2025-12-03,NDX,^NDX,25606.5390625
2025-12-04,NDX,^NDX,25581.69921875
2025-12-05,NDX,^NDX,25692.05078125
2025-12-08,NDX,^NDX,25627.94921875
2025-12-09,NDX,^NDX,25668.689453125
2025-12-10,NDX,^NDX,25776.439453125
2025-12-11,NDX,^NDX,25686.689453125
2025-12-12,NDX,^NDX,25196.73046875
2025-12-15,NDX,^NDX,25067.26953125
2025-12-16,NDX,^NDX,25132.939453125
2025-12-17,NDX,^NDX,24647.609375
2025-12-18,NDX,^NDX,25019.369140625
2025-12-19,NDX,^NDX,25346.1796875
2025-12-22,NDX,^NDX,25461.69921875
2025-12-23,NDX,^NDX,25587.830078125
2025-12-24,NDX,^NDX,25656.150390625
2025-12-26,NDX,^NDX,25644.390625
2025-12-29,NDX,^NDX,25525.560546875
2025-12-30,NDX,^NDX,25462.560546875
2025-12-31,NDX,^NDX,25249.849609375
2026-01-02,NDX,^NDX,25206.169921875
2026-01-05,NDX,^NDX,25401.3203125
2026-01-06,NDX,^NDX,25639.7109375
2026-01-07,NDX,^NDX,25653.900390625
2026-01-08,NDX,^NDX,25507.099609375
2026-01-09,NDX,^NDX,25766.259765625
2026-01-12,NDX,^NDX,25787.66015625
2026-01-13,NDX,^NDX,25741.94921875
2026-01-14,NDX,^NDX,25465.939453125
2026-01-15,NDX,^NDX,25547.0703125
2026-01-16,NDX,^NDX,25529.259765625
2026-01-20,NDX,^NDX,24987.5703125
2026-01-21,NDX,^NDX,25326.580078125
2026-01-22,NDX,^NDX,25518.349609375
2026-01-23,NDX,^NDX,25605.470703125
2026-01-26,NDX,^NDX,25713.2109375
2026-01-27,NDX,^NDX,25939.740234375
2026-01-28,NDX,^NDX,26022.7890625
2026-01-29,NDX,^NDX,25884.30078125
2026-01-30,NDX,^NDX,25552.390625
2026-02-02,NDX,^NDX,25738.609375
2026-02-03,NDX,^NDX,25338.619140625
2026-02-04,NDX,^NDX,24891.240234375
2026-02-05,NDX,^NDX,24548.689453125
2026-02-06,NDX,^NDX,25075.76953125
2026-02-09,NDX,^NDX,25268.140625
2026-02-10,NDX,^NDX,25127.640625
2026-02-11,NDX,^NDX,25201.259765625
2026-02-12,NDX,^NDX,24687.609375
2026-02-13,NDX,^NDX,24732.73046875
2026-02-17,NDX,^NDX,24701.599609375
2026-02-18,NDX,^NDX,24898.869140625
2026-02-19,NDX,^NDX,24797.33984375
2026-02-20,NDX,^NDX,25012.619140625
2026-02-23,NDX,^NDX,24708.939453125
2026-02-24,NDX,^NDX,24977.0390625
2026-02-25,NDX,^NDX,25329.0390625
2026-02-26,NDX,^NDX,25034.369140625
2026-02-27,NDX,^NDX,24960.0390625
2026-03-02,NDX,^NDX,24992.599609375
2026-03-03,NDX,^NDX,24720.080078125
2026-03-04,NDX,^NDX,25093.6796875
2026-03-05,NDX,^NDX,25020.41015625
2026-03-06,NDX,^NDX,24643.01953125
2026-03-09,NDX,^NDX,24967.25
2026-03-10,NDX,^NDX,24956.470703125
2026-03-11,NDX,^NDX,24965.009765625
2026-03-12,NDX,^NDX,24533.580078125
2026-03-13,NDX,^NDX,24380.73046875
2026-03-16,NDX,^NDX,24655.33984375
2026-03-17,NDX,^NDX,24780.419921875
2026-03-18,NDX,^NDX,24425.08984375
2026-03-19,NDX,^NDX,24355.279296875
2026-03-20,NDX,^NDX,23898.150390625
2026-03-23,NDX,^NDX,24188.58984375
2026-03-24,NDX,^NDX,24002.44921875
2026-03-25,NDX,^NDX,24162.98046875
2026-03-26,NDX,^NDX,23586.990234375
2026-03-27,NDX,^NDX,23132.76953125
2026-03-30,NDX,^NDX,22953.380859375
2026-03-31,NDX,^NDX,23740.189453125
2010-01-04,SOX,^SOX,365.9029235839844
2010-01-05,SOX,^SOX,366.2427978515625
2010-01-06,SOX,^SOX,366.1628112792969
2010-01-07,SOX,^SOX,362.124755859375
2010-01-08,SOX,^SOX,367.5021667480469
2010-01-11,SOX,^SOX,366.44268798828125
2010-01-12,SOX,^SOX,353.2790832519531
2010-01-13,SOX,^SOX,358.91632080078125
2010-01-14,SOX,^SOX,356.787353515625
2010-01-15,SOX,^SOX,344.5033264160156
2010-01-19,SOX,^SOX,350.6703186035156
2010-01-20,SOX,^SOX,349.63079833984375
2010-01-21,SOX,^SOX,347.7417297363281
2010-01-22,SOX,^SOX,329.33062744140625
2010-01-25,SOX,^SOX,334.01837158203125
2010-01-26,SOX,^SOX,333.3586730957031
2010-01-27,SOX,^SOX,337.28680419921875
2010-01-28,SOX,^SOX,327.09173583984375
2010-01-29,SOX,^SOX,315.9171447753906
2010-02-01,SOX,^SOX,325.5624694824219
2010-02-02,SOX,^SOX,328.5410461425781
2010-02-03,SOX,^SOX,327.59149169921875
2010-02-04,SOX,^SOX,312.37884521484375
2010-02-05,SOX,^SOX,319.8552551269531
2010-02-08,SOX,^SOX,318.7057800292969
2010-02-09,SOX,^SOX,323.25360107421875
2010-02-10,SOX,^SOX,323.24359130859375
2010-02-11,SOX,^SOX,330.8799133300781
2010-02-12,SOX,^SOX,332.67901611328125
2010-02-16,SOX,^SOX,340.79510498046875
2010-02-17,SOX,^SOX,341.37481689453125
2010-02-18,SOX,^SOX,342.3543395996094
2010-02-19,SOX,^SOX,343.3738708496094
2010-02-22,SOX,^SOX,342.3843078613281
2010-02-23,SOX,^SOX,332.7090148925781
2010-02-24,SOX,^SOX,339.10589599609375
2010-02-25,SOX,^SOX,338.2263488769531
2010-02-26,SOX,^SOX,338.69610595703125
2010-03-01,SOX,^SOX,349.3110046386719
2010-03-02,SOX,^SOX,349.2210388183594
2010-03-03,SOX,^SOX,346.2024841308594
2010-03-04,SOX,^SOX,346.38238525390625
2010-03-05,SOX,^SOX,351.3599853515625
2010-03-08,SOX,^SOX,351.0401306152344
2010-03-09,SOX,^SOX,350.3005065917969
2010-03-10,SOX,^SOX,357.8668518066406
2010-03-11,SOX,^SOX,356.9872741699219
2010-03-12,SOX,^SOX,355.1981201171875
2010-03-15,SOX,^SOX,350.2605285644531
2010-03-16,SOX,^SOX,359.6959533691406
2010-03-17,SOX,^SOX,363.8839416503906
2010-03-18,SOX,^SOX,361.4651184082031
2010-03-19,SOX,^SOX,355.49798583984375
2010-03-22,SOX,^SOX,364.0738220214844
2010-03-23,SOX,^SOX,372.28985595703125
2010-03-24,SOX,^SOX,365.19329833984375
2010-03-25,SOX,^SOX,364.6535339355469
2010-03-26,SOX,^SOX,362.7145080566406
2010-03-29,SOX,^SOX,366.19281005859375
2010-03-30,SOX,^SOX,368.7215881347656
2010-03-31,SOX,^SOX,366.3927307128906
2010-04-01,SOX,^SOX,366.7525329589844
2010-04-05,SOX,^SOX,377.67724609375
2010-04-06,SOX,^SOX,375.33837890625
2010-04-07,SOX,^SOX,376.7077331542969
2010-04-08,SOX,^SOX,371.29034423828125
2010-04-09,SOX,^SOX,375.5782775878906
2010-04-12,SOX,^SOX,378.7867126464844
2010-04-13,SOX,^SOX,381.14556884765625
2010-04-14,SOX,^SOX,397.53765869140625
2010-04-15,SOX,^SOX,398.6670837402344
2010-04-16,SOX,^SOX,393.5595703125
2010-04-19,SOX,^SOX,389.4715576171875
2010-04-20,SOX,^SOX,395.51861572265625
2010-04-21,SOX,^SOX,391.230712890625
2010-04-22,SOX,^SOX,398.7470703125
2010-04-23,SOX,^SOX,400.2263488769531
2010-04-26,SOX,^SOX,400.61614990234375
2010-04-27,SOX,^SOX,386.5929260253906
2010-04-28,SOX,^SOX,388.4420471191406
2010-04-29,SOX,^SOX,393.7794494628906
2010-04-30,SOX,^SOX,375.88812255859375
2010-05-03,SOX,^SOX,385.7833251953125
2010-05-04,SOX,^SOX,368.3017883300781
2010-05-05,SOX,^SOX,364.36370849609375
2010-05-06,SOX,^SOX,352.3695068359375
2010-05-07,SOX,^SOX,346.5823059082031
2010-05-10,SOX,^SOX,367.3022766113281
2010-05-11,SOX,^SOX,364.5536193847656
2010-05-12,SOX,^SOX,374.8985900878906
2010-05-13,SOX,^SOX,364.7834777832031
2010-05-14,SOX,^SOX,353.6888427734375
2010-05-17,SOX,^SOX,359.2162170410156
2010-05-18,SOX,^SOX,348.6813049316406
2010-05-19,SOX,^SOX,350.6703186035156
2010-05-20,SOX,^SOX,340.4352722167969
2010-05-21,SOX,^SOX,348.9411315917969
2010-05-24,SOX,^SOX,342.3743591308594
2010-05-25,SOX,^SOX,344.3433837890625
2010-05-26,SOX,^SOX,343.6137390136719
2010-05-27,SOX,^SOX,361.3751220703125
2010-05-28,SOX,^SOX,355.4880065917969
2010-06-01,SOX,^SOX,347.4418640136719
2010-06-02,SOX,^SOX,360.02581787109375
2010-06-03,SOX,^SOX,364.27374267578125
2010-06-04,SOX,^SOX,348.31146240234375
2010-06-07,SOX,^SOX,335.6775817871094
2010-06-08,SOX,^SOX,334.4181823730469
2010-06-09,SOX,^SOX,331.8994140625
2010-06-10,SOX,^SOX,344.5232849121094
2010-06-11,SOX,^SOX,349.3609619140625
2010-06-14,SOX,^SOX,351.7997741699219
2010-06-15,SOX,^SOX,371.29034423828125
2010-06-16,SOX,^SOX,372.9095458984375
2010-06-17,SOX,^SOX,372.20989990234375
2010-06-18,SOX,^SOX,371.03045654296875
2010-06-21,SOX,^SOX,367.86199951171875
2010-06-22,SOX,^SOX,361.2152404785156
2010-06-23,SOX,^SOX,362.7044982910156
2010-06-24,SOX,^SOX,352.0496520996094
2010-06-25,SOX,^SOX,351.9197082519531
2010-06-28,SOX,^SOX,353.938720703125
2010-06-29,SOX,^SOX,337.5067138671875
2010-06-30,SOX,^SOX,332.1392822265625
2010-07-01,SOX,^SOX,332.9488830566406
2010-07-02,SOX,^SOX,331.43963623046875
2010-07-06,SOX,^SOX,330.9898376464844
2010-07-07,SOX,^SOX,347.7017517089844
2010-07-08,SOX,^SOX,347.4518737792969
2010-07-09,SOX,^SOX,351.1900634765625
2010-07-12,SOX,^SOX,355.15814208984375
2010-07-13,SOX,^SOX,362.6545104980469
2010-07-14,SOX,^SOX,361.6849670410156
2010-07-15,SOX,^SOX,360.9153747558594
2010-07-16,SOX,^SOX,348.99114990234375
2010-07-19,SOX,^SOX,357.7668762207031
2010-07-20,SOX,^SOX,357.956787109375
2010-07-21,SOX,^SOX,350.9601745605469
2010-07-22,SOX,^SOX,362.484619140625
2010-07-23,SOX,^SOX,364.35369873046875
2010-07-26,SOX,^SOX,369.3212890625
2010-07-27,SOX,^SOX,365.9029235839844
2010-07-28,SOX,^SOX,359.296142578125
2010-07-29,SOX,^SOX,352.3494873046875
2010-07-30,SOX,^SOX,348.64129638671875
2010-08-02,SOX,^SOX,354.7683410644531
2010-08-03,SOX,^SOX,351.08013916015625
2010-08-04,SOX,^SOX,354.5384521484375
2010-08-05,SOX,^SOX,352.2695617675781
2010-08-06,SOX,^SOX,351.57989501953125
2010-08-09,SOX,^SOX,353.8787536621094
2010-08-10,SOX,^SOX,344.5732727050781
2010-08-11,SOX,^SOX,329.9003601074219
2010-08-12,SOX,^SOX,325.59246826171875
2010-08-13,SOX,^SOX,322.5838928222656
2010-08-16,SOX,^SOX,324.1031799316406
2010-08-17,SOX,^SOX,328.4410705566406
2010-08-18,SOX,^SOX,331.93939208984375
2010-08-19,SOX,^SOX,326.26214599609375
2010-08-20,SOX,^SOX,327.721435546875
2010-08-23,SOX,^SOX,323.6234130859375
2010-08-24,SOX,^SOX,318.2560119628906
2010-08-25,SOX,^SOX,321.3445129394531
2010-08-26,SOX,^SOX,315.0775451660156
2010-08-27,SOX,^SOX,321.6044006347656
2010-08-30,SOX,^SOX,313.4283142089844
2010-08-31,SOX,^SOX,307.3412780761719
2010-09-01,SOX,^SOX,316.5968017578125
2010-09-02,SOX,^SOX,323.16363525390625
2010-09-03,SOX,^SOX,328.551025390625
2010-09-07,SOX,^SOX,322.15411376953125
2010-09-08,SOX,^SOX,320.7447814941406
2010-09-09,SOX,^SOX,320.9247131347656
2010-09-10,SOX,^SOX,316.4169006347656
2010-09-13,SOX,^SOX,327.01177978515625
2010-09-14,SOX,^SOX,332.5990905761719
2010-09-15,SOX,^SOX,331.4796142578125
2010-09-16,SOX,^SOX,334.0783386230469
2010-09-17,SOX,^SOX,334.18829345703125
2010-09-20,SOX,^SOX,335.9574279785156
2010-09-21,SOX,^SOX,335.1278381347656
2010-09-22,SOX,^SOX,330.2901916503906
2010-09-23,SOX,^SOX,332.66900634765625
2010-09-24,SOX,^SOX,345.97259521484375
2010-09-27,SOX,^SOX,343.63372802734375
2010-09-28,SOX,^SOX,349.2909851074219
2010-09-29,SOX,^SOX,351.619873046875
2010-09-30,SOX,^SOX,349.0710754394531
2010-10-01,SOX,^SOX,347.89166259765625
2010-10-04,SOX,^SOX,342.95404052734375
2010-10-05,SOX,^SOX,350.74029541015625
2010-10-06,SOX,^SOX,345.1729736328125
2010-10-07,SOX,^SOX,346.6622619628906
2010-10-08,SOX,^SOX,349.98065185546875
2010-10-11,SOX,^SOX,352.49945068359375
2010-10-12,SOX,^SOX,355.1481628417969
2010-10-13,SOX,^SOX,355.4880065917969
2010-10-14,SOX,^SOX,354.65838623046875
2010-10-15,SOX,^SOX,356.947265625
2010-10-18,SOX,^SOX,354.3985290527344
2010-10-19,SOX,^SOX,349.4508972167969
2010-10-20,SOX,^SOX,351.60986328125
2010-10-21,SOX,^SOX,349.6907958984375
2010-10-22,SOX,^SOX,356.7673645019531
2010-10-25,SOX,^SOX,360.6054992675781
2010-10-26,SOX,^SOX,359.1861877441406
2010-10-27,SOX,^SOX,370.2708435058594
2010-10-28,SOX,^SOX,370.160888671875
2010-10-29,SOX,^SOX,372.4598083496094
2010-11-01,SOX,^SOX,371.2703552246094
2010-11-02,SOX,^SOX,374.009033203125
2010-11-03,SOX,^SOX,377.6272888183594
2010-11-04,SOX,^SOX,389.5614929199219
2010-11-05,SOX,^SOX,391.83038330078125
2010-11-08,SOX,^SOX,391.69049072265625
2010-11-09,SOX,^SOX,387.1326904296875
2010-11-10,SOX,^SOX,387.1526794433594
2010-11-11,SOX,^SOX,382.30499267578125
2010-11-12,SOX,^SOX,382.4249572753906
2010-11-15,SOX,^SOX,379.3864440917969
2010-11-16,SOX,^SOX,373.88909912109375
2010-11-17,SOX,^SOX,373.669189453125
2010-11-18,SOX,^SOX,380.7757568359375
2010-11-19,SOX,^SOX,386.9028015136719
2010-11-22,SOX,^SOX,391.1407165527344
2010-11-23,SOX,^SOX,388.08221435546875
2010-11-24,SOX,^SOX,398.51715087890625
2010-11-26,SOX,^SOX,395.8384704589844
2010-11-29,SOX,^SOX,394.9588928222656
2010-11-30,SOX,^SOX,389.93133544921875
2010-12-01,SOX,^SOX,402.87506103515625
2010-12-02,SOX,^SOX,410.3614501953125
2010-12-03,SOX,^SOX,412.23052978515625
2010-12-06,SOX,^SOX,411.5708312988281
2010-12-07,SOX,^SOX,411.3110046386719
2010-12-08,SOX,^SOX,415.22906494140625
2010-12-09,SOX,^SOX,416.1986083984375
2010-12-10,SOX,^SOX,416.48846435546875
2010-12-13,SOX,^SOX,413.00018310546875
2010-12-14,SOX,^SOX,410.4714050292969
2010-12-15,SOX,^SOX,405.8336181640625
2010-12-16,SOX,^SOX,408.5123291015625
2010-12-17,SOX,^SOX,411.24102783203125
2010-12-20,SOX,^SOX,410.0415954589844
2010-12-21,SOX,^SOX,412.7602844238281
2010-12-22,SOX,^SOX,412.89019775390625
2010-12-23,SOX,^SOX,411.5808410644531
2010-12-27,SOX,^SOX,412.0705871582031
2010-12-28,SOX,^SOX,410.4613952636719
2010-12-29,SOX,^SOX,411.0011291503906
2010-12-30,SOX,^SOX,412.1005859375
2010-12-31,SOX,^SOX,411.620849609375
2011-01-03,SOX,^SOX,414.8492431640625
2011-01-04,SOX,^SOX,415.3789978027344
2011-01-05,SOX,^SOX,416.8882751464844
2011-01-06,SOX,^SOX,424.5645446777344
2011-01-07,SOX,^SOX,425.5541076660156
2011-01-10,SOX,^SOX,429.96197509765625
2011-01-11,SOX,^SOX,431.311279296875
2011-01-12,SOX,^SOX,439.7972106933594
2011-01-13,SOX,^SOX,439.6072998046875
2011-01-14,SOX,^SOX,451.37158203125
2011-01-18,SOX,^SOX,449.71240234375
2011-01-19,SOX,^SOX,439.1175231933594
2011-01-20,SOX,^SOX,434.5597229003906
2011-01-21,SOX,^SOX,431.44122314453125
2011-01-24,SOX,^SOX,442.2060546875
2011-01-25,SOX,^SOX,438.9076232910156
2011-01-26,SOX,^SOX,442.72576904296875
2011-01-27,SOX,^SOX,451.0617370605469
2011-01-28,SOX,^SOX,438.3978576660156
2011-01-31,SOX,^SOX,440.2969665527344
2011-02-01,SOX,^SOX,451.6114807128906
2011-02-02,SOX,^SOX,453.69049072265625
2011-02-03,SOX,^SOX,453.44061279296875
2011-02-04,SOX,^SOX,462.8860168457031
2011-02-07,SOX,^SOX,461.02691650390625
2011-02-08,SOX,^SOX,460.6770935058594
2011-02-09,SOX,^SOX,457.3786926269531
2011-02-10,SOX,^SOX,459.02789306640625
2011-02-11,SOX,^SOX,462.5961608886719
2011-02-14,SOX,^SOX,466.1744384765625
2011-02-15,SOX,^SOX,461.1568603515625
2011-02-16,SOX,^SOX,466.3343505859375
2011-02-17,SOX,^SOX,472.99114990234375
2011-02-18,SOX,^SOX,471.2319641113281
2011-02-22,SOX,^SOX,452.59100341796875
2011-02-23,SOX,^SOX,444.05511474609375
2011-02-24,SOX,^SOX,451.6814270019531
2011-02-25,SOX,^SOX,463.46575927734375
2011-02-28,SOX,^SOX,458.398193359375
2011-03-01,SOX,^SOX,449.5624694824219
2011-03-02,SOX,^SOX,455.8694152832031
2011-03-03,SOX,^SOX,464.5451965332031
2011-03-04,SOX,^SOX,459.5976257324219
2011-03-07,SOX,^SOX,447.1336669921875
2011-03-08,SOX,^SOX,447.7233581542969
2011-03-09,SOX,^SOX,434.13995361328125
2011-03-10,SOX,^SOX,423.52508544921875
2011-03-11,SOX,^SOX,427.70306396484375
2011-03-14,SOX,^SOX,426.9634094238281
2011-03-15,SOX,^SOX,421.5860290527344
2011-03-16,SOX,^SOX,412.24053955078125
2011-03-17,SOX,^SOX,417.7678527832031
2011-03-18,SOX,^SOX,418.9972839355469
2011-03-21,SOX,^SOX,426.5835876464844
2011-03-22,SOX,^SOX,422.7054748535156
2011-03-23,SOX,^SOX,426.7335205078125
2011-03-24,SOX,^SOX,437.1984558105469
2011-03-25,SOX,^SOX,436.0589904785156
2011-03-28,SOX,^SOX,436.5387878417969
2011-03-29,SOX,^SOX,440.82672119140625
2011-03-30,SOX,^SOX,441.1665344238281
2011-03-31,SOX,^SOX,437.1484680175781
2011-04-01,SOX,^SOX,432.6406555175781
2011-04-04,SOX,^SOX,428.8424987792969
2011-04-05,SOX,^SOX,438.5677795410156
2011-04-06,SOX,^SOX,445.2845458984375
2011-04-07,SOX,^SOX,443.03564453125
2011-04-08,SOX,^SOX,439.3674011230469
2011-04-11,SOX,^SOX,435.669189453125
2011-04-12,SOX,^SOX,426.5736083984375
2011-04-13,SOX,^SOX,427.6830749511719
2011-04-14,SOX,^SOX,428.20281982421875
2011-04-15,SOX,^SOX,431.0214538574219
2011-04-18,SOX,^SOX,423.2351989746094
2011-04-19,SOX,^SOX,425.0543518066406
2011-04-20,SOX,^SOX,443.20556640625
2011-04-21,SOX,^SOX,442.98565673828125
2011-04-25,SOX,^SOX,443.195556640625
2011-04-26,SOX,^SOX,450.26214599609375
2011-04-27,SOX,^SOX,450.42205810546875
2011-04-28,SOX,^SOX,447.3235778808594
2011-04-29,SOX,^SOX,449.34259033203125
2011-05-02,SOX,^SOX,444.8447570800781
2011-05-03,SOX,^SOX,439.21746826171875
2011-05-04,SOX,^SOX,439.48736572265625
2011-05-05,SOX,^SOX,440.13702392578125
2011-05-06,SOX,^SOX,443.4454345703125
2011-05-09,SOX,^SOX,442.14605712890625
2011-05-10,SOX,^SOX,444.3749694824219
2011-05-11,SOX,^SOX,440.6767883300781
2011-05-12,SOX,^SOX,446.91375732421875
2011-05-13,SOX,^SOX,440.73675537109375
2011-05-16,SOX,^SOX,434.4797668457031
2011-05-17,SOX,^SOX,429.2723083496094
2011-05-18,SOX,^SOX,437.37835693359375
2011-05-19,SOX,^SOX,433.66015625
2011-05-20,SOX,^SOX,432.3507995605469
2011-05-23,SOX,^SOX,423.13525390625
2011-05-24,SOX,^SOX,420.00677490234375
2011-05-25,SOX,^SOX,424.00482177734375
2011-05-26,SOX,^SOX,428.0328674316406
2011-05-27,SOX,^SOX,432.88055419921875
2011-05-31,SOX,^SOX,439.38739013671875
2011-06-01,SOX,^SOX,426.0738220214844
2011-06-02,SOX,^SOX,426.2137756347656
2011-06-03,SOX,^SOX,418.31756591796875
2011-06-06,SOX,^SOX,415.1391296386719
2011-06-07,SOX,^SOX,417.4380187988281
2011-06-08,SOX,^SOX,408.7422180175781
2011-06-09,SOX,^SOX,409.421875
2011-06-10,SOX,^SOX,402.6051940917969
2011-06-13,SOX,^SOX,398.8869934082031
2011-06-14,SOX,^SOX,406.55328369140625
2011-06-15,SOX,^SOX,398.247314453125
2011-06-16,SOX,^SOX,393.67950439453125
2011-06-17,SOX,^SOX,388.0222473144531
2011-06-20,SOX,^SOX,388.5420227050781
2011-06-21,SOX,^SOX,398.4172058105469
2011-06-22,SOX,^SOX,396.53814697265625
2011-06-23,SOX,^SOX,402.36529541015625
2011-06-24,SOX,^SOX,392.3101806640625
2011-06-27,SOX,^SOX,395.0788269042969
2011-06-28,SOX,^SOX,400.3262939453125
2011-06-29,SOX,^SOX,399.9764709472656
2011-06-30,SOX,^SOX,410.15155029296875
2011-07-01,SOX,^SOX,418.90728759765625
2011-07-05,SOX,^SOX,414.73931884765625
2011-07-06,SOX,^SOX,411.5908508300781
2011-07-07,SOX,^SOX,420.1966857910156
2011-07-08,SOX,^SOX,413.599853515625
2011-07-11,SOX,^SOX,406.5332946777344
2011-07-12,SOX,^SOX,394.76898193359375
2011-07-13,SOX,^SOX,393.67950439453125
2011-07-14,SOX,^SOX,387.5724792480469
2011-07-15,SOX,^SOX,389.88134765625
2011-07-18,SOX,^SOX,384.4440002441406
2011-07-19,SOX,^SOX,397.2178039550781
2011-07-20,SOX,^SOX,394.91888427734375
2011-07-21,SOX,^SOX,398.6871032714844
2011-07-22,SOX,^SOX,408.3623962402344
2011-07-25,SOX,^SOX,402.8850402832031
2011-07-26,SOX,^SOX,406.2734069824219
2011-07-27,SOX,^SOX,390.94085693359375
2011-07-28,SOX,^SOX,390.34112548828125
2011-07-29,SOX,^SOX,386.75286865234375
2011-08-01,SOX,^SOX,386.74285888671875
2011-08-02,SOX,^SOX,374.9885559082031
2011-08-03,SOX,^SOX,379.20654296875
2011-08-04,SOX,^SOX,357.1471862792969
2011-08-05,SOX,^SOX,350.0506286621094
2011-08-08,SOX,^SOX,331.16973876953125
2011-08-09,SOX,^SOX,346.5223388671875
2011-08-10,SOX,^SOX,339.37579345703125
2011-08-11,SOX,^SOX,356.947265625
2011-08-12,SOX,^SOX,355.447998046875
2011-08-15,SOX,^SOX,362.474609375
2011-08-16,SOX,^SOX,355.2381286621094
2011-08-17,SOX,^SOX,352.9292297363281
2011-08-18,SOX,^SOX,332.0693359375
2011-08-19,SOX,^SOX,326.1622009277344
2011-08-22,SOX,^SOX,328.7809143066406
2011-08-23,SOX,^SOX,345.922607421875
2011-08-24,SOX,^SOX,345.5228271484375
2011-08-25,SOX,^SOX,336.1673278808594
2011-08-26,SOX,^SOX,345.6127624511719
2011-08-29,SOX,^SOX,358.26666259765625
2011-08-30,SOX,^SOX,358.0567626953125
2011-08-31,SOX,^SOX,355.6179504394531
2011-09-01,SOX,^SOX,349.6808166503906
2011-09-02,SOX,^SOX,341.29486083984375
2011-09-06,SOX,^SOX,338.9259948730469
2011-09-07,SOX,^SOX,354.08868408203125
2011-09-08,SOX,^SOX,351.97967529296875
2011-09-09,SOX,^SOX,348.23150634765625
2011-09-12,SOX,^SOX,358.786376953125
2011-09-13,SOX,^SOX,365.992919921875
2011-09-14,SOX,^SOX,375.5483093261719
2011-09-15,SOX,^SOX,380.90570068359375
2011-09-16,SOX,^SOX,381.7253112792969
2011-09-19,SOX,^SOX,377.30743408203125
2011-09-20,SOX,^SOX,372.5797424316406
2011-09-21,SOX,^SOX,365.19329833984375
2011-09-22,SOX,^SOX,352.609375
2011-09-23,SOX,^SOX,359.77593994140625
2011-09-26,SOX,^SOX,359.3261413574219
2011-09-27,SOX,^SOX,365.8330078125
2011-09-28,SOX,^SOX,355.1881103515625
2011-09-29,SOX,^SOX,350.65032958984375
2011-09-30,SOX,^SOX,338.6561279296875
2011-10-03,SOX,^SOX,326.212158203125
2011-10-04,SOX,^SOX,340.0654602050781
2011-10-05,SOX,^SOX,350.6103515625
2011-10-06,SOX,^SOX,354.99822998046875
2011-10-07,SOX,^SOX,356.5574951171875
2011-10-10,SOX,^SOX,366.61260986328125
2011-10-11,SOX,^SOX,365.5231628417969
2011-10-12,SOX,^SOX,369.0014343261719
2011-10-13,SOX,^SOX,376.4178771972656
2011-10-14,SOX,^SOX,380.67578125
2011-10-17,SOX,^SOX,370.1308898925781
2011-10-18,SOX,^SOX,378.47686767578125
2011-10-19,SOX,^SOX,369.9809875488281
2011-10-20,SOX,^SOX,363.7040100097656
2011-10-21,SOX,^SOX,371.9200439453125
2011-10-24,SOX,^SOX,384.4639587402344
2011-10-25,SOX,^SOX,377.2774353027344
2011-10-26,SOX,^SOX,379.2964782714844
2011-10-27,SOX,^SOX,395.548583984375
2011-10-28,SOX,^SOX,396.1383056640625
2011-10-31,SOX,^SOX,386.3030700683594
2011-11-01,SOX,^SOX,373.86907958984375
2011-11-02,SOX,^SOX,375.6982116699219
2011-11-03,SOX,^SOX,386.9627685546875
2011-11-04,SOX,^SOX,391.2906799316406
2011-11-07,SOX,^SOX,390.68096923828125
2011-11-08,SOX,^SOX,393.0298156738281
2011-11-09,SOX,^SOX,374.8586120605469
2011-11-10,SOX,^SOX,377.96710205078125
2011-11-11,SOX,^SOX,391.4106140136719
2011-11-14,SOX,^SOX,386.373046875
2011-11-15,SOX,^SOX,392.0403137207031
2011-11-16,SOX,^SOX,389.7314453125
2011-11-17,SOX,^SOX,374.1689453125
2011-11-18,SOX,^SOX,371.0704650878906
2011-11-21,SOX,^SOX,364.02386474609375
2011-11-22,SOX,^SOX,359.4860534667969
2011-11-23,SOX,^SOX,348.0016174316406
2011-11-25,SOX,^SOX,343.97357177734375
2011-11-28,SOX,^SOX,354.99822998046875
2011-11-29,SOX,^SOX,352.449462890625
2011-11-30,SOX,^SOX,373.13946533203125
2011-12-01,SOX,^SOX,375.12847900390625
2011-12-02,SOX,^SOX,374.38885498046875
2011-12-05,SOX,^SOX,377.9371337890625
2011-12-06,SOX,^SOX,377.22747802734375
2011-12-07,SOX,^SOX,381.66534423828125
2011-12-08,SOX,^SOX,370.95050048828125
2011-12-09,SOX,^SOX,375.48834228515625
2011-12-12,SOX,^SOX,364.973388671875
2011-12-13,SOX,^SOX,356.3575744628906
2011-12-14,SOX,^SOX,350.5603942871094
2011-12-15,SOX,^SOX,349.8707275390625
2011-12-16,SOX,^SOX,352.6893310546875
2011-12-19,SOX,^SOX,343.1939392089844
2011-12-20,SOX,^SOX,358.5565185546875
2011-12-21,SOX,^SOX,354.2785949707031
2011-12-22,SOX,^SOX,366.6325988769531
2011-12-23,SOX,^SOX,368.4217529296875
2011-12-27,SOX,^SOX,367.83203125
2011-12-28,SOX,^SOX,362.4146423339844
2011-12-29,SOX,^SOX,365.7530212402344
2011-12-30,SOX,^SOX,364.26373291015625
2012-01-03,SOX,^SOX,368.4217529296875
2012-01-04,SOX,^SOX,368.4817199707031
2012-01-05,SOX,^SOX,373.9890441894531
2012-01-06,SOX,^SOX,375.0385437011719
2012-01-09,SOX,^SOX,382.40496826171875
2012-01-10,SOX,^SOX,386.0931701660156
2012-01-11,SOX,^SOX,387.7024230957031
2012-01-12,SOX,^SOX,391.560546875
2012-01-13,SOX,^SOX,383.2845458984375
2012-01-17,SOX,^SOX,385.03369140625
2012-01-18,SOX,^SOX,404.4043273925781
2012-01-19,SOX,^SOX,411.9106750488281
2012-01-20,SOX,^SOX,414.1396179199219
2012-01-23,SOX,^SOX,412.89019775390625
2012-01-24,SOX,^SOX,414.33953857421875
2012-01-25,SOX,^SOX,416.24859619140625
2012-01-26,SOX,^SOX,411.74078369140625
2012-01-27,SOX,^SOX,413.1401062011719
2012-01-30,SOX,^SOX,408.54229736328125
2012-01-31,SOX,^SOX,408.7422180175781
2012-02-01,SOX,^SOX,418.5374755859375
2012-02-02,SOX,^SOX,420.3565979003906
2012-02-03,SOX,^SOX,427.7829895019531
2012-02-06,SOX,^SOX,421.66595458984375
2012-02-07,SOX,^SOX,422.09576416015625
2012-02-08,SOX,^SOX,427.3832092285156
2012-02-09,SOX,^SOX,428.7725524902344
2012-02-10,SOX,^SOX,419.9468078613281
2012-02-13,SOX,^SOX,421.52606201171875
2012-02-14,SOX,^SOX,423.25518798828125
2012-02-15,SOX,^SOX,425.27423095703125
2012-02-16,SOX,^SOX,435.669189453125
2012-02-17,SOX,^SOX,431.8310546875
2012-02-21,SOX,^SOX,425.7939758300781
2012-02-22,SOX,^SOX,423.85491943359375
2012-02-23,SOX,^SOX,424.4646301269531
2012-02-24,SOX,^SOX,423.5850524902344
2012-02-27,SOX,^SOX,424.0448303222656
2012-02-28,SOX,^SOX,430.78155517578125
2012-02-29,SOX,^SOX,423.9648742675781
2012-03-01,SOX,^SOX,424.5745544433594
2012-03-02,SOX,^SOX,420.1466979980469
2012-03-05,SOX,^SOX,409.4518737792969
2012-03-06,SOX,^SOX,405.7536926269531
2012-03-07,SOX,^SOX,412.0406188964844
2012-03-08,SOX,^SOX,418.1476745605469
2012-03-09,SOX,^SOX,422.6455078125
2012-03-12,SOX,^SOX,418.3675842285156
2012-03-13,SOX,^SOX,427.992919921875
2012-03-14,SOX,^SOX,426.44366455078125
2012-03-15,SOX,^SOX,434.77960205078125
2012-03-16,SOX,^SOX,435.1994323730469
2012-03-19,SOX,^SOX,438.47784423828125
2012-03-20,SOX,^SOX,435.3293762207031
2012-03-21,SOX,^SOX,436.97857666015625
2012-03-22,SOX,^SOX,434.3298645019531
2012-03-23,SOX,^SOX,435.4692687988281
2012-03-26,SOX,^SOX,441.6662902832031
2012-03-27,SOX,^SOX,441.3864440917969
2012-03-28,SOX,^SOX,435.88909912109375
2012-03-29,SOX,^SOX,436.63873291015625
2012-03-30,SOX,^SOX,438.4278869628906
2012-04-02,SOX,^SOX,438.22796630859375
2012-04-03,SOX,^SOX,431.29132080078125
2012-04-04,SOX,^SOX,421.6959533691406
2012-04-05,SOX,^SOX,422.9953308105469
2012-04-09,SOX,^SOX,416.8782653808594
2012-04-10,SOX,^SOX,409.4518737792969
2012-04-11,SOX,^SOX,416.2186279296875
2012-04-12,SOX,^SOX,423.9548645019531
2012-04-13,SOX,^SOX,416.2286071777344
2012-04-16,SOX,^SOX,416.49847412109375
2012-04-17,SOX,^SOX,422.9953308105469
2012-04-18,SOX,^SOX,419.30712890625
2012-04-19,SOX,^SOX,414.82928466796875
2012-04-20,SOX,^SOX,404.97406005859375
2012-04-23,SOX,^SOX,399.95648193359375
2012-04-24,SOX,^SOX,396.907958984375
2012-04-25,SOX,^SOX,406.2034606933594
2012-04-26,SOX,^SOX,414.99920654296875
2012-04-27,SOX,^SOX,415.7088623046875
2012-04-30,SOX,^SOX,413.1900939941406
2012-05-01,SOX,^SOX,414.6693420410156
2012-05-02,SOX,^SOX,416.6084289550781
2012-05-03,SOX,^SOX,406.29339599609375
2012-05-04,SOX,^SOX,397.74755859375
2012-05-07,SOX,^SOX,396.7280578613281
2012-05-08,SOX,^SOX,394.16925048828125
2012-05-09,SOX,^SOX,392.9598388671875
2012-05-10,SOX,^SOX,391.550537109375
2012-05-11,SOX,^SOX,394.4091796875
2012-05-14,SOX,^SOX,390.1212463378906
2012-05-15,SOX,^SOX,386.1031799316406
2012-05-16,SOX,^SOX,379.6363220214844
2012-05-17,SOX,^SOX,371.2703552246094
2012-05-18,SOX,^SOX,364.3037414550781
2012-05-21,SOX,^SOX,373.669189453125
2012-05-22,SOX,^SOX,370.80059814453125
2012-05-23,SOX,^SOX,372.14990234375
2012-05-24,SOX,^SOX,366.8924865722656
2012-05-25,SOX,^SOX,371.9300231933594
2012-05-29,SOX,^SOX,379.47637939453125
2012-05-30,SOX,^SOX,372.02001953125
2012-05-31,SOX,^SOX,368.19183349609375
2012-06-01,SOX,^SOX,352.99920654296875
2012-06-04,SOX,^SOX,352.5194396972656
2012-06-05,SOX,^SOX,360.3256530761719
2012-06-06,SOX,^SOX,372.38983154296875
2012-06-07,SOX,^SOX,367.2922668457031
2012-06-08,SOX,^SOX,372.54974365234375
2012-06-11,SOX,^SOX,365.5131530761719
2012-06-12,SOX,^SOX,373.5592346191406
2012-06-13,SOX,^SOX,369.6111755371094
2012-06-14,SOX,^SOX,368.9714660644531
2012-06-15,SOX,^SOX,374.96856689453125
2012-06-18,SOX,^SOX,380.3659362792969
2012-06-19,SOX,^SOX,384.75384521484375
2012-06-20,SOX,^SOX,388.4020690917969
2012-06-21,SOX,^SOX,372.52972412109375
2012-06-22,SOX,^SOX,378.46685791015625
2012-06-25,SOX,^SOX,365.3731994628906
2012-06-26,SOX,^SOX,366.69256591796875
2012-06-27,SOX,^SOX,371.53021240234375
2012-06-28,SOX,^SOX,369.20135498046875
2012-06-29,SOX,^SOX,385.2735595703125
2012-07-02,SOX,^SOX,384.6039123535156
2012-07-03,SOX,^SOX,390.1112365722656
2012-07-05,SOX,^SOX,385.49346923828125
2012-07-06,SOX,^SOX,375.858154296875
2012-07-09,SOX,^SOX,371.29034423828125
2012-07-10,SOX,^SOX,362.8344421386719
2012-07-11,SOX,^SOX,359.4960632324219
2012-07-12,SOX,^SOX,353.5189514160156
2012-07-13,SOX,^SOX,356.83734130859375
2012-07-16,SOX,^SOX,352.97918701171875
2012-07-17,SOX,^SOX,351.280029296875
2012-07-18,SOX,^SOX,363.7340087890625
2012-07-19,SOX,^SOX,371.160400390625
2012-07-20,SOX,^SOX,364.8334655761719
2012-07-23,SOX,^SOX,361.485107421875
2012-07-24,SOX,^SOX,360.0557861328125
2012-07-25,SOX,^SOX,366.95245361328125
2012-07-26,SOX,^SOX,375.3583984375
2012-07-27,SOX,^SOX,384.044189453125
2012-07-30,SOX,^SOX,380.4259033203125
2012-07-31,SOX,^SOX,383.534423828125
2012-08-01,SOX,^SOX,383.64434814453125
2012-08-02,SOX,^SOX,381.2955017089844
2012-08-03,SOX,^SOX,389.9113464355469
2012-08-06,SOX,^SOX,391.8903503417969
2012-08-07,SOX,^SOX,399.86651611328125
2012-08-08,SOX,^SOX,400.95599365234375
2012-08-09,SOX,^SOX,403.7846374511719
2012-08-10,SOX,^SOX,405.7636413574219
2012-08-13,SOX,^SOX,402.21539306640625
2012-08-14,SOX,^SOX,398.9269714355469
2012-08-15,SOX,^SOX,401.28582763671875
2012-08-16,SOX,^SOX,408.06256103515625
2012-08-17,SOX,^SOX,404.9440612792969
2012-08-20,SOX,^SOX,402.095458984375
2012-08-21,SOX,^SOX,402.10540771484375
2012-08-22,SOX,^SOX,398.9769592285156
2012-08-23,SOX,^SOX,396.4681701660156
2012-08-24,SOX,^SOX,398.757080078125
2012-08-27,SOX,^SOX,397.28778076171875
2012-08-28,SOX,^SOX,396.8479919433594
2012-08-29,SOX,^SOX,397.2278137207031
2012-08-30,SOX,^SOX,390.51104736328125
2012-08-31,SOX,^SOX,395.9883728027344
2012-09-04,SOX,^SOX,392.6300354003906
2012-09-05,SOX,^SOX,390.08123779296875
2012-09-06,SOX,^SOX,404.3443603515625
2012-09-07,SOX,^SOX,401.03594970703125
2012-09-10,SOX,^SOX,394.0693359375
2012-09-11,SOX,^SOX,396.5481262207031
2012-09-12,SOX,^SOX,397.7575378417969
2012-09-13,SOX,^SOX,401.595703125
2012-09-14,SOX,^SOX,406.38336181640625
2012-09-17,SOX,^SOX,402.2853698730469
2012-09-18,SOX,^SOX,400.586181640625
2012-09-19,SOX,^SOX,398.3372497558594
2012-09-20,SOX,^SOX,394.43914794921875
2012-09-21,SOX,^SOX,394.9689025878906
2012-09-24,SOX,^SOX,388.8118591308594
2012-09-25,SOX,^SOX,379.196533203125
2012-09-26,SOX,^SOX,376.7876892089844
2012-09-27,SOX,^SOX,385.2735595703125
2012-09-28,SOX,^SOX,382.0851135253906
2012-10-01,SOX,^SOX,380.9356689453125
2012-10-02,SOX,^SOX,382.7747802734375
2012-10-03,SOX,^SOX,380.98565673828125
2012-10-04,SOX,^SOX,383.4644470214844
2012-10-05,SOX,^SOX,383.0946350097656
2012-10-08,SOX,^SOX,378.9466552734375
2012-10-09,SOX,^SOX,372.9295349121094
2012-10-10,SOX,^SOX,367.8520202636719
2012-10-11,SOX,^SOX,368.4817199707031
2012-10-12,SOX,^SOX,366.53265380859375
2012-10-15,SOX,^SOX,371.96002197265625
2012-10-16,SOX,^SOX,380.07611083984375
2012-10-17,SOX,^SOX,379.22650146484375
2012-10-18,SOX,^SOX,376.0980224609375
2012-10-19,SOX,^SOX,364.7435302734375
2012-10-22,SOX,^SOX,365.333251953125
2012-10-23,SOX,^SOX,365.8729553222656
2012-10-24,SOX,^SOX,360.34564208984375
2012-10-25,SOX,^SOX,365.3032531738281
2012-10-26,SOX,^SOX,367.10235595703125
2012-10-31,SOX,^SOX,366.85247802734375
2012-11-01,SOX,^SOX,379.31646728515625
2012-11-02,SOX,^SOX,372.12994384765625
2012-11-05,SOX,^SOX,378.197021484375
2012-11-06,SOX,^SOX,383.4344787597656
2012-11-07,SOX,^SOX,373.0894775390625
2012-11-08,SOX,^SOX,368.6216125488281
2012-11-09,SOX,^SOX,369.5212097167969
2012-11-12,SOX,^SOX,369.8410339355469
2012-11-13,SOX,^SOX,366.2827453613281
2012-11-14,SOX,^SOX,360.76544189453125
2012-11-15,SOX,^SOX,355.9677734375
2012-11-16,SOX,^SOX,355.82781982421875
2012-11-19,SOX,^SOX,362.9643859863281
2012-11-20,SOX,^SOX,361.635009765625
2012-11-21,SOX,^SOX,362.3346862792969
2012-11-23,SOX,^SOX,368.9814758300781
2012-11-26,SOX,^SOX,370.45074462890625
2012-11-27,SOX,^SOX,369.6311340332031
2012-11-28,SOX,^SOX,373.6492004394531
2012-11-29,SOX,^SOX,374.6487121582031
2012-11-30,SOX,^SOX,374.1689453125
2012-12-03,SOX,^SOX,372.3598327636719
2012-12-04,SOX,^SOX,374.8486328125
2012-12-05,SOX,^SOX,374.2789001464844
2012-12-06,SOX,^SOX,378.4468994140625
2012-12-07,SOX,^SOX,379.2764587402344
2012-12-10,SOX,^SOX,381.64532470703125
2012-12-11,SOX,^SOX,388.8118591308594
2012-12-12,SOX,^SOX,387.5524597167969
2012-12-13,SOX,^SOX,383.4844665527344
2012-12-14,SOX,^SOX,380.8457336425781
2012-12-17,SOX,^SOX,382.4349365234375
2012-12-18,SOX,^SOX,388.5420227050781
2012-12-19,SOX,^SOX,389.4700012207031
2012-12-20,SOX,^SOX,389.489990234375
2012-12-21,SOX,^SOX,385.5899963378906
2012-12-24,SOX,^SOX,384.1400146484375
2012-12-26,SOX,^SOX,381.010009765625
2012-12-27,SOX,^SOX,379.54998779296875
2012-12-28,SOX,^SOX,376.8699951171875
2012-12-31,SOX,^SOX,384.05999755859375
2013-01-02,SOX,^SOX,399.7300109863281
2013-01-03,SOX,^SOX,397.5400085449219
2013-01-04,SOX,^SOX,397.67999267578125
2013-01-07,SOX,^SOX,395.7799987792969
2013-01-08,SOX,^SOX,391.3599853515625
2013-01-09,SOX,^SOX,395.4700012207031
2013-01-10,SOX,^SOX,400.7300109863281
2013-01-11,SOX,^SOX,402.8599853515625
2013-01-14,SOX,^SOX,401.8900146484375
2013-01-15,SOX,^SOX,399.8699951171875
2013-01-16,SOX,^SOX,404.4599914550781
2013-01-17,SOX,^SOX,412.5299987792969
2013-01-18,SOX,^SOX,410.6400146484375
2013-01-22,SOX,^SOX,409.6000061035156
2013-01-23,SOX,^SOX,413.8800048828125
2013-01-24,SOX,^SOX,410.239990234375
2013-01-25,SOX,^SOX,415.44000244140625
2013-01-28,SOX,^SOX,416.1600036621094
2013-01-29,SOX,^SOX,413.2799987792969
2013-01-30,SOX,^SOX,414.1000061035156
2013-01-31,SOX,^SOX,412.7300109863281
2013-02-01,SOX,^SOX,420.54998779296875
2013-02-04,SOX,^SOX,414.17999267578125
2013-02-05,SOX,^SOX,420.69000244140625
2013-02-06,SOX,^SOX,421.55999755859375
2013-02-07,SOX,^SOX,419.260009765625
2013-02-08,SOX,^SOX,424.80999755859375
2013-02-11,SOX,^SOX,425.239990234375
2013-02-12,SOX,^SOX,426.2799987792969
2013-02-13,SOX,^SOX,427.4800109863281
2013-02-14,SOX,^SOX,431.0799865722656
2013-02-15,SOX,^SOX,428.5
2013-02-19,SOX,^SOX,433.6400146484375
2013-02-20,SOX,^SOX,423.95001220703125
2013-02-21,SOX,^SOX,416.2699890136719
2013-02-22,SOX,^SOX,424.9800109863281
2013-02-25,SOX,^SOX,416.6600036621094
2013-02-26,SOX,^SOX,419.8900146484375
2013-02-27,SOX,^SOX,426.4599914550781
2013-02-28,SOX,^SOX,426.6300048828125
2013-03-01,SOX,^SOX,425.0899963378906
2013-03-04,SOX,^SOX,424.010009765625
2013-03-05,SOX,^SOX,432.3900146484375
2013-03-06,SOX,^SOX,432.9599914550781
2013-03-07,SOX,^SOX,434.67999267578125
2013-03-08,SOX,^SOX,435.260009765625
2013-03-11,SOX,^SOX,435.8500061035156
2013-03-12,SOX,^SOX,437.6700134277344
2013-03-13,SOX,^SOX,439.1400146484375
2013-03-14,SOX,^SOX,441.5299987792969
2013-03-15,SOX,^SOX,434.17999267578125
2013-03-18,SOX,^SOX,428.3900146484375
2013-03-19,SOX,^SOX,426.7300109863281
2013-03-20,SOX,^SOX,432.010009765625
2013-03-21,SOX,^SOX,425.25
2013-03-22,SOX,^SOX,430.0799865722656
2013-03-25,SOX,^SOX,429.1700134277344
2013-03-26,SOX,^SOX,433.07000732421875
2013-03-27,SOX,^SOX,433.5299987792969
2013-03-28,SOX,^SOX,436.6600036621094
2013-04-01,SOX,^SOX,427.79998779296875
2013-04-02,SOX,^SOX,424.2099914550781
2013-04-03,SOX,^SOX,415.80999755859375
2013-04-04,SOX,^SOX,421.1400146484375
2013-04-05,SOX,^SOX,418.92999267578125
2013-04-08,SOX,^SOX,424.1700134277344
2013-04-09,SOX,^SOX,428.1400146484375
2013-04-10,SOX,^SOX,437.3399963378906
2013-04-11,SOX,^SOX,435.6300048828125
2013-04-12,SOX,^SOX,433.6300048828125
2013-04-15,SOX,^SOX,422.6700134277344
2013-04-16,SOX,^SOX,431.8500061035156
2013-04-17,SOX,^SOX,417.6499938964844
2013-04-18,SOX,^SOX,413.8800048828125
2013-04-19,SOX,^SOX,416.9700012207031
2013-04-22,SOX,^SOX,421.3699951171875
2013-04-23,SOX,^SOX,430.2099914550781
2013-04-24,SOX,^SOX,435.6499938964844
2013-04-25,SOX,^SOX,439.9800109863281
2013-04-26,SOX,^SOX,435.2900085449219
2013-04-29,SOX,^SOX,440.79998779296875
2013-04-30,SOX,^SOX,444.3599853515625
2013-05-01,SOX,^SOX,440.79998779296875
2013-05-02,SOX,^SOX,446.8900146484375
2013-05-03,SOX,^SOX,450.9200134277344
2013-05-06,SOX,^SOX,453.4700012207031
2013-05-07,SOX,^SOX,453.6199951171875
2013-05-08,SOX,^SOX,459.4700012207031
2013-05-09,SOX,^SOX,461.8500061035156
2013-05-10,SOX,^SOX,465.94000244140625
2013-05-13,SOX,^SOX,461.2799987792969
2013-05-14,SOX,^SOX,463.3299865722656
2013-05-15,SOX,^SOX,467.82000732421875
2013-05-16,SOX,^SOX,464.2799987792969
2013-05-17,SOX,^SOX,470.6300048828125
2013-05-20,SOX,^SOX,469.1199951171875
2013-05-21,SOX,^SOX,469.0299987792969
2013-05-22,SOX,^SOX,461.6199951171875
2013-05-23,SOX,^SOX,461.75
2013-05-24,SOX,^SOX,461.5
2013-05-28,SOX,^SOX,465.94000244140625
2013-05-29,SOX,^SOX,467.2900085449219
2013-05-30,SOX,^SOX,474.42999267578125
2013-05-31,SOX,^SOX,468.6300048828125
2013-06-03,SOX,^SOX,470.7200012207031
2013-06-04,SOX,^SOX,472.45001220703125
2013-06-05,SOX,^SOX,465.2900085449219
2013-06-06,SOX,^SOX,464.6600036621094
2013-06-07,SOX,^SOX,471.4700012207031
2013-06-10,SOX,^SOX,473.9700012207031
2013-06-11,SOX,^SOX,463.42999267578125
2013-06-12,SOX,^SOX,458.3299865722656
2013-06-13,SOX,^SOX,467.3800048828125
2013-06-14,SOX,^SOX,465.5299987792969
2013-06-17,SOX,^SOX,472.3399963378906
2013-06-18,SOX,^SOX,480.05999755859375
2013-06-19,SOX,^SOX,474.510009765625
2013-06-20,SOX,^SOX,459.7200012207031
2013-06-21,SOX,^SOX,460.8500061035156
2013-06-24,SOX,^SOX,451.54998779296875
2013-06-25,SOX,^SOX,462.510009765625
2013-06-26,SOX,^SOX,464.92999267578125
2013-06-27,SOX,^SOX,466.739990234375
2013-06-28,SOX,^SOX,468.42999267578125
2013-07-01,SOX,^SOX,467.7300109863281
2013-07-02,SOX,^SOX,468.17999267578125
2013-07-03,SOX,^SOX,469.79998779296875
2013-07-05,SOX,^SOX,476.1199951171875
2013-07-08,SOX,^SOX,466.5
2013-07-09,SOX,^SOX,471.4100036621094
2013-07-10,SOX,^SOX,476.70001220703125
2013-07-11,SOX,^SOX,486.55999755859375
2013-07-12,SOX,^SOX,489.6099853515625
2013-07-15,SOX,^SOX,489.3299865722656
2013-07-16,SOX,^SOX,491.05999755859375
2013-07-17,SOX,^SOX,491.5799865722656
2013-07-18,SOX,^SOX,487.2200012207031
2013-07-19,SOX,^SOX,486.1700134277344
2013-07-22,SOX,^SOX,485.1499938964844
2013-07-23,SOX,^SOX,483.5199890136719
2013-07-24,SOX,^SOX,474.69000244140625
2013-07-25,SOX,^SOX,477.3999938964844
2013-07-26,SOX,^SOX,473.1199951171875
2013-07-29,SOX,^SOX,469.9700012207031
2013-07-30,SOX,^SOX,475.5899963378906
2013-07-31,SOX,^SOX,477.7799987792969
2013-08-01,SOX,^SOX,486.6000061035156
2013-08-02,SOX,^SOX,483.3800048828125
2013-08-05,SOX,^SOX,482.1400146484375
2013-08-06,SOX,^SOX,478.67999267578125
2013-08-07,SOX,^SOX,474.1199951171875
2013-08-08,SOX,^SOX,474.30999755859375
2013-08-09,SOX,^SOX,471.760009765625
2013-08-12,SOX,^SOX,473.6199951171875
2013-08-13,SOX,^SOX,479.07000732421875
2013-08-14,SOX,^SOX,471.3399963378906
2013-08-15,SOX,^SOX,460.8399963378906
2013-08-16,SOX,^SOX,462.4599914550781
2013-08-19,SOX,^SOX,459.2900085449219
2013-08-20,SOX,^SOX,461.8299865722656
2013-08-21,SOX,^SOX,458.5299987792969
2013-08-22,SOX,^SOX,463.8299865722656
2013-08-23,SOX,^SOX,463.82000732421875
2013-08-26,SOX,^SOX,462.9200134277344
2013-08-27,SOX,^SOX,451.2099914550781
2013-08-28,SOX,^SOX,456.3900146484375
2013-08-29,SOX,^SOX,461.82000732421875
2013-08-30,SOX,^SOX,457.70001220703125
2013-09-03,SOX,^SOX,461.6400146484375
2013-09-04,SOX,^SOX,473.55999755859375
2013-09-05,SOX,^SOX,477.0400085449219
2013-09-06,SOX,^SOX,475.1000061035156
2013-09-09,SOX,^SOX,481.4200134277344
2013-09-10,SOX,^SOX,490.6499938964844
2013-09-11,SOX,^SOX,489.0400085449219
2013-09-12,SOX,^SOX,486.05999755859375
2013-09-13,SOX,^SOX,488.2300109863281
2013-09-16,SOX,^SOX,490.3500061035156
2013-09-17,SOX,^SOX,493.3999938964844
2013-09-18,SOX,^SOX,497.6700134277344
2013-09-19,SOX,^SOX,496.0899963378906
2013-09-20,SOX,^SOX,493.1499938964844
2013-09-23,SOX,^SOX,491.2900085449219
2013-09-24,SOX,^SOX,494.7300109863281
2013-09-25,SOX,^SOX,494.95001220703125
2013-09-26,SOX,^SOX,494.7099914550781
2013-09-27,SOX,^SOX,490.80999755859375
2013-09-30,SOX,^SOX,490.8299865722656
2013-10-01,SOX,^SOX,495.7699890136719
2013-10-02,SOX,^SOX,495.1000061035156
2013-10-03,SOX,^SOX,493.79998779296875
2013-10-04,SOX,^SOX,497.7200012207031
2013-10-07,SOX,^SOX,495.0899963378906
2013-10-08,SOX,^SOX,486.82000732421875
2013-10-09,SOX,^SOX,485.1099853515625
2013-10-10,SOX,^SOX,496.4800109863281
2013-10-11,SOX,^SOX,497.3800048828125
2013-10-14,SOX,^SOX,500.9800109863281
2013-10-15,SOX,^SOX,496.5
2013-10-16,SOX,^SOX,501.5799865722656
2013-10-17,SOX,^SOX,505.0899963378906
2013-10-18,SOX,^SOX,506.44000244140625
2013-10-21,SOX,^SOX,508.0400085449219
2013-10-22,SOX,^SOX,507.1199951171875
2013-10-23,SOX,^SOX,490.1099853515625
2013-10-24,SOX,^SOX,494.1499938964844
2013-10-25,SOX,^SOX,496.29998779296875
2013-10-28,SOX,^SOX,499.489990234375
2013-10-29,SOX,^SOX,507.0400085449219
2013-10-30,SOX,^SOX,504.3299865722656
2013-10-31,SOX,^SOX,507.0899963378906
2013-11-01,SOX,^SOX,505.3999938964844
2013-11-04,SOX,^SOX,504.67999267578125
2013-11-05,SOX,^SOX,503.1300048828125
2013-11-06,SOX,^SOX,504.9100036621094
2013-11-07,SOX,^SOX,495.20001220703125
2013-11-08,SOX,^SOX,500.9800109863281
2013-11-11,SOX,^SOX,500.3999938964844
2013-11-12,SOX,^SOX,503.6099853515625
2013-11-13,SOX,^SOX,508.0
2013-11-14,SOX,^SOX,505.3900146484375
2013-11-15,SOX,^SOX,508.94000244140625
2013-11-18,SOX,^SOX,504.2200012207031
2013-11-19,SOX,^SOX,497.8800048828125
2013-11-20,SOX,^SOX,495.6300048828125
2013-11-21,SOX,^SOX,504.2300109863281
2013-11-22,SOX,^SOX,504.6099853515625
2013-11-25,SOX,^SOX,504.010009765625
2013-11-26,SOX,^SOX,508.32000732421875
2013-11-27,SOX,^SOX,510.010009765625
2013-11-29,SOX,^SOX,510.25
2013-12-02,SOX,^SOX,509.3999938964844
2013-12-03,SOX,^SOX,511.20001220703125
2013-12-04,SOX,^SOX,508.7699890136719
2013-12-05,SOX,^SOX,509.95001220703125
2013-12-06,SOX,^SOX,515.6300048828125
2013-12-09,SOX,^SOX,516.8099975585938
2013-12-10,SOX,^SOX,515.3400268554688
2013-12-11,SOX,^SOX,510.1700134277344
2013-12-12,SOX,^SOX,505.8399963378906
2013-12-13,SOX,^SOX,505.5199890136719
2013-12-16,SOX,^SOX,512.1500244140625
2013-12-17,SOX,^SOX,517.1799926757812
2013-12-18,SOX,^SOX,521.0700073242188
2013-12-19,SOX,^SOX,517.780029296875
2013-12-20,SOX,^SOX,522.0900268554688
2013-12-23,SOX,^SOX,526.6500244140625
2013-12-24,SOX,^SOX,528.3499755859375
2013-12-26,SOX,^SOX,529.8300170898438
2013-12-27,SOX,^SOX,529.9600219726562
2013-12-30,SOX,^SOX,531.5700073242188
2013-12-31,SOX,^SOX,535.030029296875
2014-01-02,SOX,^SOX,527.75
2014-01-03,SOX,^SOX,526.6799926757812
2014-01-06,SOX,^SOX,523.77001953125
2014-01-07,SOX,^SOX,527.4299926757812
2014-01-08,SOX,^SOX,535.760009765625
2014-01-09,SOX,^SOX,531.489990234375
2014-01-10,SOX,^SOX,533.7000122070312
2014-01-13,SOX,^SOX,527.6599731445312
2014-01-14,SOX,^SOX,539.6099853515625
2014-01-15,SOX,^SOX,544.2100219726562
2014-01-16,SOX,^SOX,541.0499877929688
2014-01-17,SOX,^SOX,538.1400146484375
2014-01-21,SOX,^SOX,541.5
2014-01-22,SOX,^SOX,547.469970703125
2014-01-23,SOX,^SOX,541.489990234375
2014-01-24,SOX,^SOX,528.8900146484375
2014-01-27,SOX,^SOX,525.27001953125
2014-01-28,SOX,^SOX,527.5399780273438
2014-01-29,SOX,^SOX,525.1400146484375
2014-01-30,SOX,^SOX,531.9600219726562
2014-01-31,SOX,^SOX,529.1799926757812
2014-02-03,SOX,^SOX,517.4600219726562
2014-02-04,SOX,^SOX,518.3400268554688
2014-02-05,SOX,^SOX,518.4600219726562
2014-02-06,SOX,^SOX,526.6699829101562
2014-02-07,SOX,^SOX,535.3099975585938
2014-02-10,SOX,^SOX,538.0399780273438
2014-02-11,SOX,^SOX,544.8599853515625
2014-02-12,SOX,^SOX,549.47998046875
2014-02-13,SOX,^SOX,556.02001953125
2014-02-14,SOX,^SOX,559.1199951171875
2014-02-18,SOX,^SOX,560.4500122070312
2014-02-19,SOX,^SOX,560.02001953125
2014-02-20,SOX,^SOX,564.0599975585938
2014-02-21,SOX,^SOX,561.2100219726562
2014-02-24,SOX,^SOX,563.3699951171875
2014-02-25,SOX,^SOX,560.5399780273438
2014-02-26,SOX,^SOX,564.2899780273438
2014-02-27,SOX,^SOX,564.219970703125
2014-02-28,SOX,^SOX,563.8300170898438
2014-03-03,SOX,^SOX,560.22998046875
2014-03-04,SOX,^SOX,570.1300048828125
2014-03-05,SOX,^SOX,571.2999877929688
2014-03-06,SOX,^SOX,575.02001953125
2014-03-07,SOX,^SOX,574.3900146484375
2014-03-10,SOX,^SOX,573.219970703125
2014-03-11,SOX,^SOX,570.0800170898438
2014-03-12,SOX,^SOX,574.9199829101562
2014-03-13,SOX,^SOX,565.1400146484375
2014-03-14,SOX,^SOX,562.47998046875
2014-03-17,SOX,^SOX,569.5
2014-03-18,SOX,^SOX,577.1900024414062
2014-03-19,SOX,^SOX,576.6900024414062
2014-03-20,SOX,^SOX,587.6300048828125
2014-03-21,SOX,^SOX,582.5399780273438
2014-03-24,SOX,^SOX,579.8499755859375
2014-03-25,SOX,^SOX,584.3300170898438
2014-03-26,SOX,^SOX,577.8400268554688
2014-03-27,SOX,^SOX,573.3200073242188
2014-03-28,SOX,^SOX,577.47998046875
2014-03-31,SOX,^SOX,586.739990234375
2014-04-01,SOX,^SOX,595.9099731445312
2014-04-02,SOX,^SOX,594.9400024414062
2014-04-03,SOX,^SOX,595.9299926757812
2014-04-04,SOX,^SOX,579.1900024414062
2014-04-07,SOX,^SOX,573.9099731445312
2014-04-08,SOX,^SOX,581.1799926757812
2014-04-09,SOX,^SOX,587.719970703125
2014-04-10,SOX,^SOX,569.1500244140625
2014-04-11,SOX,^SOX,560.3400268554688
2014-04-14,SOX,^SOX,565.02001953125
2014-04-15,SOX,^SOX,569.0
2014-04-16,SOX,^SOX,567.9000244140625
2014-04-17,SOX,^SOX,578.4099731445312
2014-04-21,SOX,^SOX,583.47998046875
2014-04-22,SOX,^SOX,589.1099853515625
2014-04-23,SOX,^SOX,588.4299926757812
2014-04-24,SOX,^SOX,591.6400146484375
2014-04-25,SOX,^SOX,572.1900024414062
2014-04-28,SOX,^SOX,568.5499877929688
2014-04-29,SOX,^SOX,572.989990234375
2014-04-30,SOX,^SOX,575.969970703125
2014-05-01,SOX,^SOX,573.8599853515625
2014-05-02,SOX,^SOX,575.489990234375
2014-05-05,SOX,^SOX,575.9400024414062
2014-05-06,SOX,^SOX,573.47998046875
2014-05-07,SOX,^SOX,573.989990234375
2014-05-08,SOX,^SOX,577.8300170898438
2014-05-09,SOX,^SOX,575.969970703125
2014-05-12,SOX,^SOX,586.47998046875
2014-05-13,SOX,^SOX,581.8800048828125
2014-05-14,SOX,^SOX,576.7999877929688
2014-05-15,SOX,^SOX,570.0
2014-05-16,SOX,^SOX,576.010009765625
2014-05-19,SOX,^SOX,582.0499877929688
2014-05-20,SOX,^SOX,578.5800170898438
2014-05-21,SOX,^SOX,581.8099975585938
2014-05-22,SOX,^SOX,584.2999877929688
2014-05-23,SOX,^SOX,589.9099731445312
2014-05-27,SOX,^SOX,597.0800170898438
2014-05-28,SOX,^SOX,597.6599731445312
2014-05-29,SOX,^SOX,598.9600219726562
2014-05-30,SOX,^SOX,599.5900268554688
2014-06-02,SOX,^SOX,602.8400268554688
2014-06-03,SOX,^SOX,608.4299926757812
2014-06-04,SOX,^SOX,611.1400146484375
2014-06-05,SOX,^SOX,614.2999877929688
2014-06-06,SOX,^SOX,617.25
2014-06-09,SOX,^SOX,618.4400024414062
2014-06-10,SOX,^SOX,620.260009765625
2014-06-11,SOX,^SOX,623.47998046875
2014-06-12,SOX,^SOX,621.3499755859375
2014-06-13,SOX,^SOX,627.489990234375
2014-06-16,SOX,^SOX,630.9299926757812
2014-06-17,SOX,^SOX,635.5
2014-06-18,SOX,^SOX,633.2000122070312
2014-06-19,SOX,^SOX,633.97998046875
2014-06-20,SOX,^SOX,635.4199829101562
2014-06-23,SOX,^SOX,633.1300048828125
2014-06-24,SOX,^SOX,628.5
2014-06-25,SOX,^SOX,630.8699951171875
2014-06-26,SOX,^SOX,628.280029296875
2014-06-27,SOX,^SOX,629.27001953125
2014-06-30,SOX,^SOX,635.9299926757812
2014-07-01,SOX,^SOX,644.7100219726562
2014-07-02,SOX,^SOX,645.780029296875
2014-07-03,SOX,^SOX,650.5499877929688
2014-07-07,SOX,^SOX,646.0999755859375
2014-07-08,SOX,^SOX,642.6400146484375
2014-07-09,SOX,^SOX,646.5599975585938
2014-07-10,SOX,^SOX,643.469970703125
2014-07-11,SOX,^SOX,643.8800048828125
2014-07-14,SOX,^SOX,646.1199951171875
2014-07-15,SOX,^SOX,644.4400024414062
2014-07-16,SOX,^SOX,651.760009765625
2014-07-17,SOX,^SOX,635.3200073242188
2014-07-18,SOX,^SOX,643.4400024414062
2014-07-21,SOX,^SOX,645.02001953125
2014-07-22,SOX,^SOX,649.3499755859375
2014-07-23,SOX,^SOX,634.4500122070312
2014-07-24,SOX,^SOX,629.1300048828125
2014-07-25,SOX,^SOX,616.6500244140625
2014-07-28,SOX,^SOX,616.0
2014-07-29,SOX,^SOX,614.4299926757812
2014-07-30,SOX,^SOX,620.5999755859375
2014-07-31,SOX,^SOX,607.5499877929688
2014-08-01,SOX,^SOX,609.760009765625
2014-08-04,SOX,^SOX,612.2899780273438
2014-08-05,SOX,^SOX,605.3099975585938
2014-08-06,SOX,^SOX,607.7100219726562
2014-08-07,SOX,^SOX,599.3800048828125
2014-08-08,SOX,^SOX,606.22998046875
2014-08-11,SOX,^SOX,612.02001953125
2014-08-12,SOX,^SOX,611.3200073242188
2014-08-13,SOX,^SOX,616.9500122070312
2014-08-14,SOX,^SOX,618.260009765625
2014-08-15,SOX,^SOX,624.5999755859375
2014-08-18,SOX,^SOX,627.469970703125
2014-08-19,SOX,^SOX,631.469970703125
2014-08-20,SOX,^SOX,636.6199951171875
2014-08-21,SOX,^SOX,639.1099853515625
2014-08-22,SOX,^SOX,639.719970703125
2014-08-25,SOX,^SOX,637.25
2014-08-26,SOX,^SOX,637.5499877929688
2014-08-27,SOX,^SOX,638.5700073242188
2014-08-28,SOX,^SOX,640.489990234375
2014-08-29,SOX,^SOX,645.25
2014-09-02,SOX,^SOX,642.530029296875
2014-09-03,SOX,^SOX,644.0800170898438
2014-09-04,SOX,^SOX,645.719970703125
2014-09-05,SOX,^SOX,651.239990234375
2014-09-08,SOX,^SOX,652.5
2014-09-09,SOX,^SOX,646.489990234375
2014-09-10,SOX,^SOX,646.5399780273438
2014-09-11,SOX,^SOX,648.1400146484375
2014-09-12,SOX,^SOX,639.8900146484375
2014-09-15,SOX,^SOX,632.239990234375
2014-09-16,SOX,^SOX,643.1199951171875
2014-09-17,SOX,^SOX,647.8300170898438
2014-09-18,SOX,^SOX,657.3599853515625
2014-09-19,SOX,^SOX,649.5399780273438
2014-09-22,SOX,^SOX,641.3499755859375
2014-09-23,SOX,^SOX,639.8499755859375
2014-09-24,SOX,^SOX,647.530029296875
2014-09-25,SOX,^SOX,635.4199829101562
2014-09-26,SOX,^SOX,643.3400268554688
2014-09-29,SOX,^SOX,644.22998046875
2014-09-30,SOX,^SOX,638.47998046875
2014-10-01,SOX,^SOX,623.3599853515625
2014-10-02,SOX,^SOX,619.6599731445312
2014-10-03,SOX,^SOX,623.1199951171875
2014-10-06,SOX,^SOX,617.969970703125
2014-10-07,SOX,^SOX,606.2000122070312
2014-10-08,SOX,^SOX,619.969970703125
2014-10-09,SOX,^SOX,602.969970703125
2014-10-10,SOX,^SOX,561.4000244140625
2014-10-13,SOX,^SOX,549.469970703125
2014-10-14,SOX,^SOX,559.6699829101562
2014-10-15,SOX,^SOX,562.3400268554688
2014-10-16,SOX,^SOX,570.72998046875
2014-10-17,SOX,^SOX,575.3300170898438
2014-10-20,SOX,^SOX,584.1500244140625
2014-10-21,SOX,^SOX,605.25
2014-10-22,SOX,^SOX,596.9299926757812
2014-10-23,SOX,^SOX,605.6400146484375
2014-10-24,SOX,^SOX,612.0499877929688
2014-10-27,SOX,^SOX,614.22998046875
2014-10-28,SOX,^SOX,623.4600219726562
2014-10-29,SOX,^SOX,624.1900024414062
2014-10-30,SOX,^SOX,616.9600219726562
2014-10-31,SOX,^SOX,640.8599853515625
2014-11-03,SOX,^SOX,644.77001953125
2014-11-04,SOX,^SOX,642.989990234375
2014-11-05,SOX,^SOX,649.0399780273438
2014-11-06,SOX,^SOX,643.2999877929688
2014-11-07,SOX,^SOX,637.47998046875
2014-11-10,SOX,^SOX,642.25
2014-11-11,SOX,^SOX,640.4299926757812
2014-11-12,SOX,^SOX,639.760009765625
2014-11-13,SOX,^SOX,639.7999877929688
2014-11-14,SOX,^SOX,645.5599975585938
2014-11-17,SOX,^SOX,642.5499877929688
2014-11-18,SOX,^SOX,654.77001953125
2014-11-19,SOX,^SOX,650.1799926757812
2014-11-20,SOX,^SOX,656.27001953125
2014-11-21,SOX,^SOX,662.9500122070312
2014-11-24,SOX,^SOX,669.469970703125
2014-11-25,SOX,^SOX,669.3599853515625
2014-11-26,SOX,^SOX,683.47998046875
2014-11-28,SOX,^SOX,685.739990234375
2014-12-01,SOX,^SOX,676.6900024414062
2014-12-02,SOX,^SOX,681.3499755859375
2014-12-03,SOX,^SOX,695.280029296875
2014-12-04,SOX,^SOX,696.1599731445312
2014-12-05,SOX,^SOX,703.1199951171875
2014-12-08,SOX,^SOX,693.0
2014-12-09,SOX,^SOX,692.8400268554688
2014-12-10,SOX,^SOX,679.969970703125
2014-12-11,SOX,^SOX,683.1500244140625
2014-12-12,SOX,^SOX,671.3300170898438
2014-12-15,SOX,^SOX,665.7100219726562
2014-12-16,SOX,^SOX,661.2999877929688
2014-12-17,SOX,^SOX,675.5800170898438
2014-12-18,SOX,^SOX,688.1199951171875
2014-12-19,SOX,^SOX,686.0900268554688
2014-12-22,SOX,^SOX,696.6799926757812
2014-12-23,SOX,^SOX,695.3200073242188
2014-12-24,SOX,^SOX,696.3499755859375
2014-12-26,SOX,^SOX,697.0
2014-12-29,SOX,^SOX,695.0800170898438
2014-12-30,SOX,^SOX,690.989990234375
2014-12-31,SOX,^SOX,686.8699951171875
2015-01-02,SOX,^SOX,686.72998046875
2015-01-05,SOX,^SOX,673.5900268554688
2015-01-06,SOX,^SOX,658.8300170898438
2015-01-07,SOX,^SOX,665.27001953125
2015-01-08,SOX,^SOX,684.6500244140625
2015-01-09,SOX,^SOX,685.52001953125
2015-01-12,SOX,^SOX,671.8200073242188
2015-01-13,SOX,^SOX,665.5800170898438
2015-01-14,SOX,^SOX,661.6500244140625
2015-01-15,SOX,^SOX,656.510009765625
2015-01-16,SOX,^SOX,663.8599853515625
2015-01-20,SOX,^SOX,670.5700073242188
2015-01-21,SOX,^SOX,678.1599731445312
2015-01-22,SOX,^SOX,682.47998046875
2015-01-23,SOX,^SOX,680.5399780273438
2015-01-26,SOX,^SOX,682.3900146484375
2015-01-27,SOX,^SOX,669.7899780273438
2015-01-28,SOX,^SOX,666.0700073242188
2015-01-29,SOX,^SOX,666.6300048828125
2015-01-30,SOX,^SOX,653.1400146484375
2015-02-02,SOX,^SOX,653.1400146484375
2015-02-03,SOX,^SOX,666.9299926757812
2015-02-04,SOX,^SOX,669.1500244140625
2015-02-05,SOX,^SOX,675.6900024414062
2015-02-06,SOX,^SOX,671.8400268554688
2015-02-09,SOX,^SOX,664.5399780273438
2015-02-10,SOX,^SOX,687.030029296875
2015-02-11,SOX,^SOX,689.25
2015-02-12,SOX,^SOX,700.1900024414062
2015-02-13,SOX,^SOX,705.0800170898438
2015-02-17,SOX,^SOX,707.1400146484375
2015-02-18,SOX,^SOX,705.1599731445312
2015-02-19,SOX,^SOX,706.9600219726562
2015-02-20,SOX,^SOX,711.25
2015-02-23,SOX,^SOX,706.7000122070312
2015-02-24,SOX,^SOX,716.1199951171875
2015-02-25,SOX,^SOX,711.989990234375
2015-02-26,SOX,^SOX,716.6699829101562
2015-02-27,SOX,^SOX,714.6500244140625
2015-03-02,SOX,^SOX,734.510009765625
2015-03-03,SOX,^SOX,720.260009765625
2015-03-04,SOX,^SOX,719.5399780273438
2015-03-05,SOX,^SOX,720.25
2015-03-06,SOX,^SOX,712.4199829101562
2015-03-09,SOX,^SOX,715.030029296875
2015-03-10,SOX,^SOX,701.2999877929688
2015-03-11,SOX,^SOX,703.1599731445312
2015-03-12,SOX,^SOX,702.77001953125
2015-03-13,SOX,^SOX,707.7899780273438
2015-03-16,SOX,^SOX,718.530029296875
2015-03-17,SOX,^SOX,713.1900024414062
2015-03-18,SOX,^SOX,718.47998046875
2015-03-19,SOX,^SOX,720.2000122070312
2015-03-20,SOX,^SOX,730.9099731445312
2015-03-23,SOX,^SOX,723.9600219726562
2015-03-24,SOX,^SOX,717.780029296875
2015-03-25,SOX,^SOX,684.72998046875
2015-03-26,SOX,^SOX,675.239990234375
2015-03-27,SOX,^SOX,694.3200073242188
2015-03-30,SOX,^SOX,703.739990234375
2015-03-31,SOX,^SOX,695.47998046875
2015-04-01,SOX,^SOX,691.1900024414062
2015-04-02,SOX,^SOX,689.1699829101562
2015-04-06,SOX,^SOX,692.6799926757812
2015-04-07,SOX,^SOX,692.9400024414062
2015-04-08,SOX,^SOX,697.4500122070312
2015-04-09,SOX,^SOX,706.1799926757812
2015-04-10,SOX,^SOX,709.0499877929688
2015-04-13,SOX,^SOX,704.52001953125
2015-04-14,SOX,^SOX,697.8499755859375
2015-04-15,SOX,^SOX,709.3200073242188
2015-04-16,SOX,^SOX,706.0800170898438
2015-04-17,SOX,^SOX,696.0900268554688
2015-04-20,SOX,^SOX,702.2899780273438
2015-04-21,SOX,^SOX,707.1199951171875
2015-04-22,SOX,^SOX,716.8200073242188
2015-04-23,SOX,^SOX,705.4600219726562
2015-04-24,SOX,^SOX,693.72998046875
2015-04-27,SOX,^SOX,696.1099853515625
2015-04-28,SOX,^SOX,696.239990234375
2015-04-29,SOX,^SOX,692.1900024414062
2015-04-30,SOX,^SOX,686.2899780273438
2015-05-01,SOX,^SOX,705.5
2015-05-04,SOX,^SOX,704.030029296875
2015-05-05,SOX,^SOX,688.4000244140625
2015-05-06,SOX,^SOX,687.4500122070312
2015-05-07,SOX,^SOX,695.2000122070312
2015-05-08,SOX,^SOX,702.1300048828125
2015-05-11,SOX,^SOX,702.3099975585938
2015-05-12,SOX,^SOX,696.1799926757812
2015-05-13,SOX,^SOX,700.1300048828125
2015-05-14,SOX,^SOX,708.3200073242188
2015-05-15,SOX,^SOX,709.52001953125
2015-05-18,SOX,^SOX,716.5399780273438
2015-05-19,SOX,^SOX,713.3900146484375
2015-05-20,SOX,^SOX,714.47998046875
2015-05-21,SOX,^SOX,718.4400024414062
2015-05-22,SOX,^SOX,720.2000122070312
2015-05-26,SOX,^SOX,714.75
2015-05-27,SOX,^SOX,742.3499755859375
2015-05-28,SOX,^SOX,743.27001953125
2015-05-29,SOX,^SOX,745.4099731445312
2015-06-01,SOX,^SOX,746.0800170898438
2015-06-02,SOX,^SOX,737.280029296875
2015-06-03,SOX,^SOX,732.7000122070312
2015-06-04,SOX,^SOX,725.8099975585938
2015-06-05,SOX,^SOX,726.2899780273438
2015-06-08,SOX,^SOX,712.3699951171875
2015-06-09,SOX,^SOX,711.5999755859375
2015-06-10,SOX,^SOX,720.9400024414062
2015-06-11,SOX,^SOX,720.530029296875
2015-06-12,SOX,^SOX,714.1300048828125
2015-06-15,SOX,^SOX,712.6300048828125
2015-06-16,SOX,^SOX,715.0700073242188
2015-06-17,SOX,^SOX,715.1900024414062
2015-06-18,SOX,^SOX,725.5999755859375
2015-06-19,SOX,^SOX,723.3699951171875
2015-06-22,SOX,^SOX,728.219970703125
2015-06-23,SOX,^SOX,723.8800048828125
2015-06-24,SOX,^SOX,716.489990234375
2015-06-25,SOX,^SOX,715.8300170898438
2015-06-26,SOX,^SOX,698.3599853515625
2015-06-29,SOX,^SOX,678.0700073242188
2015-06-30,SOX,^SOX,680.5399780273438
2015-07-01,SOX,^SOX,682.1300048828125
2015-07-02,SOX,^SOX,685.510009765625
2015-07-06,SOX,^SOX,675.1099853515625
2015-07-07,SOX,^SOX,672.9099731445312
2015-07-08,SOX,^SOX,655.25
2015-07-09,SOX,^SOX,646.6400146484375
2015-07-10,SOX,^SOX,658.8800048828125
2015-07-13,SOX,^SOX,663.969970703125
2015-07-14,SOX,^SOX,671.1599731445312
2015-07-15,SOX,^SOX,667.02001953125
2015-07-16,SOX,^SOX,668.6099853515625
2015-07-17,SOX,^SOX,667.0499877929688
2015-07-20,SOX,^SOX,662.5
2015-07-21,SOX,^SOX,662.8599853515625
2015-07-22,SOX,^SOX,646.1300048828125
2015-07-23,SOX,^SOX,655.510009765625
2015-07-24,SOX,^SOX,642.47998046875
2015-07-27,SOX,^SOX,637.8800048828125
2015-07-28,SOX,^SOX,650.9000244140625
2015-07-29,SOX,^SOX,651.75
2015-07-30,SOX,^SOX,654.1500244140625
2015-07-31,SOX,^SOX,646.2899780273438
2015-08-03,SOX,^SOX,644.3499755859375
2015-08-04,SOX,^SOX,637.1799926757812
2015-08-05,SOX,^SOX,644.6199951171875
2015-08-06,SOX,^SOX,633.1300048828125
2015-08-07,SOX,^SOX,636.8200073242188
2015-08-10,SOX,^SOX,652.6500244140625
2015-08-11,SOX,^SOX,637.8499755859375
2015-08-12,SOX,^SOX,641.52001953125
2015-08-13,SOX,^SOX,634.8699951171875
2015-08-14,SOX,^SOX,631.0399780273438
2015-08-17,SOX,^SOX,637.25
2015-08-18,SOX,^SOX,624.010009765625
2015-08-19,SOX,^SOX,618.3200073242188
2015-08-20,SOX,^SOX,594.780029296875
2015-08-21,SOX,^SOX,578.5900268554688
2015-08-24,SOX,^SOX,566.5800170898438
2015-08-25,SOX,^SOX,559.5900268554688
2015-08-26,SOX,^SOX,587.8200073242188
2015-08-27,SOX,^SOX,609.760009765625
2015-08-28,SOX,^SOX,613.9099731445312
2015-08-31,SOX,^SOX,611.0399780273438
2015-09-01,SOX,^SOX,590.1199951171875
2015-09-02,SOX,^SOX,603.780029296875
2015-09-03,SOX,^SOX,608.5800170898438
2015-09-04,SOX,^SOX,597.6199951171875
2015-09-08,SOX,^SOX,624.0599975585938
2015-09-09,SOX,^SOX,612.8300170898438
2015-09-10,SOX,^SOX,615.3400268554688
2015-09-11,SOX,^SOX,615.8099975585938
2015-09-14,SOX,^SOX,617.6699829101562
2015-09-15,SOX,^SOX,625.1400146484375
2015-09-16,SOX,^SOX,626.5700073242188
2015-09-17,SOX,^SOX,621.0499877929688
2015-09-18,SOX,^SOX,610.75
2015-09-21,SOX,^SOX,608.72998046875
2015-09-22,SOX,^SOX,595.0599975585938
2015-09-23,SOX,^SOX,590.739990234375
2015-09-24,SOX,^SOX,589.7100219726562
2015-09-25,SOX,^SOX,592.8800048828125
2015-09-28,SOX,^SOX,576.4199829101562
2015-09-29,SOX,^SOX,580.47998046875
2015-09-30,SOX,^SOX,602.72998046875
2015-10-01,SOX,^SOX,595.6199951171875
2015-10-02,SOX,^SOX,608.4600219726562
2015-10-05,SOX,^SOX,619.8499755859375
2015-10-06,SOX,^SOX,621.9500122070312
2015-10-07,SOX,^SOX,631.3200073242188
2015-10-08,SOX,^SOX,634.8099975585938
2015-10-09,SOX,^SOX,629.510009765625
2015-10-12,SOX,^SOX,630.5399780273438
2015-10-13,SOX,^SOX,622.280029296875
2015-10-14,SOX,^SOX,645.7000122070312
2015-10-15,SOX,^SOX,651.8900146484375
2015-10-16,SOX,^SOX,652.6300048828125
2015-10-19,SOX,^SOX,652.8800048828125
2015-10-20,SOX,^SOX,651.8699951171875
2015-10-21,SOX,^SOX,653.239990234375
2015-10-22,SOX,^SOX,675.9500122070312
2015-10-23,SOX,^SOX,683.7100219726562
2015-10-26,SOX,^SOX,670.1900024414062
2015-10-27,SOX,^SOX,665.7100219726562
2015-10-28,SOX,^SOX,677.2100219726562
2015-10-29,SOX,^SOX,656.9400024414062
2015-10-30,SOX,^SOX,662.52001953125
2015-11-02,SOX,^SOX,668.530029296875
2015-11-03,SOX,^SOX,671.6900024414062
2015-11-04,SOX,^SOX,673.47998046875
2015-11-05,SOX,^SOX,659.3599853515625
2015-11-06,SOX,^SOX,676.469970703125
2015-11-09,SOX,^SOX,669.9400024414062
2015-11-10,SOX,^SOX,657.9600219726562
2015-11-11,SOX,^SOX,658.280029296875
2015-11-12,SOX,^SOX,649.77001953125
2015-11-13,SOX,^SOX,643.7100219726562
2015-11-16,SOX,^SOX,652.030029296875
2015-11-17,SOX,^SOX,655.8200073242188
2015-11-18,SOX,^SOX,662.1400146484375
2015-11-19,SOX,^SOX,663.6300048828125
2015-11-20,SOX,^SOX,665.760009765625
2015-11-23,SOX,^SOX,657.1799926757812
2015-11-24,SOX,^SOX,665.6099853515625
2015-11-25,SOX,^SOX,666.0900268554688
2015-11-27,SOX,^SOX,670.510009765625
2015-11-30,SOX,^SOX,677.1400146484375
2015-12-01,SOX,^SOX,686.52001953125
2015-12-02,SOX,^SOX,682.6900024414062
2015-12-03,SOX,^SOX,678.719970703125
2015-12-04,SOX,^SOX,691.489990234375
2015-12-07,SOX,^SOX,684.8599853515625
2015-12-08,SOX,^SOX,679.030029296875
2015-12-09,SOX,^SOX,670.2899780273438
2015-12-10,SOX,^SOX,674.22998046875
2015-12-11,SOX,^SOX,660.780029296875
2015-12-14,SOX,^SOX,656.489990234375
2015-12-15,SOX,^SOX,666.469970703125
2015-12-16,SOX,^SOX,671.7000122070312
2015-12-17,SOX,^SOX,661.7100219726562
2015-12-18,SOX,^SOX,653.719970703125
2015-12-21,SOX,^SOX,666.1300048828125
2015-12-22,SOX,^SOX,667.1099853515625
2015-12-23,SOX,^SOX,671.780029296875
2015-12-24,SOX,^SOX,674.3900146484375
2015-12-28,SOX,^SOX,671.75
2015-12-29,SOX,^SOX,679.780029296875
2015-12-30,SOX,^SOX,673.0800170898438
2015-12-31,SOX,^SOX,663.47998046875
2016-01-04,SOX,^SOX,656.280029296875
2016-01-05,SOX,^SOX,649.469970703125
2016-01-06,SOX,^SOX,631.2000122070312
2016-01-07,SOX,^SOX,610.25
2016-01-08,SOX,^SOX,600.47998046875
2016-01-11,SOX,^SOX,603.5499877929688
2016-01-12,SOX,^SOX,608.5599975585938
2016-01-13,SOX,^SOX,589.47998046875
2016-01-14,SOX,^SOX,601.5700073242188
2016-01-15,SOX,^SOX,574.2899780273438
2016-01-19,SOX,^SOX,575.1799926757812
2016-01-20,SOX,^SOX,578.9400024414062
2016-01-21,SOX,^SOX,587.5599975585938
2016-01-22,SOX,^SOX,598.4199829101562
2016-01-25,SOX,^SOX,589.8099975585938
2016-01-26,SOX,^SOX,595.8599853515625
2016-01-27,SOX,^SOX,588.6799926757812
2016-01-28,SOX,^SOX,586.8499755859375
2016-01-29,SOX,^SOX,613.6799926757812
2016-02-01,SOX,^SOX,616.5999755859375
2016-02-02,SOX,^SOX,595.7000122070312
2016-02-03,SOX,^SOX,597.1099853515625
2016-02-04,SOX,^SOX,607.719970703125
2016-02-05,SOX,^SOX,586.25
2016-02-08,SOX,^SOX,571.4500122070312
2016-02-09,SOX,^SOX,567.989990234375
2016-02-10,SOX,^SOX,563.6500244140625
2016-02-11,SOX,^SOX,559.1799926757812
2016-02-12,SOX,^SOX,571.9000244140625
2016-02-16,SOX,^SOX,591.9299926757812
2016-02-17,SOX,^SOX,606.0499877929688
2016-02-18,SOX,^SOX,602.52001953125
2016-02-19,SOX,^SOX,605.4600219726562
2016-02-22,SOX,^SOX,615.0
2016-02-23,SOX,^SOX,604.8699951171875
2016-02-24,SOX,^SOX,613.3400268554688
2016-02-25,SOX,^SOX,621.0700073242188
2016-02-26,SOX,^SOX,624.6500244140625
2016-02-29,SOX,^SOX,622.1099853515625
2016-03-01,SOX,^SOX,639.9000244140625
2016-03-02,SOX,^SOX,643.3099975585938
2016-03-03,SOX,^SOX,643.8900146484375
2016-03-04,SOX,^SOX,650.6199951171875
2016-03-07,SOX,^SOX,652.6799926757812
2016-03-08,SOX,^SOX,638.010009765625
2016-03-09,SOX,^SOX,643.27001953125
2016-03-10,SOX,^SOX,646.5800170898438
2016-03-11,SOX,^SOX,659.1400146484375
2016-03-14,SOX,^SOX,656.3499755859375
2016-03-15,SOX,^SOX,655.4099731445312
2016-03-16,SOX,^SOX,661.1900024414062
2016-03-17,SOX,^SOX,665.9500122070312
2016-03-18,SOX,^SOX,675.030029296875
2016-03-21,SOX,^SOX,675.9600219726562
2016-03-22,SOX,^SOX,675.2999877929688
2016-03-23,SOX,^SOX,666.4600219726562
2016-03-24,SOX,^SOX,666.1400146484375
2016-03-28,SOX,^SOX,665.2100219726562
2016-03-29,SOX,^SOX,674.1400146484375
2016-03-30,SOX,^SOX,680.7899780273438
2016-03-31,SOX,^SOX,676.8900146484375
2016-04-01,SOX,^SOX,681.5900268554688
2016-04-04,SOX,^SOX,675.3900146484375
2016-04-05,SOX,^SOX,671.3300170898438
2016-04-06,SOX,^SOX,678.2100219726562
2016-04-07,SOX,^SOX,667.4600219726562
2016-04-08,SOX,^SOX,671.3099975585938
2016-04-11,SOX,^SOX,670.5999755859375
2016-04-12,SOX,^SOX,669.739990234375
2016-04-13,SOX,^SOX,685.1500244140625
2016-04-14,SOX,^SOX,679.280029296875
2016-04-15,SOX,^SOX,673.489990234375
2016-04-18,SOX,^SOX,673.9600219726562
2016-04-19,SOX,^SOX,665.6099853515625
2016-04-20,SOX,^SOX,672.1500244140625
2016-04-21,SOX,^SOX,667.6799926757812
2016-04-22,SOX,^SOX,669.030029296875
2016-04-25,SOX,^SOX,665.3200073242188
2016-04-26,SOX,^SOX,674.4199829101562
2016-04-27,SOX,^SOX,681.260009765625
2016-04-28,SOX,^SOX,662.6900024414062
2016-04-29,SOX,^SOX,645.3400268554688
2016-05-02,SOX,^SOX,650.27001953125
2016-05-03,SOX,^SOX,642.6199951171875
2016-05-04,SOX,^SOX,634.9000244140625
2016-05-05,SOX,^SOX,636.8099975585938
2016-05-06,SOX,^SOX,637.5
2016-05-09,SOX,^SOX,636.5399780273438
2016-05-10,SOX,^SOX,644.2999877929688
2016-05-11,SOX,^SOX,642.2899780273438
2016-05-12,SOX,^SOX,630.77001953125
2016-05-13,SOX,^SOX,633.260009765625
2016-05-16,SOX,^SOX,643.3300170898438
2016-05-17,SOX,^SOX,638.8900146484375
2016-05-18,SOX,^SOX,649.3499755859375
2016-05-19,SOX,^SOX,644.739990234375
2016-05-20,SOX,^SOX,665.0800170898438
2016-05-23,SOX,^SOX,669.4600219726562
2016-05-24,SOX,^SOX,685.6400146484375
2016-05-25,SOX,^SOX,689.469970703125
2016-05-26,SOX,^SOX,691.5800170898438
2016-05-27,SOX,^SOX,695.7100219726562
2016-05-31,SOX,^SOX,699.3599853515625
2016-06-01,SOX,^SOX,703.2899780273438
2016-06-02,SOX,^SOX,703.4299926757812
2016-06-03,SOX,^SOX,705.5999755859375
2016-06-06,SOX,^SOX,703.7000122070312
2016-06-07,SOX,^SOX,710.5499877929688
2016-06-08,SOX,^SOX,710.1900024414062
2016-06-09,SOX,^SOX,710.9199829101562
2016-06-10,SOX,^SOX,699.0399780273438
2016-06-13,SOX,^SOX,695.4199829101562
2016-06-14,SOX,^SOX,695.469970703125
2016-06-15,SOX,^SOX,694.8599853515625
2016-06-16,SOX,^SOX,694.780029296875
2016-06-17,SOX,^SOX,689.0900268554688
2016-06-20,SOX,^SOX,697.0800170898438
2016-06-21,SOX,^SOX,699.4000244140625
2016-06-22,SOX,^SOX,698.25
2016-06-23,SOX,^SOX,716.6699829101562
2016-06-24,SOX,^SOX,675.4000244140625
2016-06-27,SOX,^SOX,648.3200073242188
2016-06-28,SOX,^SOX,665.75
2016-06-29,SOX,^SOX,679.3699951171875
2016-06-30,SOX,^SOX,691.6699829101562
2016-07-01,SOX,^SOX,685.010009765625
2016-07-05,SOX,^SOX,672.510009765625
2016-07-06,SOX,^SOX,673.5499877929688
2016-07-07,SOX,^SOX,681.8200073242188
2016-07-08,SOX,^SOX,701.0700073242188
2016-07-11,SOX,^SOX,708.9000244140625
2016-07-12,SOX,^SOX,718.3599853515625
2016-07-13,SOX,^SOX,718.9000244140625
2016-07-14,SOX,^SOX,724.22998046875
2016-07-15,SOX,^SOX,723.6400146484375
2016-07-18,SOX,^SOX,734.5399780273438
2016-07-19,SOX,^SOX,731.780029296875
2016-07-20,SOX,^SOX,743.739990234375
2016-07-21,SOX,^SOX,738.2999877929688
2016-07-22,SOX,^SOX,742.3699951171875
2016-07-25,SOX,^SOX,746.4400024414062
2016-07-26,SOX,^SOX,774.9199829101562
2016-07-27,SOX,^SOX,774.9299926757812
2016-07-28,SOX,^SOX,770.52001953125
2016-07-29,SOX,^SOX,766.780029296875
2016-08-01,SOX,^SOX,768.02001953125
2016-08-02,SOX,^SOX,755.72998046875
2016-08-03,SOX,^SOX,756.530029296875
2016-08-04,SOX,^SOX,763.5700073242188
2016-08-05,SOX,^SOX,773.780029296875
2016-08-08,SOX,^SOX,772.4400024414062
2016-08-09,SOX,^SOX,778.780029296875
2016-08-10,SOX,^SOX,772.8200073242188
2016-08-11,SOX,^SOX,776.260009765625
2016-08-12,SOX,^SOX,779.8400268554688
2016-08-15,SOX,^SOX,790.4400024414062
2016-08-16,SOX,^SOX,784.6099853515625
2016-08-17,SOX,^SOX,784.6099853515625
2016-08-18,SOX,^SOX,790.1599731445312
2016-08-19,SOX,^SOX,797.0599975585938
2016-08-22,SOX,^SOX,797.2899780273438
2016-08-23,SOX,^SOX,801.3099975585938
2016-08-24,SOX,^SOX,794.3400268554688
2016-08-25,SOX,^SOX,797.469970703125
2016-08-26,SOX,^SOX,801.4000244140625
2016-08-29,SOX,^SOX,803.6199951171875
2016-08-30,SOX,^SOX,802.0700073242188
2016-08-31,SOX,^SOX,801.47998046875
2016-09-01,SOX,^SOX,808.3599853515625
2016-09-02,SOX,^SOX,806.9500122070312
2016-09-06,SOX,^SOX,805.0999755859375
2016-09-07,SOX,^SOX,799.2000122070312
2016-09-08,SOX,^SOX,797.5700073242188
2016-09-09,SOX,^SOX,768.3699951171875
2016-09-12,SOX,^SOX,783.9500122070312
2016-09-13,SOX,^SOX,776.72998046875
2016-09-14,SOX,^SOX,783.719970703125
2016-09-15,SOX,^SOX,801.77001953125
2016-09-16,SOX,^SOX,801.5499877929688
2016-09-19,SOX,^SOX,803.0599975585938
2016-09-20,SOX,^SOX,799.1099853515625
2016-09-21,SOX,^SOX,810.6500244140625
2016-09-22,SOX,^SOX,813.510009765625
2016-09-23,SOX,^SOX,804.5900268554688
2016-09-26,SOX,^SOX,796.6400146484375
2016-09-27,SOX,^SOX,810.8400268554688
2016-09-28,SOX,^SOX,812.469970703125
2016-09-29,SOX,^SOX,822.6400146484375
2016-09-30,SOX,^SOX,835.5999755859375
2016-10-03,SOX,^SOX,829.489990234375
2016-10-04,SOX,^SOX,827.3400268554688
2016-10-05,SOX,^SOX,833.7100219726562
2016-10-06,SOX,^SOX,838.5999755859375
2016-10-07,SOX,^SOX,837.02001953125
2016-10-10,SOX,^SOX,832.9099731445312
2016-10-11,SOX,^SOX,815.3099975585938
2016-10-12,SOX,^SOX,812.6199951171875
2016-10-13,SOX,^SOX,803.0499877929688
2016-10-14,SOX,^SOX,809.3900146484375
2016-10-17,SOX,^SOX,805.0
2016-10-18,SOX,^SOX,814.739990234375
2016-10-19,SOX,^SOX,810.9299926757812
2016-10-20,SOX,^SOX,816.719970703125
2016-10-21,SOX,^SOX,814.530029296875
2016-10-24,SOX,^SOX,829.7899780273438
2016-10-25,SOX,^SOX,828.6699829101562
2016-10-26,SOX,^SOX,827.219970703125
2016-10-27,SOX,^SOX,823.739990234375
2016-10-28,SOX,^SOX,818.8800048828125
2016-10-31,SOX,^SOX,823.52001953125
2016-11-01,SOX,^SOX,816.0800170898438
2016-11-02,SOX,^SOX,810.5700073242188
2016-11-03,SOX,^SOX,808.0
2016-11-04,SOX,^SOX,802.8800048828125
2016-11-07,SOX,^SOX,825.8699951171875
2016-11-08,SOX,^SOX,827.6799926757812
2016-11-09,SOX,^SOX,823.5900268554688
2016-11-10,SOX,^SOX,806.0900268554688
2016-11-11,SOX,^SOX,837.239990234375
2016-11-14,SOX,^SOX,832.0800170898438
2016-11-15,SOX,^SOX,847.9000244140625
2016-11-16,SOX,^SOX,857.5499877929688
2016-11-17,SOX,^SOX,866.8400268554688
2016-11-18,SOX,^SOX,872.6300048828125
2016-11-21,SOX,^SOX,879.010009765625
2016-11-22,SOX,^SOX,888.27001953125
2016-11-23,SOX,^SOX,889.3099975585938
2016-11-25,SOX,^SOX,890.969970703125
2016-11-28,SOX,^SOX,887.25
2016-11-29,SOX,^SOX,885.25
2016-11-30,SOX,^SOX,879.469970703125
2016-12-01,SOX,^SOX,836.7899780273438
2016-12-02,SOX,^SOX,847.7000122070312
2016-12-05,SOX,^SOX,858.1300048828125
2016-12-06,SOX,^SOX,870.0
2016-12-07,SOX,^SOX,888.4500122070312
2016-12-08,SOX,^SOX,895.7000122070312
2016-12-09,SOX,^SOX,892.510009765625
2016-12-12,SOX,^SOX,885.4600219726562
2016-12-13,SOX,^SOX,895.5499877929688
2016-12-14,SOX,^SOX,894.280029296875
2016-12-15,SOX,^SOX,909.969970703125
2016-12-16,SOX,^SOX,900.8499755859375
2016-12-19,SOX,^SOX,909.6799926757812
2016-12-20,SOX,^SOX,917.989990234375
2016-12-21,SOX,^SOX,918.3300170898438
2016-12-22,SOX,^SOX,923.0599975585938
2016-12-23,SOX,^SOX,927.9199829101562
2016-12-27,SOX,^SOX,939.2100219726562
2016-12-28,SOX,^SOX,921.0900268554688
2016-12-29,SOX,^SOX,921.2000122070312
2016-12-30,SOX,^SOX,906.469970703125
2017-01-03,SOX,^SOX,907.3400268554688
2017-01-04,SOX,^SOX,909.77001953125
2017-01-05,SOX,^SOX,901.6900024414062
2017-01-06,SOX,^SOX,908.6500244140625
2017-01-09,SOX,^SOX,918.5800170898438
2017-01-10,SOX,^SOX,923.0599975585938
2017-01-11,SOX,^SOX,926.5399780273438
2017-01-12,SOX,^SOX,918.1599731445312
2017-01-13,SOX,^SOX,924.6699829101562
2017-01-17,SOX,^SOX,909.47998046875
2017-01-18,SOX,^SOX,922.3599853515625
2017-01-19,SOX,^SOX,918.030029296875
2017-01-20,SOX,^SOX,930.010009765625
2017-01-23,SOX,^SOX,923.77001953125
2017-01-24,SOX,^SOX,942.4099731445312
2017-01-25,SOX,^SOX,956.0599975585938
2017-01-26,SOX,^SOX,950.3200073242188
2017-01-27,SOX,^SOX,962.260009765625
2017-01-30,SOX,^SOX,956.8400268554688
2017-01-31,SOX,^SOX,944.280029296875
2017-02-01,SOX,^SOX,960.1099853515625
2017-02-02,SOX,^SOX,959.0800170898438
2017-02-03,SOX,^SOX,964.02001953125
2017-02-06,SOX,^SOX,967.3900146484375
2017-02-07,SOX,^SOX,970.5900268554688
2017-02-08,SOX,^SOX,972.1400146484375
2017-02-09,SOX,^SOX,963.8099975585938
2017-02-10,SOX,^SOX,963.0499877929688
2017-02-13,SOX,^SOX,965.7000122070312
2017-02-14,SOX,^SOX,962.6300048828125
2017-02-15,SOX,^SOX,970.5399780273438
2017-02-16,SOX,^SOX,971.239990234375
2017-02-17,SOX,^SOX,976.7999877929688
2017-02-21,SOX,^SOX,990.4400024414062
2017-02-22,SOX,^SOX,990.0700073242188
2017-02-23,SOX,^SOX,973.8699951171875
2017-02-24,SOX,^SOX,973.4400024414062
2017-02-27,SOX,^SOX,982.4000244140625
2017-02-28,SOX,^SOX,969.3800048828125
2017-03-01,SOX,^SOX,985.260009765625
2017-03-02,SOX,^SOX,974.3300170898438
2017-03-03,SOX,^SOX,973.969970703125
2017-03-06,SOX,^SOX,974.1799926757812
2017-03-07,SOX,^SOX,976.8499755859375
2017-03-08,SOX,^SOX,979.0
2017-03-09,SOX,^SOX,980.47998046875
2017-03-10,SOX,^SOX,991.9299926757812
2017-03-13,SOX,^SOX,999.3900146484375
2017-03-14,SOX,^SOX,996.3300170898438
2017-03-15,SOX,^SOX,1004.6500244140625
2017-03-16,SOX,^SOX,1002.8099975585938
2017-03-17,SOX,^SOX,1004.5999755859375
2017-03-20,SOX,^SOX,1012.2899780273438
2017-03-21,SOX,^SOX,988.4199829101562
2017-03-22,SOX,^SOX,999.3400268554688
2017-03-23,SOX,^SOX,996.8499755859375
2017-03-24,SOX,^SOX,1004.3499755859375
2017-03-27,SOX,^SOX,1005.9500122070312
2017-03-28,SOX,^SOX,1008.969970703125
2017-03-29,SOX,^SOX,1006.489990234375
2017-03-30,SOX,^SOX,1011.8099975585938
2017-03-31,SOX,^SOX,1011.4000244140625
2017-04-03,SOX,^SOX,1005.7999877929688
2017-04-04,SOX,^SOX,1000.47998046875
2017-04-05,SOX,^SOX,993.530029296875
2017-04-06,SOX,^SOX,994.6900024414062
2017-04-07,SOX,^SOX,999.3499755859375
2017-04-10,SOX,^SOX,991.6199951171875
2017-04-11,SOX,^SOX,983.3400268554688
2017-04-12,SOX,^SOX,966.5499877929688
2017-04-13,SOX,^SOX,960.010009765625
2017-04-17,SOX,^SOX,972.5599975585938
2017-04-18,SOX,^SOX,976.6699829101562
2017-04-19,SOX,^SOX,982.0499877929688
2017-04-20,SOX,^SOX,997.5499877929688
2017-04-21,SOX,^SOX,992.9400024414062
2017-04-24,SOX,^SOX,1007.7999877929688
2017-04-25,SOX,^SOX,1017.8099975585938
2017-04-26,SOX,^SOX,1009.1599731445312
2017-04-27,SOX,^SOX,1023.2899780273438
2017-04-28,SOX,^SOX,1005.530029296875
2017-05-01,SOX,^SOX,1015.4299926757812
2017-05-02,SOX,^SOX,1004.6199951171875
2017-05-03,SOX,^SOX,1008.0499877929688
2017-05-04,SOX,^SOX,1006.8300170898438
2017-05-05,SOX,^SOX,1011.030029296875
2017-05-08,SOX,^SOX,1007.1599731445312
2017-05-09,SOX,^SOX,1017.5
2017-05-10,SOX,^SOX,1038.9200439453125
2017-05-11,SOX,^SOX,1042.4300537109375
2017-05-12,SOX,^SOX,1045.239990234375
2017-05-15,SOX,^SOX,1061.050048828125
2017-05-16,SOX,^SOX,1076.8499755859375
2017-05-17,SOX,^SOX,1029.8299560546875
2017-05-18,SOX,^SOX,1049.2900390625
2017-05-19,SOX,^SOX,1060.77001953125
2017-05-22,SOX,^SOX,1072.300048828125
2017-05-23,SOX,^SOX,1067.93994140625
2017-05-24,SOX,^SOX,1074.8499755859375
2017-05-25,SOX,^SOX,1080.75
2017-05-26,SOX,^SOX,1084.8499755859375
2017-05-30,SOX,^SOX,1091.449951171875
2017-05-31,SOX,^SOX,1091.4200439453125
2017-06-01,SOX,^SOX,1092.550048828125
2017-06-02,SOX,^SOX,1103.4000244140625
2017-06-05,SOX,^SOX,1106.219970703125
2017-06-06,SOX,^SOX,1110.0799560546875
2017-06-07,SOX,^SOX,1118.300048828125
2017-06-08,SOX,^SOX,1138.25
2017-06-09,SOX,^SOX,1090.050048828125
2017-06-12,SOX,^SOX,1084.43994140625
2017-06-13,SOX,^SOX,1091.3499755859375
2017-06-14,SOX,^SOX,1079.8199462890625
2017-06-15,SOX,^SOX,1070.760009765625
2017-06-16,SOX,^SOX,1067.22998046875
2017-06-19,SOX,^SOX,1087.9200439453125
2017-06-20,SOX,^SOX,1074.8800048828125
2017-06-21,SOX,^SOX,1087.4200439453125
2017-06-22,SOX,^SOX,1084.9599609375
2017-06-23,SOX,^SOX,1088.47998046875
2017-06-26,SOX,^SOX,1077.9200439453125
2017-06-27,SOX,^SOX,1048.6600341796875
2017-06-28,SOX,^SOX,1067.1800537109375
2017-06-29,SOX,^SOX,1040.4200439453125
2017-06-30,SOX,^SOX,1034.9100341796875
2017-07-03,SOX,^SOX,1020.510009765625
2017-07-05,SOX,^SOX,1041.780029296875
2017-07-06,SOX,^SOX,1037.050048828125
2017-07-07,SOX,^SOX,1054.9000244140625
2017-07-10,SOX,^SOX,1067.0999755859375
2017-07-11,SOX,^SOX,1075.4200439453125
2017-07-12,SOX,^SOX,1092.8599853515625
2017-07-13,SOX,^SOX,1090.1300048828125
2017-07-14,SOX,^SOX,1104.3199462890625
2017-07-17,SOX,^SOX,1099.550048828125
2017-07-18,SOX,^SOX,1103.3499755859375
2017-07-19,SOX,^SOX,1113.1800537109375
2017-07-20,SOX,^SOX,1116.6199951171875
2017-07-21,SOX,^SOX,1107.5400390625
2017-07-24,SOX,^SOX,1103.010009765625
2017-07-25,SOX,^SOX,1102.5899658203125
2017-07-26,SOX,^SOX,1115.3499755859375
2017-07-27,SOX,^SOX,1097.27001953125
2017-07-28,SOX,^SOX,1092.989990234375
2017-07-31,SOX,^SOX,1085.1500244140625
2017-08-01,SOX,^SOX,1091.1300048828125
2017-08-02,SOX,^SOX,1083.9599609375
2017-08-03,SOX,^SOX,1078.800048828125
2017-08-04,SOX,^SOX,1079.449951171875
2017-08-07,SOX,^SOX,1098.25
2017-08-08,SOX,^SOX,1093.77001953125
2017-08-09,SOX,^SOX,1090.489990234375
2017-08-10,SOX,^SOX,1060.02001953125
2017-08-11,SOX,^SOX,1066.219970703125
2017-08-14,SOX,^SOX,1093.739990234375
2017-08-15,SOX,^SOX,1096.4300537109375
2017-08-16,SOX,^SOX,1098.0699462890625
2017-08-17,SOX,^SOX,1069.699951171875
2017-08-18,SOX,^SOX,1071.8900146484375
2017-08-21,SOX,^SOX,1064.52001953125
2017-08-22,SOX,^SOX,1081.6400146484375
2017-08-23,SOX,^SOX,1086.4100341796875
2017-08-24,SOX,^SOX,1085.9300537109375
2017-08-25,SOX,^SOX,1080.5
2017-08-28,SOX,^SOX,1082.6199951171875
2017-08-29,SOX,^SOX,1084.8599853515625
2017-08-30,SOX,^SOX,1103.68994140625
2017-08-31,SOX,^SOX,1114.31005859375
2017-09-01,SOX,^SOX,1119.3399658203125
2017-09-05,SOX,^SOX,1103.6300048828125
2017-09-06,SOX,^SOX,1105.760009765625
2017-09-07,SOX,^SOX,1107.3399658203125
2017-09-08,SOX,^SOX,1093.489990234375
2017-09-11,SOX,^SOX,1115.4599609375
2017-09-12,SOX,^SOX,1120.199951171875
2017-09-13,SOX,^SOX,1122.0400390625
2017-09-14,SOX,^SOX,1127.4200439453125
2017-09-15,SOX,^SOX,1146.6800537109375
2017-09-18,SOX,^SOX,1160.9000244140625
2017-09-19,SOX,^SOX,1164.97998046875
2017-09-20,SOX,^SOX,1148.5999755859375
2017-09-21,SOX,^SOX,1143.8699951171875
2017-09-22,SOX,^SOX,1149.5899658203125
2017-09-25,SOX,^SOX,1126.93994140625
2017-09-26,SOX,^SOX,1126.4000244140625
2017-09-27,SOX,^SOX,1153.0
2017-09-28,SOX,^SOX,1161.68994140625
2017-09-29,SOX,^SOX,1171.739990234375
2017-10-02,SOX,^SOX,1178.75
2017-10-03,SOX,^SOX,1182.4300537109375
2017-10-04,SOX,^SOX,1185.239990234375
2017-10-05,SOX,^SOX,1186.0699462890625
2017-10-06,SOX,^SOX,1191.449951171875
2017-10-09,SOX,^SOX,1199.8599853515625
2017-10-10,SOX,^SOX,1207.199951171875
2017-10-11,SOX,^SOX,1215.18994140625
2017-10-12,SOX,^SOX,1211.0999755859375
2017-10-13,SOX,^SOX,1219.2099609375
2017-10-16,SOX,^SOX,1224.989990234375
2017-10-17,SOX,^SOX,1224.1199951171875
2017-10-18,SOX,^SOX,1228.1600341796875
2017-10-19,SOX,^SOX,1225.050048828125
2017-10-20,SOX,^SOX,1231.3399658203125
2017-10-23,SOX,^SOX,1237.1400146484375
2017-10-24,SOX,^SOX,1245.3800048828125
2017-10-25,SOX,^SOX,1229.27001953125
2017-10-26,SOX,^SOX,1237.030029296875
2017-10-27,SOX,^SOX,1263.550048828125
2017-10-30,SOX,^SOX,1265.9100341796875
2017-10-31,SOX,^SOX,1275.6099853515625
2017-11-01,SOX,^SOX,1271.510009765625
2017-11-02,SOX,^SOX,1277.3399658203125
2017-11-03,SOX,^SOX,1299.969970703125
2017-11-06,SOX,^SOX,1317.3399658203125
2017-11-07,SOX,^SOX,1316.550048828125
2017-11-08,SOX,^SOX,1321.1300048828125
2017-11-09,SOX,^SOX,1294.6600341796875
2017-11-10,SOX,^SOX,1303.06005859375
2017-11-13,SOX,^SOX,1306.5799560546875
2017-11-14,SOX,^SOX,1305.0
2017-11-15,SOX,^SOX,1293.199951171875
2017-11-16,SOX,^SOX,1313.1099853515625
2017-11-17,SOX,^SOX,1306.9300537109375
2017-11-20,SOX,^SOX,1322.81005859375
2017-11-21,SOX,^SOX,1337.9200439453125
2017-11-22,SOX,^SOX,1329.0999755859375
2017-11-24,SOX,^SOX,1341.68994140625
2017-11-27,SOX,^SOX,1324.1500244140625
2017-11-28,SOX,^SOX,1323.0799560546875
2017-11-29,SOX,^SOX,1265.010009765625
2017-11-30,SOX,^SOX,1272.550048828125
2017-12-01,SOX,^SOX,1258.6500244140625
2017-12-04,SOX,^SOX,1227.8499755859375
2017-12-05,SOX,^SOX,1228.510009765625
2017-12-06,SOX,^SOX,1232.260009765625
2017-12-07,SOX,^SOX,1244.52001953125
2017-12-08,SOX,^SOX,1238.239990234375
2017-12-11,SOX,^SOX,1245.5799560546875
2017-12-12,SOX,^SOX,1233.1800537109375
2017-12-13,SOX,^SOX,1233.0400390625
2017-12-14,SOX,^SOX,1232.4300537109375
2017-12-15,SOX,^SOX,1250.8900146484375
2017-12-18,SOX,^SOX,1277.9100341796875
2017-12-19,SOX,^SOX,1276.52001953125
2017-12-20,SOX,^SOX,1285.43994140625
2017-12-21,SOX,^SOX,1271.81005859375
2017-12-22,SOX,^SOX,1271.1700439453125
2017-12-26,SOX,^SOX,1258.8800048828125
2017-12-27,SOX,^SOX,1263.3599853515625
2017-12-28,SOX,^SOX,1266.300048828125
2017-12-29,SOX,^SOX,1253.050048828125
2018-01-02,SOX,^SOX,1287.699951171875
2018-01-03,SOX,^SOX,1309.8599853515625
2018-01-04,SOX,^SOX,1317.239990234375
2018-01-05,SOX,^SOX,1325.7099609375
2018-01-08,SOX,^SOX,1335.5400390625
2018-01-09,SOX,^SOX,1322.5699462890625
2018-01-10,SOX,^SOX,1306.219970703125
2018-01-11,SOX,^SOX,1314.3399658203125
2018-01-12,SOX,^SOX,1322.0999755859375
2018-01-16,SOX,^SOX,1325.969970703125
2018-01-17,SOX,^SOX,1364.2900390625
2018-01-18,SOX,^SOX,1370.56005859375
2018-01-19,SOX,^SOX,1372.030029296875
2018-01-22,SOX,^SOX,1382.4100341796875
2018-01-23,SOX,^SOX,1392.8599853515625
2018-01-24,SOX,^SOX,1360.6800537109375
2018-01-25,SOX,^SOX,1337.6199951171875
2018-01-26,SOX,^SOX,1381.27001953125
2018-01-29,SOX,^SOX,1378.4200439453125
2018-01-30,SOX,^SOX,1350.43994140625
2018-01-31,SOX,^SOX,1361.5
2018-02-01,SOX,^SOX,1355.0699462890625
2018-02-02,SOX,^SOX,1317.97998046875
2018-02-05,SOX,^SOX,1255.81005859375
2018-02-06,SOX,^SOX,1301.6600341796875
2018-02-07,SOX,^SOX,1272.5
2018-02-08,SOX,^SOX,1218.6600341796875
2018-02-09,SOX,^SOX,1255.81005859375
2018-02-12,SOX,^SOX,1279.1400146484375
2018-02-13,SOX,^SOX,1278.510009765625
2018-02-14,SOX,^SOX,1307.050048828125
2018-02-15,SOX,^SOX,1322.949951171875
2018-02-16,SOX,^SOX,1318.3199462890625
2018-02-20,SOX,^SOX,1341.530029296875
2018-02-21,SOX,^SOX,1325.3499755859375
2018-02-22,SOX,^SOX,1322.0899658203125
2018-02-23,SOX,^SOX,1351.0899658203125
2018-02-26,SOX,^SOX,1380.27001953125
2018-02-27,SOX,^SOX,1374.719970703125
2018-02-28,SOX,^SOX,1362.02001953125
2018-03-01,SOX,^SOX,1340.1400146484375
2018-03-02,SOX,^SOX,1363.780029296875
2018-03-05,SOX,^SOX,1375.8599853515625
2018-03-06,SOX,^SOX,1396.469970703125
2018-03-07,SOX,^SOX,1400.469970703125
2018-03-08,SOX,^SOX,1402.050048828125
2018-03-09,SOX,^SOX,1431.1600341796875
2018-03-12,SOX,^SOX,1445.9000244140625
2018-03-13,SOX,^SOX,1423.4599609375
2018-03-14,SOX,^SOX,1423.5
2018-03-15,SOX,^SOX,1422.0699462890625
2018-03-16,SOX,^SOX,1422.5400390625
2018-03-19,SOX,^SOX,1394.8199462890625
2018-03-20,SOX,^SOX,1405.5
2018-03-21,SOX,^SOX,1407.97998046875
2018-03-22,SOX,^SOX,1368.97998046875
2018-03-23,SOX,^SOX,1323.9200439453125
2018-03-26,SOX,^SOX,1380.0999755859375
2018-03-27,SOX,^SOX,1327.93994140625
2018-03-28,SOX,^SOX,1299.8199462890625
2018-03-29,SOX,^SOX,1328.9000244140625
2018-04-02,SOX,^SOX,1277.010009765625
2018-04-03,SOX,^SOX,1302.0899658203125
2018-04-04,SOX,^SOX,1319.010009765625
2018-04-05,SOX,^SOX,1305.239990234375
2018-04-06,SOX,^SOX,1265.25
2018-04-09,SOX,^SOX,1273.800048828125
2018-04-10,SOX,^SOX,1314.5400390625
2018-04-11,SOX,^SOX,1315.06005859375
2018-04-12,SOX,^SOX,1339.6600341796875
2018-04-13,SOX,^SOX,1329.4000244140625
2018-04-16,SOX,^SOX,1332.52001953125
2018-04-17,SOX,^SOX,1357.719970703125
2018-04-18,SOX,^SOX,1343.780029296875
2018-04-19,SOX,^SOX,1285.8800048828125
2018-04-20,SOX,^SOX,1270.8299560546875
2018-04-23,SOX,^SOX,1253.97998046875
2018-04-24,SOX,^SOX,1243.6700439453125
2018-04-25,SOX,^SOX,1242.18994140625
2018-04-26,SOX,^SOX,1268.2099609375
2018-04-27,SOX,^SOX,1258.1099853515625
2018-04-30,SOX,^SOX,1244.4000244140625
2018-05-01,SOX,^SOX,1265.93994140625
2018-05-02,SOX,^SOX,1259.4200439453125
2018-05-03,SOX,^SOX,1267.43994140625
2018-05-04,SOX,^SOX,1296.72998046875
2018-05-07,SOX,^SOX,1308.47998046875
2018-05-08,SOX,^SOX,1318.02001953125
2018-05-09,SOX,^SOX,1336.6800537109375
2018-05-10,SOX,^SOX,1360.719970703125
2018-05-11,SOX,^SOX,1350.4599609375
2018-05-14,SOX,^SOX,1367.5
2018-05-15,SOX,^SOX,1351.0999755859375
2018-05-16,SOX,^SOX,1370.0999755859375
2018-05-17,SOX,^SOX,1364.8699951171875
2018-05-18,SOX,^SOX,1345.199951171875
2018-05-21,SOX,^SOX,1359.3399658203125
2018-05-22,SOX,^SOX,1366.969970703125
2018-05-23,SOX,^SOX,1373.949951171875
2018-05-24,SOX,^SOX,1378.719970703125
2018-05-25,SOX,^SOX,1390.8399658203125
2018-05-29,SOX,^SOX,1380.9200439453125
2018-05-30,SOX,^SOX,1389.9100341796875
2018-05-31,SOX,^SOX,1379.0
2018-06-01,SOX,^SOX,1411.31005859375
2018-06-04,SOX,^SOX,1422.6700439453125
2018-06-05,SOX,^SOX,1428.510009765625
2018-06-06,SOX,^SOX,1437.93994140625
2018-06-07,SOX,^SOX,1424.3399658203125
2018-06-08,SOX,^SOX,1412.2900390625
2018-06-11,SOX,^SOX,1408.989990234375
2018-06-12,SOX,^SOX,1416.3699951171875
2018-06-13,SOX,^SOX,1414.47998046875
2018-06-14,SOX,^SOX,1423.1199951171875
2018-06-15,SOX,^SOX,1422.0400390625
2018-06-18,SOX,^SOX,1407.9100341796875
2018-06-19,SOX,^SOX,1391.5799560546875
2018-06-20,SOX,^SOX,1398.5999755859375
2018-06-21,SOX,^SOX,1381.010009765625
2018-06-22,SOX,^SOX,1371.0
2018-06-25,SOX,^SOX,1328.0400390625
2018-06-26,SOX,^SOX,1333.4000244140625
2018-06-27,SOX,^SOX,1300.510009765625
2018-06-28,SOX,^SOX,1311.6400146484375
2018-06-29,SOX,^SOX,1313.699951171875
2018-07-02,SOX,^SOX,1321.81005859375
2018-07-03,SOX,^SOX,1297.7099609375
2018-07-05,SOX,^SOX,1332.9599609375
2018-07-06,SOX,^SOX,1349.18994140625
2018-07-09,SOX,^SOX,1358.030029296875
2018-07-10,SOX,^SOX,1372.25
2018-07-11,SOX,^SOX,1336.7099609375
2018-07-12,SOX,^SOX,1346.199951171875
2018-07-13,SOX,^SOX,1340.8299560546875
2018-07-16,SOX,^SOX,1339.239990234375
2018-07-17,SOX,^SOX,1358.989990234375
2018-07-18,SOX,^SOX,1369.4599609375
2018-07-19,SOX,^SOX,1365.8199462890625
2018-07-20,SOX,^SOX,1359.18994140625
2018-07-23,SOX,^SOX,1361.3800048828125
2018-07-24,SOX,^SOX,1346.5799560546875
2018-07-25,SOX,^SOX,1353.1500244140625
2018-07-26,SOX,^SOX,1378.4200439453125
2018-07-27,SOX,^SOX,1372.239990234375
2018-07-30,SOX,^SOX,1358.56005859375
2018-07-31,SOX,^SOX,1367.469970703125
2018-08-01,SOX,^SOX,1365.1099853515625
2018-08-02,SOX,^SOX,1378.8299560546875
2018-08-03,SOX,^SOX,1381.6400146484375
2018-08-06,SOX,^SOX,1389.219970703125
2018-08-07,SOX,^SOX,1400.0
2018-08-08,SOX,^SOX,1403.77001953125
2018-08-09,SOX,^SOX,1389.06005859375
2018-08-10,SOX,^SOX,1354.800048828125
2018-08-13,SOX,^SOX,1356.75
2018-08-14,SOX,^SOX,1354.18994140625
2018-08-15,SOX,^SOX,1334.8599853515625
2018-08-16,SOX,^SOX,1333.0899658203125
2018-08-17,SOX,^SOX,1323.4100341796875
2018-08-20,SOX,^SOX,1322.0999755859375
2018-08-21,SOX,^SOX,1348.280029296875
2018-08-22,SOX,^SOX,1354.530029296875
2018-08-23,SOX,^SOX,1356.1300048828125
2018-08-24,SOX,^SOX,1375.8800048828125
2018-08-27,SOX,^SOX,1397.4599609375
2018-08-28,SOX,^SOX,1402.949951171875
2018-08-29,SOX,^SOX,1406.3800048828125
2018-08-30,SOX,^SOX,1393.1700439453125
2018-08-31,SOX,^SOX,1401.199951171875
2018-09-04,SOX,^SOX,1410.9300537109375
2018-09-05,SOX,^SOX,1403.8199462890625
2018-09-06,SOX,^SOX,1366.3499755859375
2018-09-07,SOX,^SOX,1360.77001953125
2018-09-10,SOX,^SOX,1375.739990234375
2018-09-11,SOX,^SOX,1361.8900146484375
2018-09-12,SOX,^SOX,1346.02001953125
2018-09-13,SOX,^SOX,1362.199951171875
2018-09-14,SOX,^SOX,1377.31005859375
2018-09-17,SOX,^SOX,1357.47998046875
2018-09-18,SOX,^SOX,1368.8699951171875
2018-09-19,SOX,^SOX,1371.6800537109375
2018-09-20,SOX,^SOX,1387.6700439453125
2018-09-21,SOX,^SOX,1383.0899658203125
2018-09-24,SOX,^SOX,1388.4599609375
2018-09-25,SOX,^SOX,1364.8199462890625
2018-09-26,SOX,^SOX,1351.8499755859375
2018-09-27,SOX,^SOX,1357.8699951171875
2018-09-28,SOX,^SOX,1366.739990234375
2018-10-01,SOX,^SOX,1370.43994140625
2018-10-02,SOX,^SOX,1370.8699951171875
2018-10-03,SOX,^SOX,1372.4000244140625
2018-10-04,SOX,^SOX,1347.1600341796875
2018-10-05,SOX,^SOX,1315.8399658203125
2018-10-08,SOX,^SOX,1301.0
2018-10-09,SOX,^SOX,1300.1500244140625
2018-10-10,SOX,^SOX,1242.0999755859375
2018-10-11,SOX,^SOX,1229.3599853515625
2018-10-12,SOX,^SOX,1253.5799560546875
2018-10-15,SOX,^SOX,1241.8199462890625
2018-10-16,SOX,^SOX,1282.949951171875
2018-10-17,SOX,^SOX,1277.31005859375
2018-10-18,SOX,^SOX,1245.300048828125
2018-10-19,SOX,^SOX,1225.93994140625
2018-10-22,SOX,^SOX,1234.199951171875
2018-10-23,SOX,^SOX,1227.6099853515625
2018-10-24,SOX,^SOX,1146.4100341796875
2018-10-25,SOX,^SOX,1173.2099609375
2018-10-26,SOX,^SOX,1153.0
2018-10-29,SOX,^SOX,1140.1500244140625
2018-10-30,SOX,^SOX,1187.5699462890625
2018-10-31,SOX,^SOX,1202.300048828125
2018-11-01,SOX,^SOX,1258.0799560546875
2018-11-02,SOX,^SOX,1239.1600341796875
2018-11-05,SOX,^SOX,1228.5999755859375
2018-11-06,SOX,^SOX,1242.6300048828125
2018-11-07,SOX,^SOX,1257.469970703125
2018-11-08,SOX,^SOX,1252.22998046875
2018-11-09,SOX,^SOX,1229.050048828125
2018-11-12,SOX,^SOX,1174.489990234375
2018-11-13,SOX,^SOX,1190.3699951171875
2018-11-14,SOX,^SOX,1194.7099609375
2018-11-15,SOX,^SOX,1234.6199951171875
2018-11-16,SOX,^SOX,1220.1400146484375
2018-11-19,SOX,^SOX,1173.010009765625
2018-11-20,SOX,^SOX,1174.8199462890625
2018-11-21,SOX,^SOX,1179.72998046875
2018-11-23,SOX,^SOX,1179.239990234375
2018-11-26,SOX,^SOX,1201.719970703125
2018-11-27,SOX,^SOX,1204.0799560546875
2018-11-28,SOX,^SOX,1231.449951171875
2018-11-29,SOX,^SOX,1221.4300537109375
2018-11-30,SOX,^SOX,1239.5999755859375
2018-12-03,SOX,^SOX,1272.739990234375
2018-12-04,SOX,^SOX,1209.3499755859375
2018-12-06,SOX,^SOX,1202.8299560546875
2018-12-07,SOX,^SOX,1157.8599853515625
2018-12-10,SOX,^SOX,1174.18994140625
2018-12-11,SOX,^SOX,1181.47998046875
2018-12-12,SOX,^SOX,1198.9000244140625
2018-12-13,SOX,^SOX,1194.5899658203125
2018-12-14,SOX,^SOX,1177.5699462890625
2018-12-17,SOX,^SOX,1162.4599609375
2018-12-18,SOX,^SOX,1177.3599853515625
2018-12-19,SOX,^SOX,1127.43994140625
2018-12-20,SOX,^SOX,1117.739990234375
2018-12-21,SOX,^SOX,1101.2900390625
2018-12-24,SOX,^SOX,1069.3900146484375
2018-12-26,SOX,^SOX,1131.0999755859375
2018-12-27,SOX,^SOX,1139.489990234375
2018-12-28,SOX,^SOX,1147.3699951171875
2018-12-31,SOX,^SOX,1155.1700439453125
2019-01-02,SOX,^SOX,1165.300048828125
2019-01-03,SOX,^SOX,1096.030029296875
2019-01-04,SOX,^SOX,1143.9599609375
2019-01-07,SOX,^SOX,1166.239990234375
2019-01-08,SOX,^SOX,1160.550048828125
2019-01-09,SOX,^SOX,1189.8399658203125
2019-01-10,SOX,^SOX,1201.4000244140625
2019-01-11,SOX,^SOX,1213.0400390625
2019-01-14,SOX,^SOX,1194.280029296875
2019-01-15,SOX,^SOX,1197.030029296875
2019-01-16,SOX,^SOX,1187.18994140625
2019-01-17,SOX,^SOX,1200.760009765625
2019-01-18,SOX,^SOX,1228.3299560546875
2019-01-22,SOX,^SOX,1193.3599853515625
2019-01-23,SOX,^SOX,1185.949951171875
2019-01-24,SOX,^SOX,1253.9100341796875
2019-01-25,SOX,^SOX,1281.1600341796875
2019-01-28,SOX,^SOX,1254.4000244140625
2019-01-29,SOX,^SOX,1236.25
2019-01-30,SOX,^SOX,1271.760009765625
2019-01-31,SOX,^SOX,1272.0899658203125
2019-02-01,SOX,^SOX,1287.4000244140625
2019-02-04,SOX,^SOX,1293.8800048828125
2019-02-05,SOX,^SOX,1300.1300048828125
2019-02-06,SOX,^SOX,1333.760009765625
2019-02-07,SOX,^SOX,1303.9200439453125
2019-02-08,SOX,^SOX,1302.4200439453125
2019-02-11,SOX,^SOX,1308.8800048828125
2019-02-12,SOX,^SOX,1336.719970703125
2019-02-13,SOX,^SOX,1340.7099609375
2019-02-14,SOX,^SOX,1344.1099853515625
2019-02-15,SOX,^SOX,1351.1800537109375
2019-02-19,SOX,^SOX,1348.489990234375
2019-02-20,SOX,^SOX,1360.280029296875
2019-02-21,SOX,^SOX,1350.25
2019-02-22,SOX,^SOX,1364.780029296875
2019-02-25,SOX,^SOX,1375.949951171875
2019-02-26,SOX,^SOX,1366.5799560546875
2019-02-27,SOX,^SOX,1349.8699951171875
2019-02-28,SOX,^SOX,1350.199951171875
2019-03-01,SOX,^SOX,1363.1300048828125
2019-03-04,SOX,^SOX,1363.25
2019-03-05,SOX,^SOX,1356.9000244140625
2019-03-06,SOX,^SOX,1333.8199462890625
2019-03-07,SOX,^SOX,1319.0899658203125
2019-03-08,SOX,^SOX,1318.2099609375
2019-03-11,SOX,^SOX,1349.8800048828125
2019-03-12,SOX,^SOX,1355.1199951171875
2019-03-13,SOX,^SOX,1360.77001953125
2019-03-14,SOX,^SOX,1353.06005859375
2019-03-15,SOX,^SOX,1392.3599853515625
2019-03-18,SOX,^SOX,1388.77001953125
2019-03-19,SOX,^SOX,1407.3499755859375
2019-03-20,SOX,^SOX,1393.010009765625
2019-03-21,SOX,^SOX,1441.8299560546875
2019-03-22,SOX,^SOX,1400.3699951171875
2019-03-25,SOX,^SOX,1382.75
2019-03-26,SOX,^SOX,1396.75
2019-03-27,SOX,^SOX,1376.47998046875
2019-03-28,SOX,^SOX,1373.800048828125
2019-03-29,SOX,^SOX,1395.510009765625
2019-04-01,SOX,^SOX,1430.239990234375
2019-04-02,SOX,^SOX,1431.6300048828125
2019-04-03,SOX,^SOX,1464.18994140625
2019-04-04,SOX,^SOX,1465.8900146484375
2019-04-05,SOX,^SOX,1477.6500244140625
2019-04-08,SOX,^SOX,1481.3800048828125
2019-04-09,SOX,^SOX,1464.52001953125
2019-04-10,SOX,^SOX,1477.1600341796875
2019-04-11,SOX,^SOX,1476.0699462890625
2019-04-12,SOX,^SOX,1497.1199951171875
2019-04-15,SOX,^SOX,1485.8199462890625
2019-04-16,SOX,^SOX,1533.219970703125
2019-04-17,SOX,^SOX,1557.0799560546875
2019-04-18,SOX,^SOX,1558.1300048828125
2019-04-22,SOX,^SOX,1558.2900390625
2019-04-23,SOX,^SOX,1574.050048828125
2019-04-24,SOX,^SOX,1589.02001953125
2019-04-25,SOX,^SOX,1560.3199462890625
2019-04-26,SOX,^SOX,1547.4000244140625
2019-04-29,SOX,^SOX,1544.43994140625
2019-04-30,SOX,^SOX,1556.1800537109375
2019-05-01,SOX,^SOX,1543.47998046875
2019-05-02,SOX,^SOX,1560.6099853515625
2019-05-03,SOX,^SOX,1570.699951171875
2019-05-06,SOX,^SOX,1543.72998046875
2019-05-07,SOX,^SOX,1506.3199462890625
2019-05-08,SOX,^SOX,1494.47998046875
2019-05-09,SOX,^SOX,1476.800048828125
2019-05-10,SOX,^SOX,1478.8699951171875
2019-05-13,SOX,^SOX,1408.949951171875
2019-05-14,SOX,^SOX,1442.8299560546875
2019-05-15,SOX,^SOX,1454.5
2019-05-16,SOX,^SOX,1430.1099853515625
2019-05-17,SOX,^SOX,1402.010009765625
2019-05-20,SOX,^SOX,1345.5799560546875
2019-05-21,SOX,^SOX,1374.2099609375
2019-05-22,SOX,^SOX,1345.0400390625
2019-05-23,SOX,^SOX,1322.8399658203125
2019-05-24,SOX,^SOX,1311.969970703125
2019-05-28,SOX,^SOX,1300.300048828125
2019-05-29,SOX,^SOX,1305.5699462890625
2019-05-30,SOX,^SOX,1315.2900390625
2019-05-31,SOX,^SOX,1296.1800537109375
2019-06-03,SOX,^SOX,1300.52001953125
2019-06-04,SOX,^SOX,1355.260009765625
2019-06-05,SOX,^SOX,1345.0999755859375
2019-06-06,SOX,^SOX,1363.1300048828125
2019-06-07,SOX,^SOX,1378.81005859375
2019-06-10,SOX,^SOX,1413.8900146484375
2019-06-11,SOX,^SOX,1418.02001953125
2019-06-12,SOX,^SOX,1384.949951171875
2019-06-13,SOX,^SOX,1392.93994140625
2019-06-14,SOX,^SOX,1356.550048828125
2019-06-17,SOX,^SOX,1347.8599853515625
2019-06-18,SOX,^SOX,1406.1600341796875
2019-06-19,SOX,^SOX,1407.300048828125
2019-06-20,SOX,^SOX,1421.030029296875
2019-06-21,SOX,^SOX,1410.5
2019-06-24,SOX,^SOX,1412.0799560546875
2019-06-25,SOX,^SOX,1391.1199951171875
2019-06-26,SOX,^SOX,1435.8299560546875
2019-06-27,SOX,^SOX,1456.9000244140625
2019-06-28,SOX,^SOX,1458.9599609375
2019-07-01,SOX,^SOX,1497.550048828125
2019-07-02,SOX,^SOX,1476.8299560546875
2019-07-03,SOX,^SOX,1470.489990234375
2019-07-05,SOX,^SOX,1461.699951171875
2019-07-08,SOX,^SOX,1450.4100341796875
2019-07-09,SOX,^SOX,1461.2099609375
2019-07-10,SOX,^SOX,1471.510009765625
2019-07-11,SOX,^SOX,1476.280029296875
2019-07-12,SOX,^SOX,1504.280029296875
2019-07-15,SOX,^SOX,1515.9200439453125
2019-07-16,SOX,^SOX,1499.6400146484375
2019-07-17,SOX,^SOX,1503.8699951171875
2019-07-18,SOX,^SOX,1526.969970703125
2019-07-19,SOX,^SOX,1523.9100341796875
2019-07-22,SOX,^SOX,1554.0899658203125
2019-07-23,SOX,^SOX,1573.27001953125
2019-07-24,SOX,^SOX,1622.02001953125
2019-07-25,SOX,^SOX,1594.1199951171875
2019-07-26,SOX,^SOX,1593.8599853515625
2019-07-29,SOX,^SOX,1598.02001953125
2019-07-30,SOX,^SOX,1593.8199462890625
2019-07-31,SOX,^SOX,1542.43994140625
2019-08-01,SOX,^SOX,1511.97998046875
2019-08-02,SOX,^SOX,1488.4300537109375
2019-08-05,SOX,^SOX,1423.52001953125
2019-08-06,SOX,^SOX,1441.77001953125
2019-08-07,SOX,^SOX,1452.1199951171875
2019-08-08,SOX,^SOX,1491.260009765625
2019-08-09,SOX,^SOX,1464.3399658203125
2019-08-12,SOX,^SOX,1446.97998046875
2019-08-13,SOX,^SOX,1489.6600341796875
2019-08-14,SOX,^SOX,1442.5400390625
2019-08-15,SOX,^SOX,1439.2900390625
2019-08-16,SOX,^SOX,1479.25
2019-08-19,SOX,^SOX,1506.989990234375
2019-08-20,SOX,^SOX,1498.9000244140625
2019-08-21,SOX,^SOX,1512.719970703125
2019-08-22,SOX,^SOX,1512.25
2019-08-23,SOX,^SOX,1446.3800048828125
2019-08-26,SOX,^SOX,1458.8800048828125
2019-08-27,SOX,^SOX,1454.1199951171875
2019-08-28,SOX,^SOX,1462.8499755859375
2019-08-29,SOX,^SOX,1495.8199462890625
2019-08-30,SOX,^SOX,1504.9200439453125
2019-09-03,SOX,^SOX,1478.3199462890625
2019-09-04,SOX,^SOX,1519.550048828125
2019-09-05,SOX,^SOX,1566.2099609375
2019-09-06,SOX,^SOX,1568.3399658203125
2019-09-09,SOX,^SOX,1576.3900146484375
2019-09-10,SOX,^SOX,1583.1500244140625
2019-09-11,SOX,^SOX,1606.18994140625
2019-09-12,SOX,^SOX,1610.7900390625
2019-09-13,SOX,^SOX,1605.6500244140625
2019-09-16,SOX,^SOX,1594.489990234375
2019-09-17,SOX,^SOX,1599.739990234375
2019-09-18,SOX,^SOX,1600.949951171875
2019-09-19,SOX,^SOX,1592.0699462890625
2019-09-20,SOX,^SOX,1563.0
2019-09-23,SOX,^SOX,1578.0899658203125
2019-09-24,SOX,^SOX,1551.989990234375
2019-09-25,SOX,^SOX,1579.56005859375
2019-09-26,SOX,^SOX,1580.0999755859375
2019-09-27,SOX,^SOX,1542.8699951171875
2019-09-30,SOX,^SOX,1558.75
2019-10-01,SOX,^SOX,1544.199951171875
2019-10-02,SOX,^SOX,1519.77001953125
2019-10-03,SOX,^SOX,1545.760009765625
2019-10-04,SOX,^SOX,1574.3900146484375
2019-10-07,SOX,^SOX,1563.1700439453125
2019-10-08,SOX,^SOX,1514.449951171875
2019-10-09,SOX,^SOX,1540.8499755859375
2019-10-10,SOX,^SOX,1555.7900390625
2019-10-11,SOX,^SOX,1591.1300048828125
2019-10-14,SOX,^SOX,1590.4000244140625
2019-10-15,SOX,^SOX,1625.68994140625
2019-10-16,SOX,^SOX,1601.7900390625
2019-10-17,SOX,^SOX,1607.1600341796875
2019-10-18,SOX,^SOX,1590.0899658203125
2019-10-21,SOX,^SOX,1620.0400390625
2019-10-22,SOX,^SOX,1607.5999755859375
2019-10-23,SOX,^SOX,1576.5799560546875
2019-10-24,SOX,^SOX,1615.510009765625
2019-10-25,SOX,^SOX,1648.6700439453125
2019-10-28,SOX,^SOX,1677.5699462890625
2019-10-29,SOX,^SOX,1662.4599609375
2019-10-30,SOX,^SOX,1661.4599609375
2019-10-31,SOX,^SOX,1651.219970703125
2019-11-01,SOX,^SOX,1689.9300537109375
2019-11-04,SOX,^SOX,1726.9200439453125
2019-11-05,SOX,^SOX,1730.1500244140625
2019-11-06,SOX,^SOX,1715.6700439453125
2019-11-07,SOX,^SOX,1727.6800537109375
2019-11-08,SOX,^SOX,1736.780029296875
2019-11-11,SOX,^SOX,1727.5899658203125
2019-11-12,SOX,^SOX,1732.4200439453125
2019-11-13,SOX,^SOX,1732.8599853515625
2019-11-14,SOX,^SOX,1727.5899658203125
2019-11-15,SOX,^SOX,1742.9300537109375
2019-11-18,SOX,^SOX,1738.780029296875
2019-11-19,SOX,^SOX,1730.5
2019-11-20,SOX,^SOX,1710.1400146484375
2019-11-21,SOX,^SOX,1690.8299560546875
2019-11-22,SOX,^SOX,1690.7900390625
2019-11-25,SOX,^SOX,1731.949951171875
2019-11-26,SOX,^SOX,1723.260009765625
2019-11-27,SOX,^SOX,1735.9100341796875
2019-11-29,SOX,^SOX,1716.8399658203125
2019-12-02,SOX,^SOX,1691.75
2019-12-03,SOX,^SOX,1665.7099609375
2019-12-04,SOX,^SOX,1691.449951171875
2019-12-05,SOX,^SOX,1697.6600341796875
2019-12-06,SOX,^SOX,1724.2099609375
2019-12-09,SOX,^SOX,1714.97998046875
2019-12-10,SOX,^SOX,1720.9000244140625
2019-12-11,SOX,^SOX,1759.199951171875
2019-12-12,SOX,^SOX,1806.8699951171875
2019-12-13,SOX,^SOX,1796.0400390625
2019-12-16,SOX,^SOX,1813.31005859375
2019-12-17,SOX,^SOX,1821.9200439453125
2019-12-18,SOX,^SOX,1820.2900390625
2019-12-19,SOX,^SOX,1834.969970703125
2019-12-20,SOX,^SOX,1853.8699951171875
2019-12-23,SOX,^SOX,1857.1199951171875
2019-12-24,SOX,^SOX,1862.199951171875
2019-12-26,SOX,^SOX,1864.489990234375
2019-12-27,SOX,^SOX,1858.5899658203125
2019-12-30,SOX,^SOX,1844.3900146484375
2019-12-31,SOX,^SOX,1849.6199951171875
2020-01-02,SOX,^SOX,1887.9100341796875
2020-01-03,SOX,^SOX,1853.97998046875
2020-01-06,SOX,^SOX,1834.6800537109375
2020-01-07,SOX,^SOX,1867.280029296875
2020-01-08,SOX,^SOX,1867.5899658203125
2020-01-09,SOX,^SOX,1878.72998046875
2020-01-10,SOX,^SOX,1866.3499755859375
2020-01-13,SOX,^SOX,1890.7900390625
2020-01-14,SOX,^SOX,1894.6400146484375
2020-01-15,SOX,^SOX,1872.1600341796875
2020-01-16,SOX,^SOX,1903.9300537109375
2020-01-17,SOX,^SOX,1916.6199951171875
2020-01-21,SOX,^SOX,1915.0
2020-01-22,SOX,^SOX,1930.22998046875
2020-01-23,SOX,^SOX,1945.3699951171875
2020-01-24,SOX,^SOX,1924.030029296875
2020-01-27,SOX,^SOX,1848.8599853515625
2020-01-28,SOX,^SOX,1893.27001953125
2020-01-29,SOX,^SOX,1858.699951171875
2020-01-30,SOX,^SOX,1855.800048828125
2020-01-31,SOX,^SOX,1789.9300537109375
2020-02-03,SOX,^SOX,1812.1800537109375
2020-02-04,SOX,^SOX,1868.6500244140625
2020-02-05,SOX,^SOX,1909.52001953125
2020-02-06,SOX,^SOX,1909.6400146484375
2020-02-07,SOX,^SOX,1864.3599853515625
2020-02-10,SOX,^SOX,1892.800048828125
2020-02-11,SOX,^SOX,1931.0799560546875
2020-02-12,SOX,^SOX,1958.8199462890625
2020-02-13,SOX,^SOX,1960.3399658203125
2020-02-14,SOX,^SOX,1956.56005859375
2020-02-18,SOX,^SOX,1929.1199951171875
2020-02-19,SOX,^SOX,1979.5
2020-02-20,SOX,^SOX,1949.25
2020-02-21,SOX,^SOX,1891.050048828125
2020-02-24,SOX,^SOX,1801.22998046875
2020-02-25,SOX,^SOX,1746.1099853515625
2020-02-26,SOX,^SOX,1749.949951171875
2020-02-27,SOX,^SOX,1668.6500244140625
2020-02-28,SOX,^SOX,1705.5400390625
2020-03-02,SOX,^SOX,1765.3800048828125
2020-03-03,SOX,^SOX,1705.260009765625
2020-03-04,SOX,^SOX,1789.5699462890625
2020-03-05,SOX,^SOX,1734.030029296875
2020-03-06,SOX,^SOX,1699.8900146484375
2020-03-09,SOX,^SOX,1558.1600341796875
2020-03-10,SOX,^SOX,1656.5
2020-03-11,SOX,^SOX,1562.5400390625
2020-03-12,SOX,^SOX,1392.1099853515625
2020-03-13,SOX,^SOX,1544.260009765625
2020-03-16,SOX,^SOX,1298.780029296875
2020-03-17,SOX,^SOX,1426.52001953125
2020-03-18,SOX,^SOX,1286.8399658203125
2020-03-19,SOX,^SOX,1341.219970703125
2020-03-20,SOX,^SOX,1298.5400390625
2020-03-23,SOX,^SOX,1342.1199951171875
2020-03-24,SOX,^SOX,1491.8299560546875
2020-03-25,SOX,^SOX,1472.5699462890625
2020-03-26,SOX,^SOX,1572.6099853515625
2020-03-27,SOX,^SOX,1488.75
2020-03-30,SOX,^SOX,1545.31005859375
2020-03-31,SOX,^SOX,1510.5899658203125
2020-04-01,SOX,^SOX,1427.72998046875
2020-04-02,SOX,^SOX,1474.6099853515625
2020-04-03,SOX,^SOX,1443.0400390625
2020-04-06,SOX,^SOX,1592.8800048828125
2020-04-07,SOX,^SOX,1585.3800048828125
2020-04-08,SOX,^SOX,1639.8900146484375
2020-04-09,SOX,^SOX,1601.72998046875
2020-04-13,SOX,^SOX,1623.6800537109375
2020-04-14,SOX,^SOX,1695.760009765625
2020-04-15,SOX,^SOX,1647.9100341796875
2020-04-16,SOX,^SOX,1690.8699951171875
2020-04-17,SOX,^SOX,1705.6400146484375
2020-04-20,SOX,^SOX,1667.5699462890625
2020-04-21,SOX,^SOX,1588.699951171875
2020-04-22,SOX,^SOX,1682.1199951171875
2020-04-23,SOX,^SOX,1664.6700439453125
2020-04-24,SOX,^SOX,1702.56005859375
2020-04-27,SOX,^SOX,1725.0400390625
2020-04-28,SOX,^SOX,1713.2099609375
2020-04-29,SOX,^SOX,1797.760009765625
2020-04-30,SOX,^SOX,1731.239990234375
2020-05-01,SOX,^SOX,1644.4000244140625
2020-05-04,SOX,^SOX,1661.300048828125
2020-05-05,SOX,^SOX,1689.5
2020-05-06,SOX,^SOX,1707.75
2020-05-07,SOX,^SOX,1724.9300537109375
2020-05-08,SOX,^SOX,1775.6099853515625
2020-05-11,SOX,^SOX,1774.31005859375
2020-05-12,SOX,^SOX,1725.239990234375
2020-05-13,SOX,^SOX,1691.5699462890625
2020-05-14,SOX,^SOX,1739.050048828125
2020-05-15,SOX,^SOX,1700.8900146484375
2020-05-18,SOX,^SOX,1782.5400390625
2020-05-19,SOX,^SOX,1775.6099853515625
2020-05-20,SOX,^SOX,1840.7900390625
2020-05-21,SOX,^SOX,1790.9599609375
2020-05-22,SOX,^SOX,1802.31005859375
2020-05-26,SOX,^SOX,1820.510009765625
2020-05-27,SOX,^SOX,1847.31005859375
2020-05-28,SOX,^SOX,1804.6600341796875
2020-05-29,SOX,^SOX,1852.489990234375
2020-06-01,SOX,^SOX,1843.239990234375
2020-06-02,SOX,^SOX,1883.4100341796875
2020-06-03,SOX,^SOX,1937.469970703125
2020-06-04,SOX,^SOX,1953.469970703125
2020-06-05,SOX,^SOX,2003.760009765625
2020-06-08,SOX,^SOX,1998.6199951171875
2020-06-09,SOX,^SOX,1998.0899658203125
2020-06-10,SOX,^SOX,2004.6600341796875
2020-06-11,SOX,^SOX,1876.6600341796875
2020-06-12,SOX,^SOX,1903.8499755859375
2020-06-15,SOX,^SOX,1931.010009765625
2020-06-16,SOX,^SOX,1965.68994140625
2020-06-17,SOX,^SOX,1984.0799560546875
2020-06-18,SOX,^SOX,1980.1400146484375
2020-06-19,SOX,^SOX,1966.7900390625
2020-06-22,SOX,^SOX,1983.3599853515625
2020-06-23,SOX,^SOX,1987.72998046875
2020-06-24,SOX,^SOX,1944.300048828125
2020-06-25,SOX,^SOX,1961.050048828125
2020-06-26,SOX,^SOX,1921.9200439453125
2020-06-29,SOX,^SOX,1943.9000244140625
2020-06-30,SOX,^SOX,1996.43994140625
2020-07-01,SOX,^SOX,1966.97998046875
2020-07-02,SOX,^SOX,1993.6099853515625
2020-07-06,SOX,^SOX,2046.81005859375
2020-07-07,SOX,^SOX,2019.77001953125
2020-07-08,SOX,^SOX,2049.760009765625
2020-07-09,SOX,^SOX,2076.719970703125
2020-07-10,SOX,^SOX,2069.7900390625
2020-07-13,SOX,^SOX,2034.1400146484375
2020-07-14,SOX,^SOX,2069.7900390625
2020-07-15,SOX,^SOX,2064.169921875
2020-07-16,SOX,^SOX,2055.919921875
2020-07-17,SOX,^SOX,2068.989990234375
2020-07-20,SOX,^SOX,2110.469970703125
2020-07-21,SOX,^SOX,2096.590087890625
2020-07-22,SOX,^SOX,2105.429931640625
2020-07-23,SOX,^SOX,2070.969970703125
2020-07-24,SOX,^SOX,2038.7099609375
2020-07-27,SOX,^SOX,2104.6201171875
2020-07-28,SOX,^SOX,2060.39990234375
2020-07-29,SOX,^SOX,2106.300048828125
2020-07-30,SOX,^SOX,2147.550048828125
2020-07-31,SOX,^SOX,2136.409912109375
2020-08-03,SOX,^SOX,2177.27001953125
2020-08-04,SOX,^SOX,2209.81005859375
2020-08-05,SOX,^SOX,2207.56005859375
2020-08-06,SOX,^SOX,2204.93994140625
2020-08-07,SOX,^SOX,2178.860107421875
2020-08-10,SOX,^SOX,2179.60009765625
2020-08-11,SOX,^SOX,2154.7900390625
2020-08-12,SOX,^SOX,2227.219970703125
2020-08-13,SOX,^SOX,2202.409912109375
2020-08-14,SOX,^SOX,2200.81005859375
2020-08-17,SOX,^SOX,2227.610107421875
2020-08-18,SOX,^SOX,2214.659912109375
2020-08-19,SOX,^SOX,2200.77001953125
2020-08-20,SOX,^SOX,2181.0400390625
2020-08-21,SOX,^SOX,2198.330078125
2020-08-24,SOX,^SOX,2219.3701171875
2020-08-25,SOX,^SOX,2243.06005859375
2020-08-26,SOX,^SOX,2250.22998046875
2020-08-27,SOX,^SOX,2220.14990234375
2020-08-28,SOX,^SOX,2264.139892578125
2020-08-31,SOX,^SOX,2260.429931640625
2020-09-01,SOX,^SOX,2304.679931640625
2020-09-02,SOX,^SOX,2370.179931640625
2020-09-03,SOX,^SOX,2234.22998046875
2020-09-04,SOX,^SOX,2212.72998046875
2020-09-08,SOX,^SOX,2108.610107421875
2020-09-09,SOX,^SOX,2169.610107421875
2020-09-10,SOX,^SOX,2137.780029296875
2020-09-11,SOX,^SOX,2136.3701171875
2020-09-14,SOX,^SOX,2181.75
2020-09-15,SOX,^SOX,2219.18994140625
2020-09-16,SOX,^SOX,2195.5400390625
2020-09-17,SOX,^SOX,2194.14990234375
2020-09-18,SOX,^SOX,2160.969970703125
2020-09-21,SOX,^SOX,2154.280029296875
2020-09-22,SOX,^SOX,2180.260009765625
2020-09-23,SOX,^SOX,2126.68994140625
2020-09-24,SOX,^SOX,2147.419921875
2020-09-25,SOX,^SOX,2177.840087890625
2020-09-28,SOX,^SOX,2237.639892578125
2020-09-29,SOX,^SOX,2242.52001953125
2020-09-30,SOX,^SOX,2244.1201171875
2020-10-01,SOX,^SOX,2291.77001953125
2020-10-02,SOX,^SOX,2221.1201171875
2020-10-05,SOX,^SOX,2295.56005859375
2020-10-06,SOX,^SOX,2281.090087890625
2020-10-07,SOX,^SOX,2328.840087890625
2020-10-08,SOX,^SOX,2356.159912109375
2020-10-09,SOX,^SOX,2398.0400390625
2020-10-12,SOX,^SOX,2433.47998046875
2020-10-13,SOX,^SOX,2430.1298828125
2020-10-14,SOX,^SOX,2417.199951171875
2020-10-15,SOX,^SOX,2411.1298828125
2020-10-16,SOX,^SOX,2399.760009765625
2020-10-19,SOX,^SOX,2385.85009765625
2020-10-20,SOX,^SOX,2385.820068359375
2020-10-21,SOX,^SOX,2367.260009765625
2020-10-22,SOX,^SOX,2370.449951171875
2020-10-23,SOX,^SOX,2360.22998046875
2020-10-26,SOX,^SOX,2308.449951171875
2020-10-27,SOX,^SOX,2300.909912109375
2020-10-28,SOX,^SOX,2222.97998046875
2020-10-29,SOX,^SOX,2283.64990234375
2020-10-30,SOX,^SOX,2246.14990234375
2020-11-02,SOX,^SOX,2260.070068359375
2020-11-03,SOX,^SOX,2302.72998046875
2020-11-04,SOX,^SOX,2384.219970703125
2020-11-05,SOX,^SOX,2489.159912109375
2020-11-06,SOX,^SOX,2529.27001953125
2020-11-09,SOX,^SOX,2497.590087890625
2020-11-10,SOX,^SOX,2422.330078125
2020-11-11,SOX,^SOX,2511.239990234375
2020-11-12,SOX,^SOX,2478.429931640625
2020-11-13,SOX,^SOX,2508.820068359375
2020-11-16,SOX,^SOX,2570.97998046875
2020-11-17,SOX,^SOX,2548.9599609375
2020-11-18,SOX,^SOX,2530.590087890625
2020-11-19,SOX,^SOX,2570.219970703125
2020-11-20,SOX,^SOX,2555.5
2020-11-23,SOX,^SOX,2595.25
2020-11-24,SOX,^SOX,2609.010009765625
2020-11-25,SOX,^SOX,2600.239990234375
2020-11-27,SOX,^SOX,2631.56005859375
2020-11-30,SOX,^SOX,2663.489990234375
2020-12-01,SOX,^SOX,2709.72998046875
2020-12-02,SOX,^SOX,2716.35009765625
2020-12-03,SOX,^SOX,2716.14990234375
2020-12-04,SOX,^SOX,2793.030029296875
2020-12-07,SOX,^SOX,2806.610107421875
2020-12-08,SOX,^SOX,2816.27001953125
2020-12-09,SOX,^SOX,2734.77001953125
2020-12-10,SOX,^SOX,2733.669921875
2020-12-11,SOX,^SOX,2704.080078125
2020-12-14,SOX,^SOX,2736.25
2020-12-15,SOX,^SOX,2774.7900390625
2020-12-16,SOX,^SOX,2773.419921875
2020-12-17,SOX,^SOX,2778.139892578125
2020-12-18,SOX,^SOX,2764.739990234375
2020-12-21,SOX,^SOX,2747.2900390625
2020-12-22,SOX,^SOX,2743.969970703125
2020-12-23,SOX,^SOX,2723.530029296875
2020-12-24,SOX,^SOX,2750.239990234375
2020-12-28,SOX,^SOX,2744.300048828125
2020-12-29,SOX,^SOX,2738.050048828125
2020-12-30,SOX,^SOX,2783.77001953125
2020-12-31,SOX,^SOX,2795.5
2021-01-04,SOX,^SOX,2783.2099609375
2021-01-05,SOX,^SOX,2837.169921875
2021-01-06,SOX,^SOX,2827.9599609375
2021-01-07,SOX,^SOX,2937.0
2021-01-08,SOX,^SOX,2936.469970703125
2021-01-11,SOX,^SOX,2969.919921875
2021-01-12,SOX,^SOX,2988.02001953125
2021-01-13,SOX,^SOX,2991.949951171875
2021-01-14,SOX,^SOX,3055.639892578125
2021-01-15,SOX,^SOX,2992.77001953125
2021-01-19,SOX,^SOX,3093.320068359375
2021-01-20,SOX,^SOX,3085.0400390625
2021-01-21,SOX,^SOX,3132.169921875
2021-01-22,SOX,^SOX,3074.39990234375
2021-01-25,SOX,^SOX,3079.2099609375
2021-01-26,SOX,^SOX,3031.77001953125
2021-01-27,SOX,^SOX,2875.1298828125
2021-01-28,SOX,^SOX,2935.1201171875
2021-01-29,SOX,^SOX,2887.080078125
2021-02-01,SOX,^SOX,2999.989990234375
2021-02-02,SOX,^SOX,3047.330078125
2021-02-03,SOX,^SOX,2982.8701171875
2021-02-04,SOX,^SOX,3008.419921875
2021-02-05,SOX,^SOX,2985.010009765625
2021-02-08,SOX,^SOX,3078.47998046875
2021-02-09,SOX,^SOX,3064.949951171875
2021-02-10,SOX,^SOX,3074.860107421875
2021-02-11,SOX,^SOX,3180.840087890625
2021-02-12,SOX,^SOX,3219.8701171875
2021-02-16,SOX,^SOX,3238.919921875
2021-02-17,SOX,^SOX,3178.239990234375
2021-02-18,SOX,^SOX,3146.7900390625
2021-02-19,SOX,^SOX,3223.4599609375
2021-02-22,SOX,^SOX,3102.010009765625
2021-02-23,SOX,^SOX,3083.8798828125
2021-02-24,SOX,^SOX,3183.739990234375
2021-02-25,SOX,^SOX,2999.159912109375
2021-02-26,SOX,^SOX,3067.6201171875
2021-03-01,SOX,^SOX,3169.110107421875
2021-03-02,SOX,^SOX,3070.93994140625
2021-03-03,SOX,^SOX,2975.580078125
2021-03-04,SOX,^SOX,2831.6298828125
2021-03-05,SOX,^SOX,2920.75
2021-03-08,SOX,^SOX,2762.75
2021-03-09,SOX,^SOX,2932.2099609375
2021-03-10,SOX,^SOX,2879.320068359375
2021-03-11,SOX,^SOX,2997.1298828125
2021-03-12,SOX,^SOX,2965.090087890625
2021-03-15,SOX,^SOX,3032.050048828125
2021-03-16,SOX,^SOX,3070.320068359375
2021-03-17,SOX,^SOX,3107.919921875
2021-03-18,SOX,^SOX,2976.219970703125
2021-03-19,SOX,^SOX,3011.3701171875
2021-03-22,SOX,^SOX,3077.550048828125
2021-03-23,SOX,^SOX,2994.2099609375
2021-03-24,SOX,^SOX,2953.969970703125
2021-03-25,SOX,^SOX,2959.8798828125
2021-03-26,SOX,^SOX,3106.280029296875
2021-03-29,SOX,^SOX,3054.6298828125
2021-03-30,SOX,^SOX,3044.550048828125
2021-03-31,SOX,^SOX,3124.93994140625
2021-04-01,SOX,^SOX,3240.169921875
2021-04-05,SOX,^SOX,3305.429931640625
2021-04-06,SOX,^SOX,3266.10009765625
2021-04-07,SOX,^SOX,3266.4599609375
2021-04-08,SOX,^SOX,3301.260009765625
2021-04-09,SOX,^SOX,3294.530029296875
2021-04-12,SOX,^SOX,3258.330078125
2021-04-13,SOX,^SOX,3252.699951171875
2021-04-14,SOX,^SOX,3213.8798828125
2021-04-15,SOX,^SOX,3271.330078125
2021-04-16,SOX,^SOX,3253.080078125
2021-04-19,SOX,^SOX,3171.0
2021-04-20,SOX,^SOX,3121.429931640625
2021-04-21,SOX,^SOX,3207.25
2021-04-22,SOX,^SOX,3133.169921875
2021-04-23,SOX,^SOX,3196.97998046875
2021-04-26,SOX,^SOX,3250.260009765625
2021-04-27,SOX,^SOX,3225.610107421875
2021-04-28,SOX,^SOX,3178.489990234375
2021-04-29,SOX,^SOX,3202.5
2021-04-30,SOX,^SOX,3108.989990234375
2021-05-03,SOX,^SOX,3073.3798828125
2021-05-04,SOX,^SOX,3024.31005859375
2021-05-05,SOX,^SOX,3042.8798828125
2021-05-06,SOX,^SOX,3066.219970703125
2021-05-07,SOX,^SOX,3112.030029296875
2021-05-10,SOX,^SOX,2967.110107421875
2021-05-11,SOX,^SOX,2976.010009765625
2021-05-12,SOX,^SOX,2851.14990234375
2021-05-13,SOX,^SOX,2893.93994140625
2021-05-14,SOX,^SOX,2981.419921875
2021-05-17,SOX,^SOX,2954.6298828125
2021-05-18,SOX,^SOX,2929.14990234375
2021-05-19,SOX,^SOX,2987.280029296875
2021-05-20,SOX,^SOX,3066.110107421875
2021-05-21,SOX,^SOX,3052.10009765625
2021-05-24,SOX,^SOX,3122.97998046875
2021-05-25,SOX,^SOX,3134.669921875
2021-05-26,SOX,^SOX,3140.97998046875
2021-05-27,SOX,^SOX,3159.27001953125
2021-05-28,SOX,^SOX,3186.56005859375
2021-06-01,SOX,^SOX,3174.320068359375
2021-06-02,SOX,^SOX,3196.97998046875
2021-06-03,SOX,^SOX,3139.18994140625
2021-06-04,SOX,^SOX,3214.139892578125
2021-06-07,SOX,^SOX,3191.659912109375
2021-06-08,SOX,^SOX,3171.219970703125
2021-06-09,SOX,^SOX,3158.47998046875
2021-06-10,SOX,^SOX,3196.2099609375
2021-06-11,SOX,^SOX,3210.06005859375
2021-06-14,SOX,^SOX,3255.340087890625
2021-06-15,SOX,^SOX,3225.97998046875
2021-06-16,SOX,^SOX,3201.010009765625
2021-06-17,SOX,^SOX,3231.7099609375
2021-06-18,SOX,^SOX,3152.81005859375
2021-06-21,SOX,^SOX,3171.989990234375
2021-06-22,SOX,^SOX,3185.429931640625
2021-06-23,SOX,^SOX,3197.219970703125
2021-06-24,SOX,^SOX,3253.800048828125
2021-06-25,SOX,^SOX,3241.47998046875
2021-06-28,SOX,^SOX,3323.139892578125
2021-06-29,SOX,^SOX,3348.8701171875
2021-06-30,SOX,^SOX,3345.31005859375
2021-07-01,SOX,^SOX,3295.06005859375
2021-07-02,SOX,^SOX,3315.830078125
2021-07-06,SOX,^SOX,3307.919921875
2021-07-07,SOX,^SOX,3261.72998046875
2021-07-08,SOX,^SOX,3222.81005859375
2021-07-09,SOX,^SOX,3278.389892578125
2021-07-12,SOX,^SOX,3319.0
2021-07-13,SOX,^SOX,3300.81005859375
2021-07-14,SOX,^SOX,3289.179931640625
2021-07-15,SOX,^SOX,3217.739990234375
2021-07-16,SOX,^SOX,3145.449951171875
2021-07-19,SOX,^SOX,3147.510009765625
2021-07-20,SOX,^SOX,3190.949951171875
2021-07-21,SOX,^SOX,3288.75
2021-07-22,SOX,^SOX,3259.419921875
2021-07-23,SOX,^SOX,3280.06005859375
2021-07-26,SOX,^SOX,3276.919921875
2021-07-27,SOX,^SOX,3215.969970703125
2021-07-28,SOX,^SOX,3272.449951171875
2021-07-29,SOX,^SOX,3333.239990234375
2021-07-30,SOX,^SOX,3356.530029296875
2021-08-02,SOX,^SOX,3377.489990234375
2021-08-03,SOX,^SOX,3396.659912109375
2021-08-04,SOX,^SOX,3436.89990234375
2021-08-05,SOX,^SOX,3424.4599609375
2021-08-06,SOX,^SOX,3412.050048828125
2021-08-09,SOX,^SOX,3399.760009765625
2021-08-10,SOX,^SOX,3358.8701171875
2021-08-11,SOX,^SOX,3350.929931640625
2021-08-12,SOX,^SOX,3312.9599609375
2021-08-13,SOX,^SOX,3335.0400390625
2021-08-16,SOX,^SOX,3322.639892578125
2021-08-17,SOX,^SOX,3256.820068359375
2021-08-18,SOX,^SOX,3208.830078125
2021-08-19,SOX,^SOX,3235.8701171875
2021-08-20,SOX,^SOX,3256.5
2021-08-23,SOX,^SOX,3342.010009765625
2021-08-24,SOX,^SOX,3345.389892578125
2021-08-25,SOX,^SOX,3372.550048828125
2021-08-26,SOX,^SOX,3370.389892578125
2021-08-27,SOX,^SOX,3436.449951171875
2021-08-30,SOX,^SOX,3446.43994140625
2021-08-31,SOX,^SOX,3417.719970703125
2021-09-01,SOX,^SOX,3399.949951171875
2021-09-02,SOX,^SOX,3411.320068359375
2021-09-03,SOX,^SOX,3430.889892578125
2021-09-07,SOX,^SOX,3419.72998046875
2021-09-08,SOX,^SOX,3377.679931640625
2021-09-09,SOX,^SOX,3390.840087890625
2021-09-10,SOX,^SOX,3416.659912109375
2021-09-13,SOX,^SOX,3449.679931640625
2021-09-14,SOX,^SOX,3449.389892578125
2021-09-15,SOX,^SOX,3465.760009765625
2021-09-16,SOX,^SOX,3473.60009765625
2021-09-17,SOX,^SOX,3421.159912109375
2021-09-20,SOX,^SOX,3338.22998046875
2021-09-21,SOX,^SOX,3345.030029296875
2021-09-22,SOX,^SOX,3412.02001953125
2021-09-23,SOX,^SOX,3457.449951171875
2021-09-24,SOX,^SOX,3453.919921875
2021-09-27,SOX,^SOX,3445.43994140625
2021-09-28,SOX,^SOX,3314.389892578125
2021-09-29,SOX,^SOX,3263.840087890625
2021-09-30,SOX,^SOX,3258.090087890625
2021-10-01,SOX,^SOX,3261.179931640625
2021-10-04,SOX,^SOX,3180.06005859375
2021-10-05,SOX,^SOX,3227.25
2021-10-06,SOX,^SOX,3238.7900390625
2021-10-07,SOX,^SOX,3274.47998046875
2021-10-08,SOX,^SOX,3246.27001953125
2021-10-11,SOX,^SOX,3221.22998046875
2021-10-12,SOX,^SOX,3178.14990234375
2021-10-13,SOX,^SOX,3192.75
2021-10-14,SOX,^SOX,3291.239990234375
2021-10-15,SOX,^SOX,3314.409912109375
2021-10-18,SOX,^SOX,3338.780029296875
2021-10-19,SOX,^SOX,3381.449951171875
2021-10-20,SOX,^SOX,3374.219970703125
2021-10-21,SOX,^SOX,3412.050048828125
2021-10-22,SOX,^SOX,3370.280029296875
2021-10-25,SOX,^SOX,3392.389892578125
2021-10-26,SOX,^SOX,3392.9599609375
2021-10-27,SOX,^SOX,3360.2900390625
2021-10-28,SOX,^SOX,3438.830078125
2021-10-29,SOX,^SOX,3451.27001953125
2021-11-01,SOX,^SOX,3506.280029296875
2021-11-02,SOX,^SOX,3548.860107421875
2021-11-03,SOX,^SOX,3590.169921875
2021-11-04,SOX,^SOX,3715.760009765625
2021-11-05,SOX,^SOX,3756.550048828125
2021-11-08,SOX,^SOX,3803.330078125
2021-11-09,SOX,^SOX,3800.570068359375
2021-11-10,SOX,^SOX,3693.02001953125
2021-11-11,SOX,^SOX,3764.489990234375
2021-11-12,SOX,^SOX,3794.5
2021-11-15,SOX,^SOX,3793.75
2021-11-16,SOX,^SOX,3859.39990234375
2021-11-17,SOX,^SOX,3831.43994140625
2021-11-18,SOX,^SOX,3899.9599609375
2021-11-19,SOX,^SOX,3912.02001953125
2021-11-22,SOX,^SOX,3847.1201171875
2021-11-23,SOX,^SOX,3834.429931640625
2021-11-24,SOX,^SOX,3870.010009765625
2021-11-26,SOX,^SOX,3757.1298828125
2021-11-29,SOX,^SOX,3910.5400390625
2021-11-30,SOX,^SOX,3833.219970703125
2021-12-01,SOX,^SOX,3810.75
2021-12-02,SOX,^SOX,3810.820068359375
2021-12-03,SOX,^SOX,3804.5400390625
2021-12-06,SOX,^SOX,3800.070068359375
2021-12-07,SOX,^SOX,3988.75
2021-12-08,SOX,^SOX,3964.43994140625
2021-12-09,SOX,^SOX,3879.52001953125
2021-12-10,SOX,^SOX,3914.669921875
2021-12-13,SOX,^SOX,3814.429931640625
2021-12-14,SOX,^SOX,3794.409912109375
2021-12-15,SOX,^SOX,3934.4599609375
2021-12-16,SOX,^SOX,3766.320068359375
2021-12-17,SOX,^SOX,3761.0400390625
2021-12-20,SOX,^SOX,3732.389892578125
2021-12-21,SOX,^SOX,3857.300048828125
2021-12-22,SOX,^SOX,3891.919921875
2021-12-23,SOX,^SOX,3932.389892578125
2021-12-27,SOX,^SOX,4039.510009765625
2021-12-28,SOX,^SOX,3992.18994140625
2021-12-29,SOX,^SOX,3999.35009765625
2021-12-30,SOX,^SOX,3952.0400390625
2021-12-31,SOX,^SOX,3946.169921875
2022-01-03,SOX,^SOX,4027.219970703125
2022-01-04,SOX,^SOX,4009.0
2022-01-05,SOX,^SOX,3879.8701171875
2022-01-06,SOX,^SOX,3909.0400390625
2022-01-07,SOX,^SOX,3796.320068359375
2022-01-10,SOX,^SOX,3805.389892578125
2022-01-11,SOX,^SOX,3875.43994140625
2022-01-12,SOX,^SOX,3901.2099609375
2022-01-13,SOX,^SOX,3811.840087890625
2022-01-14,SOX,^SOX,3900.610107421875
2022-01-18,SOX,^SOX,3727.239990234375
2022-01-19,SOX,^SOX,3612.18994140625
2022-01-20,SOX,^SOX,3494.75
2022-01-21,SOX,^SOX,3434.7900390625
2022-01-24,SOX,^SOX,3479.949951171875
2022-01-25,SOX,^SOX,3350.85009765625
2022-01-26,SOX,^SOX,3407.0
2022-01-27,SOX,^SOX,3244.0
2022-01-28,SOX,^SOX,3303.39990234375
2022-01-31,SOX,^SOX,3483.2099609375
2022-02-01,SOX,^SOX,3510.860107421875
2022-02-02,SOX,^SOX,3597.169921875
2022-02-03,SOX,^SOX,3432.550048828125
2022-02-04,SOX,^SOX,3453.070068359375
2022-02-07,SOX,^SOX,3452.330078125
2022-02-08,SOX,^SOX,3535.1298828125
2022-02-09,SOX,^SOX,3653.719970703125
2022-02-10,SOX,^SOX,3536.10009765625
2022-02-11,SOX,^SOX,3365.25
2022-02-14,SOX,^SOX,3370.199951171875
2022-02-15,SOX,^SOX,3554.449951171875
2022-02-16,SOX,^SOX,3555.68994140625
2022-02-17,SOX,^SOX,3422.60009765625
2022-02-18,SOX,^SOX,3384.300048828125
2022-02-22,SOX,^SOX,3356.070068359375
2022-02-23,SOX,^SOX,3277.800048828125
2022-02-24,SOX,^SOX,3399.159912109375
2022-02-25,SOX,^SOX,3452.669921875
2022-02-28,SOX,^SOX,3429.530029296875
2022-03-01,SOX,^SOX,3304.85009765625
2022-03-02,SOX,^SOX,3416.159912109375
2022-03-03,SOX,^SOX,3339.760009765625
2022-03-04,SOX,^SOX,3258.919921875
2022-03-07,SOX,^SOX,3098.929931640625
2022-03-08,SOX,^SOX,3156.8701171875
2022-03-09,SOX,^SOX,3282.179931640625
2022-03-10,SOX,^SOX,3211.070068359375
2022-03-11,SOX,^SOX,3144.14990234375
2022-03-14,SOX,^SOX,3047.5
2022-03-15,SOX,^SOX,3180.239990234375
2022-03-16,SOX,^SOX,3340.070068359375
2022-03-17,SOX,^SOX,3364.550048828125
2022-03-18,SOX,^SOX,3432.300048828125
2022-03-21,SOX,^SOX,3423.239990234375
2022-03-22,SOX,^SOX,3445.85009765625
2022-03-23,SOX,^SOX,3360.320068359375
2022-03-24,SOX,^SOX,3532.719970703125
2022-03-25,SOX,^SOX,3525.340087890625
2022-03-28,SOX,^SOX,3547.169921875
2022-03-29,SOX,^SOX,3625.580078125
2022-03-30,SOX,^SOX,3508.6201171875
2022-03-31,SOX,^SOX,3429.0
2022-04-01,SOX,^SOX,3366.639892578125
2022-04-04,SOX,^SOX,3424.949951171875
2022-04-05,SOX,^SOX,3269.820068359375
2022-04-06,SOX,^SOX,3193.9599609375
2022-04-07,SOX,^SOX,3197.43994140625
2022-04-08,SOX,^SOX,3120.159912109375
2022-04-11,SOX,^SOX,3055.090087890625
2022-04-12,SOX,^SOX,3047.469970703125
2022-04-13,SOX,^SOX,3119.320068359375
2022-04-14,SOX,^SOX,3028.219970703125
2022-04-18,SOX,^SOX,3085.18994140625
2022-04-19,SOX,^SOX,3153.22998046875
2022-04-20,SOX,^SOX,3142.199951171875
2022-04-21,SOX,^SOX,3058.739990234375
2022-04-22,SOX,^SOX,2989.830078125
2022-04-25,SOX,^SOX,3042.389892578125
2022-04-26,SOX,^SOX,2909.1201171875
2022-04-27,SOX,^SOX,2894.909912109375
2022-04-28,SOX,^SOX,3056.360107421875
2022-04-29,SOX,^SOX,2919.739990234375
2022-05-02,SOX,^SOX,3022.239990234375
2022-05-03,SOX,^SOX,3044.889892578125
2022-05-04,SOX,^SOX,3163.7900390625
2022-05-05,SOX,^SOX,3005.530029296875
2022-05-06,SOX,^SOX,2982.06005859375
2022-05-09,SOX,^SOX,2829.10009765625
2022-05-10,SOX,^SOX,2900.1298828125
2022-05-11,SOX,^SOX,2811.93994140625
2022-05-12,SOX,^SOX,2827.2099609375
2022-05-13,SOX,^SOX,2970.3701171875
2022-05-16,SOX,^SOX,2920.06005859375
2022-05-17,SOX,^SOX,3066.5
2022-05-18,SOX,^SOX,2907.9599609375
2022-05-19,SOX,^SOX,2890.330078125
2022-05-20,SOX,^SOX,2882.64990234375
2022-05-23,SOX,^SOX,2898.429931640625
2022-05-24,SOX,^SOX,2827.050048828125
2022-05-25,SOX,^SOX,2882.929931640625
2022-05-26,SOX,^SOX,2994.610107421875
2022-05-27,SOX,^SOX,3115.35009765625
2022-05-31,SOX,^SOX,3098.68994140625
2022-06-01,SOX,^SOX,3049.030029296875
2022-06-02,SOX,^SOX,3157.97998046875
2022-06-03,SOX,^SOX,3062.590087890625
2022-06-06,SOX,^SOX,3062.739990234375
2022-06-07,SOX,^SOX,3092.969970703125
2022-06-08,SOX,^SOX,3019.10009765625
2022-06-09,SOX,^SOX,2937.7900390625
2022-06-10,SOX,^SOX,2831.97998046875
2022-06-13,SOX,^SOX,2673.0
2022-06-14,SOX,^SOX,2689.889892578125
2022-06-15,SOX,^SOX,2737.550048828125
2022-06-16,SOX,^SOX,2566.860107421875
2022-06-17,SOX,^SOX,2578.5400390625
2022-06-21,SOX,^SOX,2649.3701171875
2022-06-22,SOX,^SOX,2619.7099609375
2022-06-23,SOX,^SOX,2602.739990234375
2022-06-24,SOX,^SOX,2718.469970703125
2022-06-27,SOX,^SOX,2713.47998046875
2022-06-28,SOX,^SOX,2642.070068359375
2022-06-29,SOX,^SOX,2583.97998046875
2022-06-30,SOX,^SOX,2556.25
2022-07-01,SOX,^SOX,2458.4599609375
2022-07-05,SOX,^SOX,2477.639892578125
2022-07-06,SOX,^SOX,2494.110107421875
2022-07-07,SOX,^SOX,2605.889892578125
2022-07-08,SOX,^SOX,2618.02001953125
2022-07-11,SOX,^SOX,2553.68994140625
2022-07-12,SOX,^SOX,2558.169921875
2022-07-13,SOX,^SOX,2577.360107421875
2022-07-14,SOX,^SOX,2626.919921875
2022-07-15,SOX,^SOX,2693.77001953125
2022-07-18,SOX,^SOX,2679.570068359375
2022-07-19,SOX,^SOX,2803.139892578125
2022-07-20,SOX,^SOX,2872.9599609375
2022-07-21,SOX,^SOX,2916.81005859375
2022-07-22,SOX,^SOX,2842.409912109375
2022-07-25,SOX,^SOX,2825.030029296875
2022-07-26,SOX,^SOX,2778.9599609375
2022-07-27,SOX,^SOX,2911.0
2022-07-28,SOX,^SOX,2944.5
2022-07-29,SOX,^SOX,2967.139892578125
2022-08-01,SOX,^SOX,2978.320068359375
2022-08-02,SOX,^SOX,2974.75
2022-08-03,SOX,^SOX,3053.4599609375
2022-08-04,SOX,^SOX,3081.409912109375
2022-08-05,SOX,^SOX,3053.389892578125
2022-08-08,SOX,^SOX,3004.340087890625
2022-08-09,SOX,^SOX,2866.89990234375
2022-08-10,SOX,^SOX,2988.7099609375
2022-08-11,SOX,^SOX,2978.699951171875
2022-08-12,SOX,^SOX,3067.840087890625
2022-08-15,SOX,^SOX,3077.330078125
2022-08-16,SOX,^SOX,3045.639892578125
2022-08-17,SOX,^SOX,2970.1201171875
2022-08-18,SOX,^SOX,3037.840087890625
2022-08-19,SOX,^SOX,2953.340087890625
2022-08-22,SOX,^SOX,2843.3701171875
2022-08-23,SOX,^SOX,2864.31005859375
2022-08-24,SOX,^SOX,2866.179931640625
2022-08-25,SOX,^SOX,2971.070068359375
2022-08-26,SOX,^SOX,2798.43994140625
2022-08-29,SOX,^SOX,2744.5
2022-08-30,SOX,^SOX,2708.6298828125
2022-08-31,SOX,^SOX,2677.389892578125
2022-09-01,SOX,^SOX,2625.949951171875
2022-09-02,SOX,^SOX,2599.260009765625
2022-09-06,SOX,^SOX,2571.469970703125
2022-09-07,SOX,^SOX,2611.5
2022-09-08,SOX,^SOX,2658.179931640625
2022-09-09,SOX,^SOX,2721.77001953125
2022-09-12,SOX,^SOX,2731.090087890625
2022-09-13,SOX,^SOX,2562.27001953125
2022-09-14,SOX,^SOX,2591.510009765625
2022-09-15,SOX,^SOX,2549.5400390625
2022-09-16,SOX,^SOX,2563.139892578125
2022-09-19,SOX,^SOX,2577.93994140625
2022-09-20,SOX,^SOX,2539.5
2022-09-21,SOX,^SOX,2514.9599609375
2022-09-22,SOX,^SOX,2444.25
2022-09-23,SOX,^SOX,2408.89990234375
2022-09-26,SOX,^SOX,2373.469970703125
2022-09-27,SOX,^SOX,2398.0400390625
2022-09-28,SOX,^SOX,2427.260009765625
2022-09-29,SOX,^SOX,2347.360107421875
2022-09-30,SOX,^SOX,2306.699951171875
2022-10-03,SOX,^SOX,2393.320068359375
2022-10-04,SOX,^SOX,2500.110107421875
2022-10-05,SOX,^SOX,2523.610107421875
2022-10-06,SOX,^SOX,2508.840087890625
2022-10-07,SOX,^SOX,2356.75
2022-10-10,SOX,^SOX,2275.340087890625
2022-10-11,SOX,^SOX,2218.489990234375
2022-10-12,SOX,^SOX,2198.60009765625
2022-10-13,SOX,^SOX,2263.239990234375
2022-10-14,SOX,^SOX,2162.320068359375
2022-10-17,SOX,^SOX,2211.659912109375
2022-10-18,SOX,^SOX,2220.9599609375
2022-10-19,SOX,^SOX,2237.739990234375
2022-10-20,SOX,^SOX,2253.219970703125
2022-10-21,SOX,^SOX,2336.68994140625
2022-10-24,SOX,^SOX,2351.550048828125
2022-10-25,SOX,^SOX,2404.68994140625
2022-10-26,SOX,^SOX,2376.330078125
2022-10-27,SOX,^SOX,2340.60009765625
2022-10-28,SOX,^SOX,2433.659912109375
2022-10-31,SOX,^SOX,2384.449951171875
2022-11-01,SOX,^SOX,2402.75
2022-11-02,SOX,^SOX,2328.469970703125
2022-11-03,SOX,^SOX,2292.85009765625
2022-11-04,SOX,^SOX,2398.239990234375
2022-11-07,SOX,^SOX,2450.6201171875
2022-11-08,SOX,^SOX,2503.389892578125
2022-11-09,SOX,^SOX,2424.820068359375
2022-11-10,SOX,^SOX,2672.5
2022-11-11,SOX,^SOX,2754.89990234375
2022-11-14,SOX,^SOX,2728.050048828125
2022-11-15,SOX,^SOX,2810.610107421875
2022-11-16,SOX,^SOX,2690.820068359375
2022-11-17,SOX,^SOX,2719.10009765625
2022-11-18,SOX,^SOX,2724.030029296875
2022-11-21,SOX,^SOX,2675.830078125
2022-11-22,SOX,^SOX,2756.820068359375
2022-11-23,SOX,^SOX,2786.419921875
2022-11-25,SOX,^SOX,2751.27001953125
2022-11-28,SOX,^SOX,2678.780029296875
2022-11-29,SOX,^SOX,2670.64990234375
2022-11-30,SOX,^SOX,2826.85009765625
2022-12-01,SOX,^SOX,2804.699951171875
2022-12-02,SOX,^SOX,2771.239990234375
2022-12-05,SOX,^SOX,2738.050048828125
2022-12-06,SOX,^SOX,2673.530029296875
2022-12-07,SOX,^SOX,2673.25
2022-12-08,SOX,^SOX,2744.72998046875
2022-12-09,SOX,^SOX,2721.02001953125
2022-12-12,SOX,^SOX,2779.2099609375
2022-12-13,SOX,^SOX,2821.530029296875
2022-12-14,SOX,^SOX,2777.27001953125
2022-12-15,SOX,^SOX,2661.409912109375
2022-12-16,SOX,^SOX,2636.10009765625
2022-12-19,SOX,^SOX,2599.860107421875
2022-12-20,SOX,^SOX,2583.639892578125
2022-12-21,SOX,^SOX,2644.5
2022-12-22,SOX,^SOX,2533.330078125
2022-12-23,SOX,^SOX,2535.489990234375
2022-12-27,SOX,^SOX,2490.169921875
2022-12-28,SOX,^SOX,2453.489990234375
2022-12-29,SOX,^SOX,2534.949951171875
2022-12-30,SOX,^SOX,2532.110107421875
2023-01-03,SOX,^SOX,2500.989990234375
2023-01-04,SOX,^SOX,2569.4599609375
2023-01-05,SOX,^SOX,2518.52001953125
2023-01-06,SOX,^SOX,2636.10009765625
2023-01-09,SOX,^SOX,2686.75
2023-01-10,SOX,^SOX,2721.2900390625
2023-01-11,SOX,^SOX,2755.360107421875
2023-01-12,SOX,^SOX,2789.64990234375
2023-01-13,SOX,^SOX,2800.659912109375
2023-01-17,SOX,^SOX,2807.47998046875
2023-01-18,SOX,^SOX,2789.469970703125
2023-01-19,SOX,^SOX,2710.43994140625
2023-01-20,SOX,^SOX,2794.68994140625
2023-01-23,SOX,^SOX,2934.830078125
2023-01-24,SOX,^SOX,2913.739990234375
2023-01-25,SOX,^SOX,2918.989990234375
2023-01-26,SOX,^SOX,2966.60009765625
2023-01-27,SOX,^SOX,2945.27001953125
2023-01-30,SOX,^SOX,2866.68994140625
2023-01-31,SOX,^SOX,2921.919921875
2023-02-01,SOX,^SOX,3073.469970703125
2023-02-02,SOX,^SOX,3141.840087890625
2023-02-03,SOX,^SOX,3082.110107421875
2023-02-06,SOX,^SOX,3029.739990234375
2023-02-07,SOX,^SOX,3124.14990234375
2023-02-08,SOX,^SOX,3055.6298828125
2023-02-09,SOX,^SOX,3059.6201171875
2023-02-10,SOX,^SOX,3011.14990234375
2023-02-13,SOX,^SOX,3057.320068359375
2023-02-14,SOX,^SOX,3121.6298828125
2023-02-15,SOX,^SOX,3133.070068359375
2023-02-16,SOX,^SOX,3055.239990234375
2023-02-17,SOX,^SOX,3005.8701171875
2023-02-21,SOX,^SOX,2906.260009765625
2023-02-22,SOX,^SOX,2892.389892578125
2023-02-23,SOX,^SOX,2988.81005859375
2023-02-24,SOX,^SOX,2935.110107421875
2023-02-27,SOX,^SOX,2951.2099609375
2023-02-28,SOX,^SOX,2958.389892578125
2023-03-01,SOX,^SOX,2955.830078125
2023-03-02,SOX,^SOX,2984.110107421875
2023-03-03,SOX,^SOX,3028.340087890625
2023-03-06,SOX,^SOX,2994.590087890625
2023-03-07,SOX,^SOX,2962.419921875
2023-03-08,SOX,^SOX,3041.389892578125
2023-03-09,SOX,^SOX,2980.2099609375
2023-03-10,SOX,^SOX,2923.929931640625
2023-03-13,SOX,^SOX,2921.7099609375
2023-03-14,SOX,^SOX,3010.14990234375
2023-03-15,SOX,^SOX,2977.389892578125
2023-03-16,SOX,^SOX,3098.070068359375
2023-03-17,SOX,^SOX,3083.52001953125
2023-03-20,SOX,^SOX,3114.7099609375
2023-03-21,SOX,^SOX,3116.889892578125
2023-03-22,SOX,^SOX,3091.7099609375
2023-03-23,SOX,^SOX,3174.360107421875
2023-03-24,SOX,^SOX,3121.260009765625
2023-03-27,SOX,^SOX,3083.580078125
2023-03-28,SOX,^SOX,3057.27001953125
2023-03-29,SOX,^SOX,3157.110107421875
2023-03-30,SOX,^SOX,3208.260009765625
2023-03-31,SOX,^SOX,3230.860107421875
2023-04-03,SOX,^SOX,3200.429931640625
2023-04-04,SOX,^SOX,3142.5
2023-04-05,SOX,^SOX,3085.97998046875
2023-04-06,SOX,^SOX,3071.77001953125
2023-04-10,SOX,^SOX,3126.969970703125
2023-04-11,SOX,^SOX,3109.419921875
2023-04-12,SOX,^SOX,3052.52001953125
2023-04-13,SOX,^SOX,3074.93994140625
2023-04-14,SOX,^SOX,3070.449951171875
2023-04-17,SOX,^SOX,3066.679931640625
2023-04-18,SOX,^SOX,3077.719970703125
2023-04-19,SOX,^SOX,3046.3798828125
2023-04-20,SOX,^SOX,3046.280029296875
2023-04-21,SOX,^SOX,3021.43994140625
2023-04-24,SOX,^SOX,3007.510009765625
2023-04-25,SOX,^SOX,2906.2900390625
2023-04-26,SOX,^SOX,2922.989990234375
2023-04-27,SOX,^SOX,2941.590087890625
2023-04-28,SOX,^SOX,2994.969970703125
2023-05-01,SOX,^SOX,3019.090087890625
2023-05-02,SOX,^SOX,2996.860107421875
2023-05-03,SOX,^SOX,2957.3701171875
2023-05-04,SOX,^SOX,2941.6298828125
2023-05-05,SOX,^SOX,3007.68994140625
2023-05-08,SOX,^SOX,3024.409912109375
2023-05-09,SOX,^SOX,2967.840087890625
2023-05-10,SOX,^SOX,2997.510009765625
2023-05-11,SOX,^SOX,2978.719970703125
2023-05-12,SOX,^SOX,2972.85009765625
2023-05-15,SOX,^SOX,3052.639892578125
2023-05-16,SOX,^SOX,3048.7099609375
2023-05-17,SOX,^SOX,3124.679931640625
2023-05-18,SOX,^SOX,3223.489990234375
2023-05-19,SOX,^SOX,3203.489990234375
2023-05-22,SOX,^SOX,3215.0400390625
2023-05-23,SOX,^SOX,3177.43994140625
2023-05-24,SOX,^SOX,3124.090087890625
2023-05-25,SOX,^SOX,3336.719970703125
2023-05-26,SOX,^SOX,3545.669921875
2023-05-30,SOX,^SOX,3549.389892578125
2023-05-31,SOX,^SOX,3453.179931640625
2023-06-01,SOX,^SOX,3506.739990234375
2023-06-02,SOX,^SOX,3501.39990234375
2023-06-05,SOX,^SOX,3444.1201171875
2023-06-06,SOX,^SOX,3488.340087890625
2023-06-07,SOX,^SOX,3477.179931640625
2023-06-08,SOX,^SOX,3514.320068359375
2023-06-09,SOX,^SOX,3524.969970703125
2023-06-12,SOX,^SOX,3641.659912109375
2023-06-13,SOX,^SOX,3683.659912109375
2023-06-14,SOX,^SOX,3739.75
2023-06-15,SOX,^SOX,3708.06005859375
2023-06-16,SOX,^SOX,3673.139892578125
2023-06-20,SOX,^SOX,3647.56005859375
2023-06-21,SOX,^SOX,3549.72998046875
2023-06-22,SOX,^SOX,3569.8701171875
2023-06-23,SOX,^SOX,3506.7099609375
2023-06-26,SOX,^SOX,3515.77001953125
2023-06-27,SOX,^SOX,3642.409912109375
2023-06-28,SOX,^SOX,3609.47998046875
2023-06-29,SOX,^SOX,3614.179931640625
2023-06-30,SOX,^SOX,3673.06005859375
2023-07-03,SOX,^SOX,3703.6201171875
2023-07-05,SOX,^SOX,3622.320068359375
2023-07-06,SOX,^SOX,3577.489990234375
2023-07-07,SOX,^SOX,3577.72998046875
2023-07-10,SOX,^SOX,3651.60009765625
2023-07-11,SOX,^SOX,3653.530029296875
2023-07-12,SOX,^SOX,3721.469970703125
2023-07-13,SOX,^SOX,3797.1298828125
2023-07-14,SOX,^SOX,3750.409912109375
2023-07-17,SOX,^SOX,3837.31005859375
2023-07-18,SOX,^SOX,3842.360107421875
2023-07-19,SOX,^SOX,3801.659912109375
2023-07-20,SOX,^SOX,3663.85009765625
2023-07-21,SOX,^SOX,3698.85009765625
2023-07-24,SOX,^SOX,3692.320068359375
2023-07-25,SOX,^SOX,3755.27001953125
2023-07-26,SOX,^SOX,3699.3701171875
2023-07-27,SOX,^SOX,3768.27001953125
2023-07-28,SOX,^SOX,3851.760009765625
2023-07-31,SOX,^SOX,3861.6298828125
2023-08-01,SOX,^SOX,3858.2099609375
2023-08-02,SOX,^SOX,3711.60009765625
2023-08-03,SOX,^SOX,3708.080078125
2023-08-04,SOX,^SOX,3699.199951171875
2023-08-07,SOX,^SOX,3739.409912109375
2023-08-08,SOX,^SOX,3679.419921875
2023-08-09,SOX,^SOX,3610.47998046875
2023-08-10,SOX,^SOX,3597.02001953125
2023-08-11,SOX,^SOX,3514.550048828125
2023-08-14,SOX,^SOX,3615.449951171875
2023-08-15,SOX,^SOX,3553.9599609375
2023-08-16,SOX,^SOX,3480.080078125
2023-08-17,SOX,^SOX,3446.35009765625
2023-08-18,SOX,^SOX,3462.739990234375
2023-08-21,SOX,^SOX,3560.739990234375
2023-08-22,SOX,^SOX,3527.68994140625
2023-08-23,SOX,^SOX,3602.010009765625
2023-08-24,SOX,^SOX,3481.300048828125
2023-08-25,SOX,^SOX,3495.64990234375
2023-08-28,SOX,^SOX,3537.8701171875
2023-08-29,SOX,^SOX,3629.570068359375
2023-08-30,SOX,^SOX,3643.919921875
2023-08-31,SOX,^SOX,3670.929931640625
2023-09-01,SOX,^SOX,3682.840087890625
2023-09-05,SOX,^SOX,3683.7900390625
2023-09-06,SOX,^SOX,3654.4599609375
2023-09-07,SOX,^SOX,3582.110107421875
2023-09-08,SOX,^SOX,3565.989990234375
2023-09-11,SOX,^SOX,3569.22998046875
2023-09-12,SOX,^SOX,3541.090087890625
2023-09-13,SOX,^SOX,3560.4599609375
2023-09-14,SOX,^SOX,3584.22998046875
2023-09-15,SOX,^SOX,3476.389892578125
2023-09-18,SOX,^SOX,3492.469970703125
2023-09-19,SOX,^SOX,3459.02001953125
2023-09-20,SOX,^SOX,3398.81005859375
2023-09-21,SOX,^SOX,3338.85009765625
2023-09-22,SOX,^SOX,3365.2900390625
2023-09-25,SOX,^SOX,3389.4599609375
2023-09-26,SOX,^SOX,3329.6201171875
2023-09-27,SOX,^SOX,3361.409912109375
2023-09-28,SOX,^SOX,3420.989990234375
2023-09-29,SOX,^SOX,3434.2900390625
2023-10-02,SOX,^SOX,3448.85009765625
2023-10-03,SOX,^SOX,3376.580078125
2023-10-04,SOX,^SOX,3424.919921875
2023-10-05,SOX,^SOX,3406.97998046875
2023-10-06,SOX,^SOX,3475.2099609375
2023-10-09,SOX,^SOX,3467.35009765625
2023-10-10,SOX,^SOX,3512.070068359375
2023-10-11,SOX,^SOX,3537.830078125
2023-10-12,SOX,^SOX,3548.6201171875
2023-10-13,SOX,^SOX,3452.969970703125
2023-10-16,SOX,^SOX,3502.510009765625
2023-10-17,SOX,^SOX,3474.659912109375
2023-10-18,SOX,^SOX,3413.449951171875
2023-10-19,SOX,^SOX,3367.77001953125
2023-10-20,SOX,^SOX,3316.139892578125
2023-10-23,SOX,^SOX,3298.5400390625
2023-10-24,SOX,^SOX,3343.93994140625
2023-10-25,SOX,^SOX,3205.840087890625
2023-10-26,SOX,^SOX,3188.419921875
2023-10-27,SOX,^SOX,3227.090087890625
2023-10-30,SOX,^SOX,3185.179931640625
2023-10-31,SOX,^SOX,3215.889892578125
2023-11-01,SOX,^SOX,3290.949951171875
2023-11-02,SOX,^SOX,3368.5400390625
2023-11-03,SOX,^SOX,3454.570068359375
2023-11-06,SOX,^SOX,3444.889892578125
2023-11-07,SOX,^SOX,3471.4599609375
2023-11-08,SOX,^SOX,3472.669921875
2023-11-09,SOX,^SOX,3452.340087890625
2023-11-10,SOX,^SOX,3591.739990234375
2023-11-13,SOX,^SOX,3556.75
2023-11-14,SOX,^SOX,3685.570068359375
2023-11-15,SOX,^SOX,3712.090087890625
2023-11-16,SOX,^SOX,3724.10009765625
2023-11-17,SOX,^SOX,3748.64990234375
2023-11-20,SOX,^SOX,3805.81005859375
2023-11-21,SOX,^SOX,3732.7900390625
2023-11-22,SOX,^SOX,3744.9599609375
2023-11-24,SOX,^SOX,3747.929931640625
2023-11-27,SOX,^SOX,3739.31005859375
2023-11-28,SOX,^SOX,3718.35009765625
2023-11-29,SOX,^SOX,3753.360107421875
2023-11-30,SOX,^SOX,3724.580078125
2023-12-01,SOX,^SOX,3738.27001953125
2023-12-04,SOX,^SOX,3693.43994140625
2023-12-05,SOX,^SOX,3672.39990234375
2023-12-06,SOX,^SOX,3645.820068359375
2023-12-07,SOX,^SOX,3747.5400390625
2023-12-08,SOX,^SOX,3774.169921875
2023-12-11,SOX,^SOX,3902.389892578125
2023-12-12,SOX,^SOX,3930.179931640625
2023-12-13,SOX,^SOX,3990.949951171875
2023-12-14,SOX,^SOX,4097.47021484375
2023-12-15,SOX,^SOX,4117.0
2023-12-18,SOX,^SOX,4103.7900390625
2023-12-19,SOX,^SOX,4125.56005859375
2023-12-20,SOX,^SOX,4007.659912109375
2023-12-21,SOX,^SOX,4118.58984375
2023-12-22,SOX,^SOX,4132.85009765625
2023-12-26,SOX,^SOX,4207.4501953125
2023-12-27,SOX,^SOX,4214.58984375
2023-12-28,SOX,^SOX,4208.68017578125
2023-12-29,SOX,^SOX,4175.47021484375
2024-01-02,SOX,^SOX,4023.0400390625
2024-01-03,SOX,^SOX,3941.2099609375
2024-01-04,SOX,^SOX,3908.85009765625
2024-01-05,SOX,^SOX,3933.489990234375
2024-01-08,SOX,^SOX,4062.47998046875
2024-01-09,SOX,^SOX,4064.64990234375
2024-01-10,SOX,^SOX,4048.840087890625
2024-01-11,SOX,^SOX,4067.89990234375
2024-01-12,SOX,^SOX,4052.429931640625
2024-01-16,SOX,^SOX,4105.93994140625
2024-01-17,SOX,^SOX,4069.949951171875
2024-01-18,SOX,^SOX,4206.52001953125
2024-01-19,SOX,^SOX,4375.64990234375
2024-01-22,SOX,^SOX,4386.60009765625
2024-01-23,SOX,^SOX,4415.259765625
2024-01-24,SOX,^SOX,4483.330078125
2024-01-25,SOX,^SOX,4472.259765625
2024-01-26,SOX,^SOX,4342.10009765625
2024-01-29,SOX,^SOX,4388.27001953125
2024-01-30,SOX,^SOX,4319.990234375
2024-01-31,SOX,^SOX,4260.919921875
2024-02-01,SOX,^SOX,4280.47998046875
2024-02-02,SOX,^SOX,4336.72998046875
2024-02-05,SOX,^SOX,4388.10009765625
2024-02-06,SOX,^SOX,4338.27001953125
2024-02-07,SOX,^SOX,4408.72998046875
2024-02-08,SOX,^SOX,4478.009765625
2024-02-09,SOX,^SOX,4567.2998046875
2024-02-12,SOX,^SOX,4560.0400390625
2024-02-13,SOX,^SOX,4468.18017578125
2024-02-14,SOX,^SOX,4565.41015625
2024-02-15,SOX,^SOX,4558.10009765625
2024-02-16,SOX,^SOX,4527.68017578125
2024-02-20,SOX,^SOX,4456.8701171875
2024-02-21,SOX,^SOX,4446.35986328125
2024-02-22,SOX,^SOX,4667.3701171875
2024-02-23,SOX,^SOX,4615.02978515625
2024-02-26,SOX,^SOX,4663.47021484375
2024-02-27,SOX,^SOX,4654.89013671875
2024-02-28,SOX,^SOX,4602.60009765625
2024-02-29,SOX,^SOX,4726.919921875
2024-03-01,SOX,^SOX,4929.580078125
2024-03-04,SOX,^SOX,4981.97021484375
2024-03-05,SOX,^SOX,4879.830078125
2024-03-06,SOX,^SOX,4997.93017578125
2024-03-07,SOX,^SOX,5165.830078125
2024-03-08,SOX,^SOX,4957.77978515625
2024-03-11,SOX,^SOX,4890.2001953125
2024-03-12,SOX,^SOX,4992.509765625
2024-03-13,SOX,^SOX,4868.9501953125
2024-03-14,SOX,^SOX,4783.64990234375
2024-03-15,SOX,^SOX,4757.7099609375
2024-03-18,SOX,^SOX,4757.60009765625
2024-03-19,SOX,^SOX,4712.81005859375
2024-03-20,SOX,^SOX,4788.18017578125
2024-03-21,SOX,^SOX,4897.8798828125
2024-03-22,SOX,^SOX,4908.259765625
2024-03-25,SOX,^SOX,4891.490234375
2024-03-26,SOX,^SOX,4851.8798828125
2024-03-27,SOX,^SOX,4899.9501953125
2024-03-28,SOX,^SOX,4905.2099609375
2024-04-01,SOX,^SOX,4962.10009765625
2024-04-02,SOX,^SOX,4886.93994140625
2024-04-03,SOX,^SOX,4903.5
2024-04-04,SOX,^SOX,4756.06982421875
2024-04-05,SOX,^SOX,4819.1298828125
2024-04-08,SOX,^SOX,4825.39013671875
2024-04-09,SOX,^SOX,4870.81005859375
2024-04-10,SOX,^SOX,4790.35009765625
2024-04-11,SOX,^SOX,4906.3701171875
2024-04-12,SOX,^SOX,4745.0498046875
2024-04-15,SOX,^SOX,4679.10009765625
2024-04-16,SOX,^SOX,4720.52978515625
2024-04-17,SOX,^SOX,4567.31005859375
2024-04-18,SOX,^SOX,4491.7099609375
2024-04-19,SOX,^SOX,4306.8701171875
2024-04-22,SOX,^SOX,4381.919921875
2024-04-23,SOX,^SOX,4478.7998046875
2024-04-24,SOX,^SOX,4526.2001953125
2024-04-25,SOX,^SOX,4615.0400390625
2024-04-26,SOX,^SOX,4735.2900390625
2024-04-29,SOX,^SOX,4765.7900390625
2024-04-30,SOX,^SOX,4673.2998046875
2024-05-01,SOX,^SOX,4507.68017578125
2024-05-02,SOX,^SOX,4605.35009765625
2024-05-03,SOX,^SOX,4716.18994140625
2024-05-06,SOX,^SOX,4820.4501953125
2024-05-07,SOX,^SOX,4784.8798828125
2024-05-08,SOX,^SOX,4790.3798828125
2024-05-09,SOX,^SOX,4759.77001953125
2024-05-10,SOX,^SOX,4808.02978515625
2024-05-13,SOX,^SOX,4823.08984375
2024-05-14,SOX,^SOX,4903.93017578125
2024-05-15,SOX,^SOX,5045.080078125
2024-05-16,SOX,^SOX,5017.5400390625
2024-05-17,SOX,^SOX,4983.02001953125
2024-05-20,SOX,^SOX,5090.35009765625
2024-05-21,SOX,^SOX,5074.39990234375
2024-05-22,SOX,^SOX,5126.81005859375
2024-05-23,SOX,^SOX,5125.97998046875
2024-05-24,SOX,^SOX,5220.919921875
2024-05-28,SOX,^SOX,5317.8701171875
2024-05-29,SOX,^SOX,5219.31982421875
2024-05-30,SOX,^SOX,5173.259765625
2024-05-31,SOX,^SOX,5123.35986328125
2024-06-03,SOX,^SOX,5152.509765625
2024-06-04,SOX,^SOX,5116.27001953125
2024-06-05,SOX,^SOX,5347.43994140625
2024-06-06,SOX,^SOX,5301.68017578125
2024-06-07,SOX,^SOX,5287.240234375
2024-06-10,SOX,^SOX,5362.39990234375
2024-06-11,SOX,^SOX,5365.3798828125
2024-06-12,SOX,^SOX,5520.8701171875
2024-06-13,SOX,^SOX,5602.419921875
2024-06-14,SOX,^SOX,5598.31005859375
2024-06-17,SOX,^SOX,5688.10009765625
2024-06-18,SOX,^SOX,5765.1201171875
2024-06-20,SOX,^SOX,5610.009765625
2024-06-21,SOX,^SOX,5538.5400390625
2024-06-24,SOX,^SOX,5371.52001953125
2024-06-25,SOX,^SOX,5467.66015625
2024-06-26,SOX,^SOX,5452.31982421875
2024-06-27,SOX,^SOX,5421.08984375
2024-06-28,SOX,^SOX,5472.259765625
2024-07-01,SOX,^SOX,5477.14990234375
2024-07-02,SOX,^SOX,5544.990234375
2024-07-03,SOX,^SOX,5651.72021484375
2024-07-05,SOX,^SOX,5656.31005859375
2024-07-08,SOX,^SOX,5765.2099609375
2024-07-09,SOX,^SOX,5765.2001953125
2024-07-10,SOX,^SOX,5904.5400390625
2024-07-11,SOX,^SOX,5699.66015625
2024-07-12,SOX,^SOX,5775.18994140625
2024-07-15,SOX,^SOX,5777.7099609375
2024-07-16,SOX,^SOX,5804.02978515625
2024-07-17,SOX,^SOX,5408.7099609375
2024-07-18,SOX,^SOX,5436.419921875
2024-07-19,SOX,^SOX,5267.16015625
2024-07-22,SOX,^SOX,5477.830078125
2024-07-23,SOX,^SOX,5397.89990234375
2024-07-24,SOX,^SOX,5105.64990234375
2024-07-25,SOX,^SOX,5005.35986328125
2024-07-26,SOX,^SOX,5103.1298828125
2024-07-29,SOX,^SOX,5087.6201171875
2024-07-30,SOX,^SOX,4890.14990234375
2024-07-31,SOX,^SOX,5233.18017578125
2024-08-01,SOX,^SOX,4859.58984375
2024-08-02,SOX,^SOX,4607.759765625
2024-08-05,SOX,^SOX,4519.4501953125
2024-08-06,SOX,^SOX,4567.56982421875
2024-08-07,SOX,^SOX,4426.27001953125
2024-08-08,SOX,^SOX,4730.009765625
2024-08-09,SOX,^SOX,4709.4501953125
2024-08-12,SOX,^SOX,4743.81982421875
2024-08-13,SOX,^SOX,4942.31005859375
2024-08-14,SOX,^SOX,4933.35009765625
2024-08-15,SOX,^SOX,5173.3798828125
2024-08-16,SOX,^SOX,5170.25
2024-08-19,SOX,^SOX,5266.56982421875
2024-08-20,SOX,^SOX,5196.2998046875
2024-08-21,SOX,^SOX,5267.93017578125
2024-08-22,SOX,^SOX,5086.89990234375
2024-08-23,SOX,^SOX,5228.64990234375
2024-08-26,SOX,^SOX,5097.35009765625
2024-08-27,SOX,^SOX,5153.6298828125
2024-08-28,SOX,^SOX,5059.56005859375
2024-08-29,SOX,^SOX,5029.25
2024-08-30,SOX,^SOX,5158.81982421875
2024-09-03,SOX,^SOX,4759.0
2024-09-04,SOX,^SOX,4770.85009765625
2024-09-05,SOX,^SOX,4742.419921875
2024-09-06,SOX,^SOX,4528.22021484375
2024-09-09,SOX,^SOX,4625.77978515625
2024-09-10,SOX,^SOX,4680.669921875
2024-09-11,SOX,^SOX,4910.169921875
2024-09-12,SOX,^SOX,4898.43994140625
2024-09-13,SOX,^SOX,4980.490234375
2024-09-16,SOX,^SOX,4910.43994140625
2024-09-17,SOX,^SOX,4912.10009765625
2024-09-18,SOX,^SOX,4859.2900390625
2024-09-19,SOX,^SOX,5066.64990234375
2024-09-20,SOX,^SOX,5000.06005859375
2024-09-23,SOX,^SOX,5025.81005859375
2024-09-24,SOX,^SOX,5091.77978515625
2024-09-25,SOX,^SOX,5132.52001953125
2024-09-26,SOX,^SOX,5310.5
2024-09-27,SOX,^SOX,5217.22998046875
2024-09-30,SOX,^SOX,5173.06005859375
2024-10-01,SOX,^SOX,5024.93994140625
2024-10-02,SOX,^SOX,5099.2001953125
2024-10-03,SOX,^SOX,5125.2099609375
2024-10-04,SOX,^SOX,5206.83984375
2024-10-07,SOX,^SOX,5196.7998046875
2024-10-08,SOX,^SOX,5266.10009765625
2024-10-09,SOX,^SOX,5321.89990234375
2024-10-10,SOX,^SOX,5293.93994140625
2024-10-11,SOX,^SOX,5335.93994140625
2024-10-14,SOX,^SOX,5432.2099609375
2024-10-15,SOX,^SOX,5145.2099609375
2024-10-16,SOX,^SOX,5155.85986328125
2024-10-17,SOX,^SOX,5204.81005859375
2024-10-18,SOX,^SOX,5208.6201171875
2024-10-21,SOX,^SOX,5215.2099609375
2024-10-22,SOX,^SOX,5190.7099609375
2024-10-23,SOX,^SOX,5131.3701171875
2024-10-24,SOX,^SOX,5157.60986328125
2024-10-25,SOX,^SOX,5212.830078125
2024-10-28,SOX,^SOX,5211.669921875
2024-10-29,SOX,^SOX,5332.169921875
2024-10-30,SOX,^SOX,5153.490234375
2024-10-31,SOX,^SOX,4946.75
2024-11-01,SOX,^SOX,5001.43017578125
2024-11-04,SOX,^SOX,4974.0
2024-11-05,SOX,^SOX,5057.830078125
2024-11-06,SOX,^SOX,5215.56982421875
2024-11-07,SOX,^SOX,5333.990234375
2024-11-08,SOX,^SOX,5290.52001953125
2024-11-11,SOX,^SOX,5156.39013671875
2024-11-12,SOX,^SOX,5108.64013671875
2024-11-13,SOX,^SOX,5006.2900390625
2024-11-14,SOX,^SOX,5004.58984375
2024-11-15,SOX,^SOX,4833.58984375
2024-11-18,SOX,^SOX,4888.77001953125
2024-11-19,SOX,^SOX,4919.16015625
2024-11-20,SOX,^SOX,4884.25
2024-11-21,SOX,^SOX,4963.0498046875
2024-11-22,SOX,^SOX,4955.7998046875
2024-11-25,SOX,^SOX,4987.919921875
2024-11-26,SOX,^SOX,4927.56005859375
2024-11-27,SOX,^SOX,4853.009765625
2024-11-29,SOX,^SOX,4926.56005859375
2024-12-02,SOX,^SOX,5055.31982421875
2024-12-03,SOX,^SOX,5035.85986328125
2024-12-04,SOX,^SOX,5121.77978515625
2024-12-05,SOX,^SOX,5026.3701171875
2024-12-06,SOX,^SOX,5061.2998046875
2024-12-09,SOX,^SOX,5018.83984375
2024-12-10,SOX,^SOX,4894.7001953125
2024-12-11,SOX,^SOX,5027.7998046875
2024-12-12,SOX,^SOX,4982.18994140625
2024-12-13,SOX,^SOX,5149.77978515625
2024-12-16,SOX,^SOX,5256.06005859375
2024-12-17,SOX,^SOX,5169.7900390625
2024-12-18,SOX,^SOX,4970.97998046875
2024-12-19,SOX,^SOX,4893.47021484375
2024-12-20,SOX,^SOX,4964.91015625
2024-12-23,SOX,^SOX,5118.75
2024-12-24,SOX,^SOX,5173.56005859375
2024-12-26,SOX,^SOX,5175.31005859375
2024-12-27,SOX,^SOX,5122.97021484375
2024-12-30,SOX,^SOX,5026.509765625
2024-12-31,SOX,^SOX,4979.93017578125
2025-01-02,SOX,^SOX,5021.5
2025-01-03,SOX,^SOX,5163.64990234375
2025-01-06,SOX,^SOX,5310.14013671875
2025-01-07,SOX,^SOX,5212.25
2025-01-08,SOX,^SOX,5162.35009765625
2025-01-10,SOX,^SOX,5037.47021484375
2025-01-13,SOX,^SOX,5020.0400390625
2025-01-14,SOX,^SOX,5045.9501953125
2025-01-15,SOX,^SOX,5153.669921875
2025-01-16,SOX,^SOX,5162.9599609375
2025-01-17,SOX,^SOX,5309.740234375
2025-01-21,SOX,^SOX,5378.5
2025-01-22,SOX,^SOX,5469.2900390625
2025-01-23,SOX,^SOX,5444.68994140625
2025-01-24,SOX,^SOX,5341.93994140625
2025-01-27,SOX,^SOX,4853.240234375
2025-01-28,SOX,^SOX,4907.02978515625
2025-01-29,SOX,^SOX,4918.10009765625
2025-01-30,SOX,^SOX,5030.52978515625
2025-01-31,SOX,^SOX,5015.85009765625
2025-02-03,SOX,^SOX,4924.81005859375
2025-02-04,SOX,^SOX,4976.58984375
2025-02-05,SOX,^SOX,5091.5
2025-02-06,SOX,^SOX,5092.58984375
2025-02-07,SOX,^SOX,5009.33984375
2025-02-10,SOX,^SOX,5082.669921875
2025-02-11,SOX,^SOX,5079.97021484375
2025-02-12,SOX,^SOX,5090.7900390625
2025-02-13,SOX,^SOX,5156.39013671875
2025-02-14,SOX,^SOX,5160.93994140625
2025-02-18,SOX,^SOX,5247.85986328125
2025-02-19,SOX,^SOX,5309.68994140625
2025-02-20,SOX,^SOX,5310.6298828125
2025-02-21,SOX,^SOX,5136.58984375
2025-02-24,SOX,^SOX,5003.5400390625
2025-02-25,SOX,^SOX,4888.8798828125
2025-02-26,SOX,^SOX,4990.81982421875
2025-02-27,SOX,^SOX,4686.75
2025-02-28,SOX,^SOX,4766.75
2025-03-03,SOX,^SOX,4575.3701171875
2025-03-04,SOX,^SOX,4604.509765625
2025-03-05,SOX,^SOX,4700.7900390625
2025-03-06,SOX,^SOX,4487.85009765625
2025-03-07,SOX,^SOX,4629.58984375
2025-03-10,SOX,^SOX,4405.08984375
2025-03-11,SOX,^SOX,4374.06982421875
2025-03-12,SOX,^SOX,4481.02001953125
2025-03-13,SOX,^SOX,4453.240234375
2025-03-14,SOX,^SOX,4598.7900390625
2025-03-17,SOX,^SOX,4663.97021484375
2025-03-18,SOX,^SOX,4589.02978515625
2025-03-19,SOX,^SOX,4634.52978515625
2025-03-20,SOX,^SOX,4601.3701171875
2025-03-21,SOX,^SOX,4557.9501953125
2025-03-24,SOX,^SOX,4694.22021484375
2025-03-25,SOX,^SOX,4661.33984375
2025-03-26,SOX,^SOX,4508.740234375
2025-03-27,SOX,^SOX,4415.25
2025-03-28,SOX,^SOX,4284.91015625
2025-03-31,SOX,^SOX,4270.43017578125
2025-04-01,SOX,^SOX,4282.4599609375
2025-04-02,SOX,^SOX,4320.75
2025-04-03,SOX,^SOX,3893.68994140625
2025-04-04,SOX,^SOX,3597.659912109375
2025-04-07,SOX,^SOX,3694.949951171875
2025-04-08,SOX,^SOX,3562.93994140625
2025-04-09,SOX,^SOX,4230.4501953125
2025-04-10,SOX,^SOX,3893.300048828125
2025-04-11,SOX,^SOX,3990.89990234375
2025-04-14,SOX,^SOX,4003.219970703125
2025-04-15,SOX,^SOX,4021.889892578125
2025-04-16,SOX,^SOX,3857.169921875
2025-04-17,SOX,^SOX,3832.469970703125
2025-04-21,SOX,^SOX,3751.909912109375
2025-04-22,SOX,^SOX,3832.050048828125
2025-04-23,SOX,^SOX,3983.919921875
2025-04-24,SOX,^SOX,4208.18994140625
2025-04-25,SOX,^SOX,4251.60986328125
2025-04-28,SOX,^SOX,4235.6201171875
2025-04-29,SOX,^SOX,4196.75
2025-04-30,SOX,^SOX,4230.08984375
2025-05-01,SOX,^SOX,4247.66015625
2025-05-02,SOX,^SOX,4397.0498046875
2025-05-05,SOX,^SOX,4356.18017578125
2025-05-06,SOX,^SOX,4311.2001953125
2025-05-07,SOX,^SOX,4386.35986328125
2025-05-08,SOX,^SOX,4430.43994140625
2025-05-09,SOX,^SOX,4466.5
2025-05-12,SOX,^SOX,4780.93017578125
2025-05-13,SOX,^SOX,4931.35009765625
2025-05-14,SOX,^SOX,4960.72998046875
2025-05-15,SOX,^SOX,4932.4501953125
2025-05-16,SOX,^SOX,4922.18994140625
2025-05-19,SOX,^SOX,4897.7099609375
2025-05-20,SOX,^SOX,4890.77978515625
2025-05-21,SOX,^SOX,4802.7099609375
2025-05-22,SOX,^SOX,4775.47021484375
2025-05-23,SOX,^SOX,4702.3798828125
2025-05-27,SOX,^SOX,4861.08984375
2025-05-28,SOX,^SOX,4834.419921875
2025-05-29,SOX,^SOX,4860.47998046875
2025-05-30,SOX,^SOX,4758.06005859375
2025-06-02,SOX,^SOX,4832.7900390625
2025-06-03,SOX,^SOX,4964.41015625
2025-06-04,SOX,^SOX,5033.35009765625
2025-06-05,SOX,^SOX,5010.919921875
2025-06-06,SOX,^SOX,5038.06005859375
2025-06-09,SOX,^SOX,5136.66015625
2025-06-10,SOX,^SOX,5242.5
2025-06-11,SOX,^SOX,5232.52978515625
2025-06-12,SOX,^SOX,5249.14990234375
2025-06-13,SOX,^SOX,5112.240234375
2025-06-16,SOX,^SOX,5267.2998046875
2025-06-17,SOX,^SOX,5223.64990234375
2025-06-18,SOX,^SOX,5251.02001953125
2025-06-20,SOX,^SOX,5211.47998046875
2025-06-23,SOX,^SOX,5244.2998046875
2025-06-24,SOX,^SOX,5441.8701171875
2025-06-25,SOX,^SOX,5493.2998046875
2025-06-26,SOX,^SOX,5541.4599609375
2025-06-27,SOX,^SOX,5544.990234375
2025-06-30,SOX,^SOX,5546.5400390625
2025-07-01,SOX,^SOX,5507.5
2025-07-02,SOX,^SOX,5611.0498046875
2025-07-03,SOX,^SOX,5647.1201171875
2025-07-07,SOX,^SOX,5541.2001953125
2025-07-08,SOX,^SOX,5641.22021484375
2025-07-09,SOX,^SOX,5665.990234375
2025-07-10,SOX,^SOX,5708.27978515625
2025-07-11,SOX,^SOX,5696.2900390625
2025-07-14,SOX,^SOX,5646.72021484375
2025-07-15,SOX,^SOX,5718.60986328125
2025-07-16,SOX,^SOX,5696.2099609375
2025-07-17,SOX,^SOX,5737.64013671875
2025-07-18,SOX,^SOX,5732.6201171875
2025-07-21,SOX,^SOX,5739.419921875
2025-07-22,SOX,^SOX,5638.7099609375
2025-07-23,SOX,^SOX,5637.7900390625
2025-07-24,SOX,^SOX,5644.3701171875
2025-07-25,SOX,^SOX,5645.85986328125
2025-07-28,SOX,^SOX,5737.10009765625
2025-07-29,SOX,^SOX,5739.7900390625
2025-07-30,SOX,^SOX,5787.31982421875
2025-07-31,SOX,^SOX,5607.919921875
2025-08-01,SOX,^SOX,5527.60986328125
2025-08-04,SOX,^SOX,5624.41015625
2025-08-05,SOX,^SOX,5561.68994140625
2025-08-06,SOX,^SOX,5550.2998046875
2025-08-07,SOX,^SOX,5633.7001953125
2025-08-08,SOX,^SOX,5678.02001953125
2025-08-11,SOX,^SOX,5670.3701171875
2025-08-12,SOX,^SOX,5840.08984375
2025-08-13,SOX,^SOX,5892.60986328125
2025-08-14,SOX,^SOX,5885.490234375
2025-08-15,SOX,^SOX,5752.740234375
2025-08-18,SOX,^SOX,5776.31005859375
2025-08-19,SOX,^SOX,5671.509765625
2025-08-20,SOX,^SOX,5630.81982421875
2025-08-21,SOX,^SOX,5603.259765625
2025-08-22,SOX,^SOX,5754.4599609375
2025-08-25,SOX,^SOX,5756.2998046875
2025-08-26,SOX,^SOX,5807.919921875
2025-08-27,SOX,^SOX,5824.60986328125
2025-08-28,SOX,^SOX,5853.0498046875
2025-08-29,SOX,^SOX,5668.93994140625
2025-09-02,SOX,^SOX,5605.4599609375
2025-09-03,SOX,^SOX,5592.81982421875
2025-09-04,SOX,^SOX,5667.85986328125
2025-09-05,SOX,^SOX,5761.39990234375
2025-09-08,SOX,^SOX,5809.60986328125
2025-09-09,SOX,^SOX,5819.830078125
2025-09-10,SOX,^SOX,5958.08984375
2025-09-11,SOX,^SOX,5995.39013671875
2025-09-12,SOX,^SOX,6001.740234375
2025-09-15,SOX,^SOX,6059.830078125
2025-09-16,SOX,^SOX,6079.22021484375
2025-09-17,SOX,^SOX,6060.22021484375
2025-09-18,SOX,^SOX,6278.16015625
2025-09-19,SOX,^SOX,6232.25
2025-09-22,SOX,^SOX,6330.1201171875
2025-09-23,SOX,^SOX,6308.2099609375
2025-09-24,SOX,^SOX,6297.0
2025-09-25,SOX,^SOX,6284.669921875
2025-09-26,SOX,^SOX,6305.0498046875
2025-09-29,SOX,^SOX,6315.10986328125
2025-09-30,SOX,^SOX,6369.81982421875
2025-10-01,SOX,^SOX,6500.27978515625
2025-10-02,SOX,^SOX,6626.3798828125
2025-10-03,SOX,^SOX,6583.740234375
2025-10-06,SOX,^SOX,6774.06005859375
2025-10-07,SOX,^SOX,6634.759765625
2025-10-08,SOX,^SOX,6860.2001953125
2025-10-09,SOX,^SOX,6840.2001953125
2025-10-10,SOX,^SOX,6407.60009765625
2025-10-13,SOX,^SOX,6723.47021484375
2025-10-14,SOX,^SOX,6570.330078125
2025-10-15,SOX,^SOX,6767.06005859375
2025-10-16,SOX,^SOX,6800.02001953125
2025-10-17,SOX,^SOX,6777.97998046875
2025-10-20,SOX,^SOX,6885.02978515625
2025-10-21,SOX,^SOX,6839.27001953125
2025-10-22,SOX,^SOX,6677.56982421875
2025-10-23,SOX,^SOX,6847.39013671875
2025-10-24,SOX,^SOX,6976.93994140625
2025-10-27,SOX,^SOX,7167.97998046875
2025-10-28,SOX,^SOX,7194.7099609375
2025-10-29,SOX,^SOX,7327.93017578125
2025-10-30,SOX,^SOX,7216.0
2025-10-31,SOX,^SOX,7228.66015625
2025-11-03,SOX,^SOX,7270.97021484375
2025-11-04,SOX,^SOX,6979.56982421875
2025-11-05,SOX,^SOX,7190.27001953125
2025-11-06,SOX,^SOX,7018.39013671875
2025-11-07,SOX,^SOX,6947.35986328125
2025-11-10,SOX,^SOX,7156.9501953125
2025-11-11,SOX,^SOX,6979.7001953125
2025-11-12,SOX,^SOX,7082.1298828125
2025-11-13,SOX,^SOX,6818.740234375
2025-11-14,SOX,^SOX,6811.2001953125
2025-11-17,SOX,^SOX,6705.740234375
2025-11-18,SOX,^SOX,6551.02978515625
2025-11-19,SOX,^SOX,6670.02978515625
2025-11-20,SOX,^SOX,6352.06982421875
2025-11-21,SOX,^SOX,6406.43017578125
2025-11-24,SOX,^SOX,6703.2001953125
2025-11-25,SOX,^SOX,6714.18017578125
2025-11-26,SOX,^SOX,6899.4599609375
2025-11-28,SOX,^SOX,7025.14990234375
2025-12-01,SOX,^SOX,7020.52978515625
2025-12-02,SOX,^SOX,7149.47021484375
2025-12-03,SOX,^SOX,7280.509765625
2025-12-04,SOX,^SOX,7215.97021484375
2025-12-05,SOX,^SOX,7294.83984375
2025-12-08,SOX,^SOX,7375.22021484375
2025-12-09,SOX,^SOX,7372.509765625
2025-12-10,SOX,^SOX,7467.490234375
2025-12-11,SOX,^SOX,7411.47998046875
2025-12-12,SOX,^SOX,7033.56982421875
2025-12-15,SOX,^SOX,6990.41015625
2025-12-16,SOX,^SOX,6958.43994140625
2025-12-17,SOX,^SOX,6695.31005859375
2025-12-18,SOX,^SOX,6863.6298828125
2025-12-19,SOX,^SOX,7067.8701171875
2025-12-22,SOX,^SOX,7145.56982421875
2025-12-23,SOX,^SOX,7184.5400390625
2025-12-24,SOX,^SOX,7204.3701171875
2025-12-26,SOX,^SOX,7207.64013671875
2025-12-29,SOX,^SOX,7178.27001953125
2025-12-30,SOX,^SOX,7169.10009765625
2025-12-31,SOX,^SOX,7083.1298828125
2026-01-02,SOX,^SOX,7367.47021484375
2026-01-05,SOX,^SOX,7446.4501953125
2026-01-06,SOX,^SOX,7650.93017578125
2026-01-07,SOX,^SOX,7574.8701171875
2026-01-08,SOX,^SOX,7436.10009765625
2026-01-09,SOX,^SOX,7638.77978515625
2026-01-12,SOX,^SOX,7674.83984375
2026-01-13,SOX,^SOX,7747.990234375
2026-01-14,SOX,^SOX,7701.47021484375
2026-01-15,SOX,^SOX,7837.2998046875
2026-01-16,SOX,^SOX,7927.41015625
2026-01-20,SOX,^SOX,7794.18994140625
2026-01-21,SOX,^SOX,8042.06982421875
2026-01-22,SOX,^SOX,8055.169921875
2026-01-23,SOX,^SOX,7957.93017578125
2026-01-26,SOX,^SOX,7927.0400390625
2026-01-27,SOX,^SOX,8117.18017578125
2026-01-28,SOX,^SOX,8306.740234375
2026-01-29,SOX,^SOX,8320.3896484375
2026-01-30,SOX,^SOX,7998.47021484375
2026-02-02,SOX,^SOX,8134.490234375
2026-02-03,SOX,^SOX,7966.330078125
2026-02-04,SOX,^SOX,7619.16015625
2026-02-05,SOX,^SOX,7614.64013671875
2026-02-06,SOX,^SOX,8048.6201171875
2026-02-09,SOX,^SOX,8162.580078125
2026-02-10,SOX,^SOX,8107.1298828125
2026-02-11,SOX,^SOX,8291.8603515625
2026-02-12,SOX,^SOX,8084.7001953125
2026-02-13,SOX,^SOX,8137.85986328125
2026-02-17,SOX,^SOX,8136.0498046875
2026-02-18,SOX,^SOX,8214.349609375
2026-02-19,SOX,^SOX,8173.2998046875
2026-02-20,SOX,^SOX,8260.419921875
2026-02-23,SOX,^SOX,8213.4599609375
2026-02-24,SOX,^SOX,8332.33984375
2026-02-25,SOX,^SOX,8467.4296875
2026-02-26,SOX,^SOX,8197.259765625
2026-02-27,SOX,^SOX,8098.3701171875
2026-03-02,SOX,^SOX,8137.35986328125
2026-03-03,SOX,^SOX,7764.8798828125
2026-03-04,SOX,^SOX,7914.47998046875
2026-03-05,SOX,^SOX,7821.759765625
2026-03-06,SOX,^SOX,7514.740234375
2026-03-09,SOX,^SOX,7810.39990234375
2026-03-10,SOX,^SOX,7865.1201171875
2026-03-11,SOX,^SOX,7914.56982421875
2026-03-12,SOX,^SOX,7643.169921875
2026-03-13,SOX,^SOX,7646.64013671875
2026-03-16,SOX,^SOX,7796.240234375
2026-03-17,SOX,^SOX,7836.830078125
2026-03-18,SOX,^SOX,7795.1298828125
2026-03-19,SOX,^SOX,7863.2998046875
2026-03-20,SOX,^SOX,7670.60986328125
2026-03-23,SOX,^SOX,7773.1298828125
2026-03-24,SOX,^SOX,7872.7099609375
2026-03-25,SOX,^SOX,7967.75
2026-03-26,SOX,^SOX,7585.8701171875
2026-03-27,SOX,^SOX,7457.669921875
2026-03-30,SOX,^SOX,7142.330078125
2026-03-31,SOX,^SOX,7588.2001953125
